timestamp,open,high,low,close,volume
2026-07-14T19:21:00+00:00,2977.0,2977.3,2976.6,2976.9,76
2026-07-14T19:22:00+00:00,2977.1,2977.9,2977.1,2977.7,48
2026-07-14T19:23:00+00:00,2977.7,2978.3,2977.7,2978.1,37
2026-07-14T19:24:00+00:00,2978.0,2979.0,2978.0,2979.0,40
2026-07-14T19:25:00+00:00,2978.9,2979.2,2978.5,2978.9,133
2026-07-14T19:26:00+00:00,2978.9,2979.5,2978.5,2979.0,61
2026-07-14T19:27:00+00:00,2979.0,2979.1,2978.5,2979.1,42
2026-07-14T19:28:00+00:00,2978.7,2978.8,2978.5,2978.5,37
2026-07-14T19:29:00+00:00,2978.4,2978.6,2977.6,2977.7,54
2026-07-14T19:30:00+00:00,2977.6,2977.9,2975.7,2975.9,1187
2026-07-14T19:31:00+00:00,2975.9,2976.5,2974.7,2976.2,191
2026-07-14T19:32:00+00:00,2976.4,2976.5,2975.0,2975.4,104
2026-07-14T19:33:00+00:00,2975.6,2976.8,2974.8,2976.5,192
2026-07-14T19:34:00+00:00,2976.5,2977.2,2976.2,2976.3,122
2026-07-14T19:35:00+00:00,2976.4,2976.8,2975.9,2976.7,80
2026-07-14T19:36:00+00:00,2976.8,2978.0,2976.5,2977.9,154
2026-07-14T19:37:00+00:00,2978.0,2978.1,2977.2,2977.4,93
2026-07-14T19:38:00+00:00,2977.4,2977.8,2976.4,2976.5,46
2026-07-14T19:39:00+00:00,2976.5,2977.4,2976.5,2977.2,36
2026-07-14T19:40:00+00:00,2977.1,2977.6,2976.6,2977.3,58
2026-07-14T19:41:00+00:00,2977.2,2977.7,2977.2,2977.6,47
2026-07-14T19:42:00+00:00,2977.7,2978.4,2977.7,2978.4,37
2026-07-14T19:43:00+00:00,2978.3,2979.0,2978.1,2979.0,81
2026-07-14T19:44:00+00:00,2978.8,2979.6,2978.8,2979.3,111
2026-07-14T19:45:00+00:00,2979.3,2981.2,2979.3,2981.0,174
2026-07-14T19:46:00+00:00,2980.9,2981.0,2980.1,2980.1,92
2026-07-14T19:47:00+00:00,2980.1,2980.3,2979.8,2979.8,41
2026-07-14T19:48:00+00:00,2979.7,2980.2,2979.6,2979.9,104
2026-07-14T19:49:00+00:00,2980.0,2980.4,2980.0,2980.3,64
2026-07-14T19:50:00+00:00,2980.2,2980.3,2978.3,2978.4,313
2026-07-14T19:51:00+00:00,2978.2,2978.3,2977.5,2977.9,96
2026-07-14T19:52:00+00:00,2978.2,2978.5,2977.8,2977.8,63
2026-07-14T19:53:00+00:00,2978.2,2978.6,2978.0,2978.5,52
2026-07-14T19:54:00+00:00,2978.3,2979.1,2978.2,2978.6,233
2026-07-14T19:55:00+00:00,2978.5,2979.5,2977.8,2978.8,208
2026-07-14T19:56:00+00:00,2979.2,2980.7,2979.2,2980.6,132
2026-07-14T19:57:00+00:00,2980.5,2981.1,2980.2,2980.6,83
2026-07-14T19:58:00+00:00,2980.5,2980.5,2979.2,2979.4,120
2026-07-14T19:59:00+00:00,2979.5,2980.7,2979.1,2979.7,1116
2026-07-14T20:00:00+00:00,2979.7,2980.9,2978.8,2979.1,491
2026-07-14T20:01:00+00:00,2979.3,2979.9,2978.5,2979.9,194
2026-07-14T20:02:00+00:00,2979.9,2980.1,2979.5,2979.8,32
2026-07-14T20:03:00+00:00,2980.2,2980.7,2979.7,2980.3,80
2026-07-14T20:04:00+00:00,2980.7,2980.8,2979.7,2979.7,18
2026-07-14T20:05:00+00:00,2979.6,2981.4,2979.5,2981.3,84
2026-07-14T20:06:00+00:00,2981.4,2982.0,2981.3,2981.8,72
2026-07-14T20:07:00+00:00,2982.0,2982.1,2981.4,2981.6,49
2026-07-14T20:08:00+00:00,2981.4,2981.4,2980.7,2980.7,41
2026-07-14T20:09:00+00:00,2980.7,2980.8,2980.5,2980.7,21
2026-07-14T20:10:00+00:00,2980.3,2980.4,2979.5,2979.5,39
2026-07-14T20:11:00+00:00,2979.5,2979.7,2979.1,2979.7,51
2026-07-14T20:12:00+00:00,2979.1,2979.2,2978.7,2978.9,31
2026-07-14T20:13:00+00:00,2979.6,2979.7,2979.3,2979.3,45
2026-07-14T20:14:00+00:00,2979.3,2979.4,2979.0,2979.0,22
2026-07-14T20:15:00+00:00,2979.5,2979.9,2979.0,2979.3,46
2026-07-14T20:16:00+00:00,2979.5,2979.6,2978.9,2979.0,37
2026-07-14T20:17:00+00:00,2979.2,2979.3,2978.6,2978.7,16
2026-07-14T20:18:00+00:00,2978.6,2978.7,2978.2,2978.5,57
2026-07-14T20:19:00+00:00,2978.6,2978.6,2978.4,2978.4,12
2026-07-14T20:20:00+00:00,2978.4,2978.4,2977.5,2977.5,35
2026-07-14T20:21:00+00:00,2977.5,2977.5,2977.2,2977.4,19
2026-07-14T20:22:00+00:00,2977.4,2977.6,2977.0,2977.5,88
2026-07-14T20:23:00+00:00,2977.5,2977.5,2977.2,2977.3,17
2026-07-14T20:24:00+00:00,2977.4,2977.9,2977.4,2977.9,13
2026-07-14T20:25:00+00:00,2977.9,2978.4,2977.9,2978.2,19
2026-07-14T20:26:00+00:00,2978.0,2978.6,2977.7,2978.6,11
2026-07-14T20:27:00+00:00,2978.1,2978.1,2977.3,2977.5,25
2026-07-14T20:28:00+00:00,2977.6,2977.7,2977.5,2977.5,7
2026-07-14T20:29:00+00:00,2977.8,2977.8,2977.5,2977.7,16
2026-07-14T20:30:00+00:00,2977.7,2977.9,2977.3,2977.5,27
2026-07-14T20:31:00+00:00,2977.7,2978.2,2977.7,2978.2,30
2026-07-14T20:32:00+00:00,2978.1,2978.3,2978.1,2978.1,11
2026-07-14T20:33:00+00:00,2978.1,2978.1,2978.0,2978.1,4
2026-07-14T20:34:00+00:00,2977.8,2978.1,2977.8,2978.1,5
2026-07-14T20:35:00+00:00,2978.2,2978.4,2978.1,2978.1,18
2026-07-14T20:36:00+00:00,2978.6,2978.8,2978.6,2978.8,7
2026-07-14T20:37:00+00:00,2978.5,2978.9,2978.5,2978.9,14
2026-07-14T20:38:00+00:00,2978.9,2979.1,2978.8,2978.9,10
2026-07-14T20:39:00+00:00,2978.9,2979.2,2978.9,2979.2,7
2026-07-14T20:41:00+00:00,2979.1,2979.6,2979.0,2979.2,39
2026-07-14T20:42:00+00:00,2979.5,2979.6,2979.3,2979.4,11
2026-07-14T20:43:00+00:00,2979.4,2979.6,2979.4,2979.4,31
2026-07-14T20:44:00+00:00,2979.7,2980.0,2979.5,2980.0,9
2026-07-14T20:45:00+00:00,2979.7,2980.0,2979.7,2979.9,21
2026-07-14T20:46:00+00:00,2979.8,2980.1,2979.8,2980.1,3
2026-07-14T20:47:00+00:00,2979.9,2979.9,2979.9,2979.9,1
2026-07-14T20:48:00+00:00,2979.4,2979.6,2979.4,2979.4,13
2026-07-14T20:49:00+00:00,2979.3,2979.4,2979.0,2979.0,30
2026-07-14T20:50:00+00:00,2979.3,2979.5,2979.1,2979.1,30
2026-07-14T20:51:00+00:00,2979.2,2979.4,2979.2,2979.4,25
2026-07-14T20:52:00+00:00,2979.7,2979.7,2979.1,2979.5,60
2026-07-14T20:53:00+00:00,2979.6,2979.6,2979.4,2979.6,27
2026-07-14T20:54:00+00:00,2980.0,2980.0,2980.0,2980.0,4
2026-07-14T20:55:00+00:00,2979.9,2980.2,2979.8,2980.1,37
2026-07-14T20:56:00+00:00,2980.1,2980.2,2979.9,2980.2,25
2026-07-14T20:57:00+00:00,2980.3,2980.6,2980.1,2980.5,34
2026-07-14T20:58:00+00:00,2980.5,2981.2,2980.3,2981.2,27
2026-07-14T20:59:00+00:00,2981.1,2981.3,2980.9,2981.1,42
2026-07-14T22:00:00+00:00,2982.0,2982.0,2980.0,2981.2,46
2026-07-14T22:01:00+00:00,2980.6,2980.8,2979.6,2979.6,34
2026-07-14T22:02:00+00:00,2979.4,2979.9,2978.9,2978.9,30
2026-07-14T22:03:00+00:00,2979.3,2979.7,2979.3,2979.7,2
2026-07-14T22:04:00+00:00,2979.4,2979.4,2979.0,2979.2,11
2026-07-14T22:05:00+00:00,2979.1,2979.4,2978.3,2978.4,14
2026-07-14T22:06:00+00:00,2978.1,2978.5,2977.7,2978.0,25
2026-07-14T22:07:00+00:00,2977.9,2978.1,2977.7,2977.9,10
2026-07-14T22:08:00+00:00,2978.1,2978.2,2977.5,2977.5,9
2026-07-14T22:09:00+00:00,2977.5,2977.5,2976.9,2977.4,13
2026-07-14T22:10:00+00:00,2977.6,2977.7,2976.0,2976.3,64
2026-07-14T22:11:00+00:00,2976.3,2976.3,2974.9,2975.7,51
2026-07-14T22:12:00+00:00,2976.1,2976.1,2975.0,2975.0,15
2026-07-14T22:13:00+00:00,2974.9,2975.5,2974.7,2975.3,107
2026-07-14T22:14:00+00:00,2975.2,2975.4,2974.5,2974.9,25
2026-07-14T22:15:00+00:00,2975.0,2975.8,2975.0,2975.7,13
2026-07-14T22:16:00+00:00,2975.9,2977.2,2975.9,2977.2,27
2026-07-14T22:17:00+00:00,2976.9,2976.9,2976.5,2976.5,5
2026-07-14T22:18:00+00:00,2976.5,2977.0,2976.5,2977.0,5
2026-07-14T22:19:00+00:00,2977.1,2977.8,2977.0,2977.8,9
2026-07-14T22:20:00+00:00,2977.8,2978.5,2977.7,2978.4,15
2026-07-14T22:21:00+00:00,2978.5,2978.9,2978.4,2978.4,24
2026-07-14T22:22:00+00:00,2978.6,2979.0,2978.4,2978.7,9
2026-07-14T22:23:00+00:00,2978.8,2979.6,2978.8,2979.4,18
2026-07-14T22:24:00+00:00,2979.6,2980.0,2979.6,2979.9,23
2026-07-14T22:25:00+00:00,2980.1,2980.1,2979.1,2979.1,19
2026-07-14T22:26:00+00:00,2979.0,2979.1,2979.0,2979.1,6
2026-07-14T22:27:00+00:00,2978.9,2978.9,2978.6,2978.9,10
2026-07-14T22:28:00+00:00,2979.3,2979.3,2979.3,2979.3,1
2026-07-14T22:29:00+00:00,2979.1,2979.1,2979.1,2979.1,4
2026-07-14T22:30:00+00:00,2979.2,2979.5,2979.2,2979.5,12
2026-07-14T22:31:00+00:00,2979.7,2979.9,2979.6,2979.9,11
2026-07-14T22:32:00+00:00,2980.3,2980.9,2980.3,2980.4,21
2026-07-14T22:33:00+00:00,2980.1,2980.3,2979.7,2979.7,13
2026-07-14T22:34:00+00:00,2980.0,2980.1,2980.0,2980.1,3
2026-07-14T22:35:00+00:00,2980.0,2980.1,2980.0,2980.1,2
2026-07-14T22:36:00+00:00,2980.0,2980.3,2980.0,2980.1,8
2026-07-14T22:37:00+00:00,2979.8,2980.1,2979.8,2980.0,4
2026-07-14T22:38:00+00:00,2979.9,2980.2,2979.9,2979.9,10
2026-07-14T22:39:00+00:00,2980.0,2980.3,2980.0,2980.2,28
2026-07-14T22:40:00+00:00,2980.3,2980.5,2980.3,2980.5,9
2026-07-14T22:41:00+00:00,2980.5,2980.5,2980.3,2980.3,11
2026-07-14T22:42:00+00:00,2980.3,2980.7,2980.1,2980.1,7
2026-07-14T22:43:00+00:00,2980.1,2980.2,2980.1,2980.1,7
2026-07-14T22:44:00+00:00,2980.5,2980.5,2980.1,2980.1,6
2026-07-14T22:45:00+00:00,2980.1,2980.2,2980.1,2980.2,6
2026-07-14T22:46:00+00:00,2979.6,2979.6,2979.4,2979.4,8
2026-07-14T22:47:00+00:00,2979.4,2979.9,2978.9,2978.9,29
2026-07-14T22:48:00+00:00,2979.3,2979.3,2979.1,2979.1,6
2026-07-14T22:49:00+00:00,2979.0,2979.0,2979.0,2979.0,4
2026-07-14T22:50:00+00:00,2979.1,2979.1,2979.1,2979.1,5
2026-07-14T22:51:00+00:00,2979.0,2979.0,2978.2,2978.4,38
2026-07-14T22:52:00+00:00,2978.5,2978.5,2978.2,2978.2,9
2026-07-14T22:53:00+00:00,2978.2,2978.7,2978.2,2978.7,4
2026-07-14T22:54:00+00:00,2978.7,2978.8,2978.5,2978.5,12
2026-07-14T22:55:00+00:00,2978.5,2978.5,2978.5,2978.5,1
2026-07-14T22:56:00+00:00,2978.3,2978.3,2978.2,2978.2,6
2026-07-14T22:57:00+00:00,2978.5,2978.6,2978.5,2978.6,2
2026-07-14T22:59:00+00:00,2978.9,2979.4,2978.7,2979.4,26
2026-07-14T23:00:00+00:00,2979.1,2979.1,2978.8,2978.8,3
2026-07-14T23:01:00+00:00,2979.1,2979.5,2978.5,2978.5,18
2026-07-14T23:02:00+00:00,2978.7,2978.7,2978.4,2978.5,4
2026-07-14T23:03:00+00:00,2978.6,2979.6,2978.6,2979.6,6
2026-07-14T23:04:00+00:00,2979.7,2979.7,2979.2,2979.3,10
2026-07-14T23:05:00+00:00,2979.5,2979.5,2979.5,2979.5,1
2026-07-14T23:06:00+00:00,2979.7,2979.7,2979.5,2979.6,8
2026-07-14T23:07:00+00:00,2979.6,2979.6,2979.5,2979.5,2
2026-07-14T23:09:00+00:00,2979.7,2980.0,2979.7,2980.0,3
2026-07-14T23:10:00+00:00,2979.7,2979.7,2979.7,2979.7,3
2026-07-14T23:11:00+00:00,2980.0,2980.0,2979.9,2979.9,10
2026-07-14T23:13:00+00:00,2980.0,2980.4,2980.0,2980.4,3
2026-07-14T23:14:00+00:00,2980.4,2980.7,2980.4,2980.6,15
2026-07-14T23:15:00+00:00,2980.3,2980.7,2980.3,2980.7,4
2026-07-14T23:16:00+00:00,2980.7,2980.7,2980.5,2980.5,2
2026-07-14T23:17:00+00:00,2980.4,2980.4,2980.0,2980.0,10
2026-07-14T23:18:00+00:00,2979.9,2979.9,2979.9,2979.9,2
2026-07-14T23:19:00+00:00,2980.4,2980.4,2980.4,2980.4,1
2026-07-14T23:20:00+00:00,2980.5,2980.5,2980.4,2980.4,2
2026-07-14T23:21:00+00:00,2980.6,2980.6,2980.6,2980.6,1
2026-07-14T23:22:00+00:00,2980.6,2980.7,2980.5,2980.7,6
2026-07-14T23:23:00+00:00,2980.5,2981.0,2980.5,2980.7,16
2026-07-14T23:24:00+00:00,2980.7,2981.0,2980.5,2981.0,7
2026-07-14T23:25:00+00:00,2980.9,2983.0,2980.9,2982.6,101
2026-07-14T23:26:00+00:00,2982.6,2982.6,2981.7,2981.7,26
2026-07-14T23:27:00+00:00,2982.0,2982.4,2981.8,2981.9,16
2026-07-14T23:28:00+00:00,2982.1,2982.2,2982.0,2982.0,4
2026-07-14T23:29:00+00:00,2982.0,2982.8,2982.0,2982.8,22
2026-07-14T23:30:00+00:00,2982.6,2983.5,2982.6,2983.5,45
2026-07-14T23:31:00+00:00,2983.3,2983.8,2983.1,2983.7,13
2026-07-14T23:32:00+00:00,2983.5,2983.7,2983.0,2983.0,12
2026-07-14T23:33:00+00:00,2983.5,2983.8,2983.5,2983.6,16
2026-07-14T23:34:00+00:00,2983.9,2983.9,2983.3,2983.3,8
2026-07-14T23:35:00+00:00,2983.6,2983.6,2983.6,2983.6,1
2026-07-14T23:36:00+00:00,2983.5,2983.5,2982.9,2983.1,12
2026-07-14T23:37:00+00:00,2983.4,2983.6,2983.1,2983.6,3
2026-07-14T23:38:00+00:00,2983.5,2983.8,2983.4,2983.8,24
2026-07-14T23:39:00+00:00,2983.4,2983.6,2983.4,2983.5,5
2026-07-14T23:40:00+00:00,2983.6,2984.0,2983.6,2984.0,48
2026-07-14T23:41:00+00:00,2984.0,2984.0,2983.8,2984.0,12
2026-07-14T23:42:00+00:00,2984.0,2984.8,2983.8,2983.9,25
2026-07-14T23:43:00+00:00,2984.0,2984.1,2983.9,2983.9,10
2026-07-14T23:44:00+00:00,2984.0,2984.0,2983.6,2983.9,7
2026-07-14T23:45:00+00:00,2983.8,2984.1,2983.4,2983.4,42
2026-07-14T23:46:00+00:00,2983.4,2984.1,2983.4,2983.4,57
2026-07-14T23:47:00+00:00,2983.6,2984.3,2983.6,2983.9,7
2026-07-14T23:48:00+00:00,2984.0,2984.0,2983.7,2983.9,4
2026-07-14T23:49:00+00:00,2984.1,2984.2,2983.8,2983.8,14
2026-07-14T23:50:00+00:00,2983.9,2984.8,2983.8,2984.7,29
2026-07-14T23:51:00+00:00,2984.5,2984.6,2984.2,2984.3,9
2026-07-14T23:52:00+00:00,2984.6,2984.8,2984.6,2984.8,14
2026-07-14T23:53:00+00:00,2984.6,2984.6,2984.6,2984.6,3
2026-07-14T23:54:00+00:00,2984.5,2984.8,2984.1,2984.6,28
2026-07-14T23:55:00+00:00,2984.7,2984.8,2984.6,2984.7,17
2026-07-14T23:56:00+00:00,2984.5,2984.6,2984.3,2984.5,24
2026-07-14T23:57:00+00:00,2984.7,2985.1,2984.2,2984.4,39
2026-07-14T23:58:00+00:00,2984.5,2984.5,2983.8,2983.9,44
2026-07-14T23:59:00+00:00,2983.8,2984.3,2983.7,2984.3,23
2026-07-15T00:00:00+00:00,2984.3,2984.8,2983.2,2983.5,84
2026-07-15T00:01:00+00:00,2983.4,2983.7,2983.0,2983.3,43
2026-07-15T00:02:00+00:00,2983.2,2983.8,2982.5,2982.7,42
2026-07-15T00:03:00+00:00,2982.8,2983.0,2982.2,2982.9,30
2026-07-15T00:04:00+00:00,2982.9,2982.9,2982.1,2982.1,30
2026-07-15T00:05:00+00:00,2982.1,2982.1,2980.8,2980.9,79
2026-07-15T00:06:00+00:00,2981.1,2981.8,2980.9,2981.3,35
2026-07-15T00:07:00+00:00,2981.3,2981.4,2980.6,2981.3,31
2026-07-15T00:08:00+00:00,2981.5,2981.9,2981.5,2981.8,11
2026-07-15T00:09:00+00:00,2981.7,2982.2,2981.6,2982.2,17
2026-07-15T00:10:00+00:00,2982.0,2983.2,2981.9,2983.2,23
2026-07-15T00:11:00+00:00,2982.9,2982.9,2982.0,2982.7,8
2026-07-15T00:12:00+00:00,2982.6,2982.6,2982.0,2982.6,15
2026-07-15T00:13:00+00:00,2982.5,2983.1,2982.5,2983.0,13
2026-07-15T00:14:00+00:00,2982.8,2982.9,2982.1,2982.7,14
2026-07-15T00:15:00+00:00,2982.6,2982.6,2981.9,2982.3,14
2026-07-15T00:16:00+00:00,2982.5,2982.5,2982.2,2982.3,10
2026-07-15T00:17:00+00:00,2982.1,2982.1,2981.9,2982.1,6
2026-07-15T00:18:00+00:00,2981.9,2982.3,2981.7,2981.8,19
2026-07-15T00:19:00+00:00,2982.0,2982.3,2981.8,2981.9,21
2026-07-15T00:20:00+00:00,2981.8,2983.0,2981.6,2983.0,17
2026-07-15T00:21:00+00:00,2982.7,2982.7,2982.1,2982.1,20
2026-07-15T00:22:00+00:00,2982.3,2982.5,2981.9,2981.9,11
2026-07-15T00:23:00+00:00,2982.0,2982.5,2982.0,2982.5,11
2026-07-15T00:24:00+00:00,2982.4,2982.4,2981.8,2981.8,4
2026-07-15T00:25:00+00:00,2981.7,2982.2,2981.5,2981.6,41
2026-07-15T00:26:00+00:00,2981.6,2981.6,2981.4,2981.4,10
2026-07-15T00:27:00+00:00,2981.6,2982.1,2981.6,2982.1,8
2026-07-15T00:28:00+00:00,2981.6,2982.1,2981.6,2982.1,9
2026-07-15T00:29:00+00:00,2982.2,2982.3,2982.2,2982.3,13
2026-07-15T00:30:00+00:00,2982.1,2982.1,2981.8,2982.0,7
2026-07-15T00:31:00+00:00,2981.9,2981.9,2981.5,2981.5,18
2026-07-15T00:32:00+00:00,2981.5,2981.6,2981.1,2981.2,14
2026-07-15T00:33:00+00:00,2981.0,2981.2,2980.6,2980.8,34
2026-07-15T00:34:00+00:00,2980.6,2980.7,2980.2,2980.3,34
2026-07-15T00:35:00+00:00,2980.2,2980.2,2979.6,2979.6,33
2026-07-15T00:36:00+00:00,2979.9,2979.9,2979.2,2979.3,33
2026-07-15T00:37:00+00:00,2979.2,2979.2,2978.7,2979.0,23
2026-07-15T00:38:00+00:00,2979.1,2980.1,2979.0,2980.1,22
2026-07-15T00:39:00+00:00,2980.1,2980.3,2979.4,2979.8,26
2026-07-15T00:40:00+00:00,2979.9,2980.3,2979.7,2979.9,14
2026-07-15T00:41:00+00:00,2980.0,2980.2,2979.3,2979.4,23
2026-07-15T00:42:00+00:00,2979.1,2979.2,2978.8,2978.8,7
2026-07-15T00:43:00+00:00,2978.9,2978.9,2977.4,2978.0,53
2026-07-15T00:44:00+00:00,2978.1,2978.2,2977.7,2978.0,47
2026-07-15T00:45:00+00:00,2978.2,2979.1,2977.7,2979.0,26
2026-07-15T00:46:00+00:00,2979.0,2979.2,2979.0,2979.2,2
2026-07-15T00:47:00+00:00,2978.9,2979.2,2978.7,2979.1,12
2026-07-15T00:48:00+00:00,2979.1,2979.3,2979.1,2979.3,6
2026-07-15T00:49:00+00:00,2979.0,2979.1,2978.7,2978.9,25
2026-07-15T00:50:00+00:00,2978.8,2980.1,2978.8,2979.9,10
2026-07-15T00:51:00+00:00,2979.7,2980.2,2979.6,2980.0,28
2026-07-15T00:52:00+00:00,2980.3,2981.3,2980.3,2981.3,23
2026-07-15T00:53:00+00:00,2981.1,2981.1,2980.5,2980.6,16
2026-07-15T00:54:00+00:00,2981.0,2981.1,2980.8,2981.0,14
2026-07-15T00:55:00+00:00,2980.8,2981.9,2980.8,2981.8,16
2026-07-15T00:56:00+00:00,2981.8,2982.3,2981.7,2982.0,26
2026-07-15T00:57:00+00:00,2981.9,2982.1,2981.9,2982.1,2
2026-07-15T00:58:00+00:00,2982.7,2982.8,2982.6,2982.6,7
2026-07-15T00:59:00+00:00,2982.7,2983.1,2982.5,2982.5,33
2026-07-15T01:00:00+00:00,2983.1,2983.4,2980.8,2980.8,35
2026-07-15T01:01:00+00:00,2980.6,2980.8,2980.3,2980.4,14
2026-07-15T01:02:00+00:00,2980.7,2980.7,2980.0,2980.0,15
2026-07-15T01:03:00+00:00,2980.0,2980.2,2979.3,2979.5,12
2026-07-15T01:04:00+00:00,2979.5,2980.6,2979.5,2980.6,5
2026-07-15T01:05:00+00:00,2980.3,2980.6,2980.1,2980.1,24
2026-07-15T01:06:00+00:00,2980.0,2980.5,2980.0,2980.5,4
2026-07-15T01:07:00+00:00,2980.5,2980.5,2979.2,2979.2,12
2026-07-15T01:08:00+00:00,2979.5,2979.5,2979.5,2979.5,2
2026-07-15T01:09:00+00:00,2980.3,2980.3,2979.7,2979.9,25
2026-07-15T01:10:00+00:00,2979.9,2979.9,2979.8,2979.8,9
2026-07-15T01:11:00+00:00,2979.5,2980.0,2979.5,2980.0,3
2026-07-15T01:12:00+00:00,2980.0,2980.5,2979.8,2980.5,7
2026-07-15T01:13:00+00:00,2980.5,2980.5,2980.3,2980.4,6
2026-07-15T01:14:00+00:00,2980.3,2980.4,2980.3,2980.4,5
2026-07-15T01:15:00+00:00,2980.3,2982.0,2980.3,2982.0,24
2026-07-15T01:16:00+00:00,2981.9,2982.0,2981.4,2981.4,20
2026-07-15T01:17:00+00:00,2981.3,2981.3,2980.9,2981.0,9
2026-07-15T01:18:00+00:00,2981.0,2981.1,2980.7,2980.7,3
2026-07-15T01:19:00+00:00,2980.7,2980.9,2980.7,2980.7,4
2026-07-15T01:20:00+00:00,2980.8,2980.8,2980.5,2980.5,10
2026-07-15T01:21:00+00:00,2980.3,2980.4,2979.9,2980.2,13
2026-07-15T01:22:00+00:00,2980.5,2980.8,2980.5,2980.8,7
2026-07-15T01:23:00+00:00,2980.9,2980.9,2980.8,2980.8,2
2026-07-15T01:24:00+00:00,2980.8,2980.9,2980.4,2980.4,8
2026-07-15T01:25:00+00:00,2980.5,2980.5,2980.2,2980.2,3
2026-07-15T01:26:00+00:00,2980.3,2981.0,2980.3,2980.8,20
2026-07-15T01:27:00+00:00,2980.7,2980.7,2980.5,2980.5,10
2026-07-15T01:28:00+00:00,2981.0,2981.3,2980.9,2981.1,12
2026-07-15T01:29:00+00:00,2980.7,2980.7,2979.8,2980.0,33
2026-07-15T01:30:00+00:00,2980.1,2980.7,2980.0,2980.0,12
2026-07-15T01:31:00+00:00,2979.9,2980.4,2979.8,2980.4,11
2026-07-15T01:32:00+00:00,2980.1,2980.2,2979.8,2980.2,14
2026-07-15T01:33:00+00:00,2979.8,2980.3,2979.8,2979.8,15
2026-07-15T01:34:00+00:00,2979.9,2980.0,2979.9,2980.0,4
2026-07-15T01:35:00+00:00,2980.2,2980.3,2979.7,2979.7,10
2026-07-15T01:36:00+00:00,2980.0,2980.3,2980.0,2980.0,12
2026-07-15T01:37:00+00:00,2980.4,2980.6,2980.4,2980.6,3
2026-07-15T01:38:00+00:00,2980.6,2980.9,2980.3,2980.9,10
2026-07-15T01:39:00+00:00,2980.7,2980.9,2980.5,2980.9,8
2026-07-15T01:40:00+00:00,2980.8,2980.8,2979.5,2979.5,22
2026-07-15T01:41:00+00:00,2979.5,2979.5,2979.3,2979.4,7
2026-07-15T01:42:00+00:00,2979.5,2979.5,2979.1,2979.1,7
2026-07-15T01:43:00+00:00,2979.0,2979.1,2978.8,2979.1,13
2026-07-15T01:44:00+00:00,2978.9,2978.9,2978.1,2978.1,27
2026-07-15T01:45:00+00:00,2978.5,2978.8,2978.5,2978.6,3
2026-07-15T01:46:00+00:00,2979.0,2979.4,2978.8,2979.4,12
2026-07-15T01:47:00+00:00,2979.4,2979.4,2979.2,2979.2,2
2026-07-15T01:48:00+00:00,2978.7,2978.9,2978.7,2978.9,6
2026-07-15T01:50:00+00:00,2979.4,2979.8,2979.4,2979.7,5
2026-07-15T01:51:00+00:00,2979.5,2979.7,2979.5,2979.5,3
2026-07-15T01:52:00+00:00,2979.5,2979.5,2979.5,2979.5,1
2026-07-15T01:53:00+00:00,2979.4,2980.5,2979.4,2980.3,14
2026-07-15T01:54:00+00:00,2980.6,2980.8,2980.2,2980.8,12
2026-07-15T01:55:00+00:00,2981.0,2981.2,2980.8,2981.1,9
2026-07-15T01:56:00+00:00,2981.1,2981.2,2980.9,2981.1,9
2026-07-15T01:57:00+00:00,2981.2,2981.3,2981.0,2981.2,30
2026-07-15T01:58:00+00:00,2981.3,2981.7,2980.6,2981.7,30
2026-07-15T01:59:00+00:00,2981.6,2981.9,2981.6,2981.7,11
2026-07-15T02:00:00+00:00,2981.9,2981.9,2981.1,2981.5,33
2026-07-15T02:01:00+00:00,2981.2,2981.2,2980.9,2981.0,17
2026-07-15T02:02:00+00:00,2980.9,2981.4,2980.9,2981.0,16
2026-07-15T02:03:00+00:00,2980.9,2981.0,2980.7,2980.7,9
2026-07-15T02:04:00+00:00,2981.0,2981.2,2981.0,2981.2,4
2026-07-15T02:05:00+00:00,2981.2,2981.7,2981.1,2981.7,7
2026-07-15T02:06:00+00:00,2981.6,2981.8,2981.0,2981.0,27
2026-07-15T02:07:00+00:00,2981.2,2981.3,2981.2,2981.3,4
2026-07-15T02:08:00+00:00,2981.2,2981.4,2981.2,2981.3,6
2026-07-15T02:09:00+00:00,2981.4,2981.4,2981.2,2981.2,3
2026-07-15T02:10:00+00:00,2981.5,2981.5,2981.4,2981.4,6
2026-07-15T02:11:00+00:00,2981.3,2981.4,2980.7,2980.7,13
2026-07-15T02:12:00+00:00,2981.1,2981.5,2981.1,2981.4,15
2026-07-15T02:13:00+00:00,2981.5,2981.5,2981.1,2981.1,11
2026-07-15T02:14:00+00:00,2981.2,2981.2,2980.9,2981.0,8
2026-07-15T02:15:00+00:00,2981.1,2981.2,2981.1,2981.2,2
2026-07-15T02:16:00+00:00,2981.4,2981.4,2981.2,2981.2,4
2026-07-15T02:17:00+00:00,2981.4,2981.9,2981.4,2981.9,12
2026-07-15T02:18:00+00:00,2981.8,2981.8,2981.7,2981.8,4
2026-07-15T02:19:00+00:00,2982.0,2982.2,2981.9,2982.0,17
2026-07-15T02:20:00+00:00,2982.0,2982.0,2981.6,2981.7,12
2026-07-15T02:21:00+00:00,2981.6,2981.7,2981.6,2981.7,3
2026-07-15T02:22:00+00:00,2982.0,2982.5,2982.0,2982.5,6
2026-07-15T02:23:00+00:00,2982.1,2982.1,2981.8,2981.8,4
2026-07-15T02:24:00+00:00,2981.9,2981.9,2981.7,2981.7,4
2026-07-15T02:25:00+00:00,2981.6,2981.6,2981.6,2981.6,1
2026-07-15T02:26:00+00:00,2981.5,2981.7,2981.5,2981.7,6
2026-07-15T02:28:00+00:00,2981.8,2981.8,2981.6,2981.6,3
2026-07-15T02:29:00+00:00,2981.3,2981.6,2981.3,2981.5,8
2026-07-15T02:30:00+00:00,2981.7,2981.7,2981.2,2981.2,20
2026-07-15T02:31:00+00:00,2981.4,2981.6,2981.2,2981.2,12
2026-07-15T02:32:00+00:00,2981.5,2981.7,2981.5,2981.6,6
2026-07-15T02:33:00+00:00,2981.6,2982.0,2981.6,2982.0,13
2026-07-15T02:34:00+00:00,2981.8,2982.9,2981.8,2982.9,29
2026-07-15T02:35:00+00:00,2982.9,2982.9,2982.7,2982.9,11
2026-07-15T02:36:00+00:00,2983.0,2983.2,2982.9,2982.9,11
2026-07-15T02:37:00+00:00,2982.9,2982.9,2982.7,2982.7,3
2026-07-15T02:38:00+00:00,2982.6,2982.7,2982.2,2982.2,12
2026-07-15T02:39:00+00:00,2982.4,2982.4,2982.4,2982.4,2
2026-07-15T02:40:00+00:00,2982.6,2982.6,2982.6,2982.6,2
2026-07-15T02:41:00+00:00,2982.4,2982.4,2982.3,2982.3,5
2026-07-15T02:42:00+00:00,2982.3,2982.3,2982.2,2982.2,5
2026-07-15T02:43:00+00:00,2982.3,2982.3,2982.3,2982.3,2
2026-07-15T02:44:00+00:00,2982.5,2982.7,2982.5,2982.7,3
2026-07-15T02:45:00+00:00,2982.7,2982.7,2982.7,2982.7,1
2026-07-15T02:46:00+00:00,2982.6,2982.9,2982.6,2982.9,3
2026-07-15T02:47:00+00:00,2982.3,2982.3,2982.2,2982.3,6
2026-07-15T02:48:00+00:00,2982.2,2982.5,2982.2,2982.5,5
2026-07-15T02:49:00+00:00,2982.5,2982.6,2982.5,2982.5,6
2026-07-15T02:50:00+00:00,2982.5,2982.5,2981.8,2981.9,15
2026-07-15T02:51:00+00:00,2982.0,2982.0,2981.5,2981.5,11
2026-07-15T02:52:00+00:00,2981.4,2981.6,2981.2,2981.6,9
2026-07-15T02:53:00+00:00,2981.4,2981.4,2981.3,2981.3,6
2026-07-15T02:54:00+00:00,2981.3,2981.5,2981.3,2981.3,6
2026-07-15T02:55:00+00:00,2981.4,2981.6,2981.4,2981.6,9
2026-07-15T02:56:00+00:00,2981.8,2981.8,2981.6,2981.7,18
2026-07-15T02:57:00+00:00,2981.4,2981.5,2981.4,2981.5,2
2026-07-15T02:58:00+00:00,2981.5,2981.5,2981.3,2981.3,10
2026-07-15T02:59:00+00:00,2981.2,2981.2,2981.1,2981.2,6
2026-07-15T03:00:00+00:00,2981.4,2981.4,2981.0,2981.2,28
2026-07-15T03:01:00+00:00,2981.3,2981.3,2981.3,2981.3,1
2026-07-15T03:02:00+00:00,2981.3,2981.5,2981.3,2981.4,4
2026-07-15T03:03:00+00:00,2981.7,2981.8,2981.7,2981.8,2
2026-07-15T03:04:00+00:00,2981.6,2981.6,2981.5,2981.5,4
2026-07-15T03:05:00+00:00,2981.5,2981.5,2981.5,2981.5,1
2026-07-15T03:06:00+00:00,2981.6,2981.6,2981.6,2981.6,1
2026-07-15T03:07:00+00:00,2981.6,2981.6,2981.1,2981.1,8
2026-07-15T03:08:00+00:00,2981.1,2981.1,2981.0,2981.1,5
2026-07-15T03:09:00+00:00,2981.2,2981.3,2981.2,2981.3,2
2026-07-15T03:10:00+00:00,2981.3,2981.3,2981.3,2981.3,1
2026-07-15T03:11:00+00:00,2981.0,2981.0,2980.7,2980.7,16
2026-07-15T03:12:00+00:00,2980.5,2980.9,2980.4,2980.9,15
2026-07-15T03:13:00+00:00,2980.7,2980.8,2980.7,2980.8,3
2026-07-15T03:14:00+00:00,2980.8,2980.8,2980.8,2980.8,1
2026-07-15T03:15:00+00:00,2980.6,2980.6,2980.6,2980.6,5
2026-07-15T03:16:00+00:00,2981.0,2981.2,2980.9,2981.2,20
2026-07-15T03:17:00+00:00,2981.6,2981.7,2981.4,2981.4,7
2026-07-15T03:18:00+00:00,2981.1,2981.1,2981.1,2981.1,9
2026-07-15T03:19:00+00:00,2981.4,2981.4,2981.4,2981.4,7
2026-07-15T03:20:00+00:00,2981.6,2981.7,2981.5,2981.5,9
2026-07-15T03:22:00+00:00,2981.1,2981.1,2981.0,2981.0,6
2026-07-15T03:23:00+00:00,2981.1,2981.3,2981.1,2981.3,3
2026-07-15T03:24:00+00:00,2981.1,2981.2,2981.1,2981.2,6
2026-07-15T03:25:00+00:00,2981.2,2981.5,2981.2,2981.3,3
2026-07-15T03:26:00+00:00,2981.4,2981.6,2981.4,2981.6,5
2026-07-15T03:27:00+00:00,2981.7,2982.0,2981.7,2982.0,7
2026-07-15T03:28:00+00:00,2982.1,2982.2,2982.0,2982.2,3
2026-07-15T03:29:00+00:00,2982.3,2982.4,2982.0,2982.0,9
2026-07-15T03:30:00+00:00,2982.1,2982.3,2982.1,2982.2,15
2026-07-15T03:31:00+00:00,2982.0,2982.0,2982.0,2982.0,1
2026-07-15T03:33:00+00:00,2982.3,2982.5,2982.3,2982.5,4
2026-07-15T03:34:00+00:00,2982.5,2982.6,2982.5,2982.6,3
2026-07-15T03:35:00+00:00,2982.5,2982.5,2982.3,2982.3,4
2026-07-15T03:38:00+00:00,2982.7,2982.8,2982.7,2982.7,6
2026-07-15T03:39:00+00:00,2982.8,2982.8,2982.7,2982.7,4
2026-07-15T03:40:00+00:00,2982.5,2982.6,2982.5,2982.6,2
2026-07-15T03:41:00+00:00,2982.6,2982.7,2982.6,2982.7,4
2026-07-15T03:42:00+00:00,2982.9,2982.9,2982.2,2982.2,2
2026-07-15T03:43:00+00:00,2982.1,2982.3,2981.9,2982.3,14
2026-07-15T03:44:00+00:00,2982.4,2982.4,2981.9,2981.9,6
2026-07-15T03:45:00+00:00,2982.0,2982.0,2982.0,2982.0,1
2026-07-15T03:46:00+00:00,2982.5,2982.5,2982.4,2982.4,3
2026-07-15T03:47:00+00:00,2982.5,2982.5,2982.4,2982.4,5
2026-07-15T03:48:00+00:00,2982.8,2983.0,2982.8,2983.0,5
2026-07-15T03:49:00+00:00,2982.9,2983.3,2982.9,2983.3,7
2026-07-15T03:50:00+00:00,2983.3,2984.0,2983.3,2983.9,27
2026-07-15T03:51:00+00:00,2984.1,2984.1,2983.7,2983.8,20
2026-07-15T03:52:00+00:00,2983.8,2984.0,2983.8,2984.0,5
2026-07-15T03:53:00+00:00,2984.0,2984.0,2984.0,2984.0,5
2026-07-15T03:54:00+00:00,2984.0,2984.0,2983.8,2983.9,31
2026-07-15T03:55:00+00:00,2983.9,2983.9,2983.3,2983.4,14
2026-07-15T03:56:00+00:00,2983.6,2983.6,2983.6,2983.6,4
2026-07-15T03:57:00+00:00,2983.9,2984.0,2983.8,2983.8,8
2026-07-15T03:59:00+00:00,2983.6,2983.7,2983.3,2983.3,11
2026-07-15T04:00:00+00:00,2983.5,2983.8,2983.5,2983.8,3
2026-07-15T04:01:00+00:00,2983.6,2983.8,2983.6,2983.8,4
2026-07-15T04:02:00+00:00,2983.7,2983.7,2983.7,2983.7,1
2026-07-15T04:03:00+00:00,2983.2,2983.2,2983.2,2983.2,1
2026-07-15T04:04:00+00:00,2983.7,2983.7,2983.5,2983.6,7
2026-07-15T04:05:00+00:00,2983.6,2983.6,2983.5,2983.5,8
2026-07-15T04:06:00+00:00,2983.3,2983.4,2983.3,2983.4,4
2026-07-15T04:07:00+00:00,2983.4,2983.4,2983.2,2983.4,22
2026-07-15T04:08:00+00:00,2983.4,2983.4,2983.2,2983.3,6
2026-07-15T04:09:00+00:00,2983.4,2983.4,2983.1,2983.3,17
2026-07-15T04:10:00+00:00,2983.3,2983.5,2983.3,2983.5,9
2026-07-15T04:11:00+00:00,2983.7,2983.8,2983.7,2983.8,2
2026-07-15T04:12:00+00:00,2983.9,2984.2,2983.9,2983.9,27
2026-07-15T04:14:00+00:00,2983.5,2983.6,2983.5,2983.6,3
2026-07-15T04:15:00+00:00,2983.5,2983.5,2983.4,2983.4,9
2026-07-15T04:16:00+00:00,2983.6,2983.6,2983.6,2983.6,4
2026-07-15T04:17:00+00:00,2984.1,2984.4,2984.1,2984.2,11
2026-07-15T04:18:00+00:00,2984.2,2984.3,2984.2,2984.3,3
2026-07-15T04:19:00+00:00,2984.3,2984.3,2984.3,2984.3,3
2026-07-15T04:20:00+00:00,2984.4,2984.4,2984.4,2984.4,12
2026-07-15T04:22:00+00:00,2984.0,2984.0,2984.0,2984.0,1
2026-07-15T04:23:00+00:00,2984.5,2984.5,2984.3,2984.3,6
2026-07-15T04:25:00+00:00,2984.5,2984.8,2984.4,2984.5,26
2026-07-15T04:26:00+00:00,2984.5,2984.6,2984.5,2984.6,13
2026-07-15T04:27:00+00:00,2984.5,2984.5,2984.2,2984.2,13
2026-07-15T04:28:00+00:00,2984.4,2984.6,2984.4,2984.4,8
2026-07-15T04:29:00+00:00,2984.2,2984.3,2984.1,2984.3,6
2026-07-15T04:30:00+00:00,2984.0,2984.4,2984.0,2984.4,2
2026-07-15T04:32:00+00:00,2984.2,2984.2,2983.9,2984.1,12
2026-07-15T04:33:00+00:00,2984.4,2984.5,2984.2,2984.5,7
2026-07-15T04:34:00+00:00,2984.4,2984.4,2984.0,2984.0,7
2026-07-15T04:35:00+00:00,2984.0,2984.0,2983.9,2984.0,16
2026-07-15T04:37:00+00:00,2984.0,2984.0,2984.0,2984.0,1
2026-07-15T04:38:00+00:00,2984.6,2984.7,2984.6,2984.7,7
2026-07-15T04:39:00+00:00,2984.5,2984.6,2984.4,2984.6,7
2026-07-15T04:40:00+00:00,2984.6,2984.6,2984.6,2984.6,4
2026-07-15T04:41:00+00:00,2984.5,2984.5,2984.3,2984.3,2
2026-07-15T04:42:00+00:00,2984.1,2984.1,2984.1,2984.1,7
2026-07-15T04:43:00+00:00,2983.9,2983.9,2983.8,2983.8,3
2026-07-15T04:44:00+00:00,2983.7,2983.8,2983.6,2983.8,6
2026-07-15T04:45:00+00:00,2983.9,2984.4,2983.9,2983.9,74
2026-07-15T04:46:00+00:00,2983.9,2984.2,2983.9,2984.1,3
2026-07-15T04:47:00+00:00,2984.5,2984.5,2984.5,2984.5,2
2026-07-15T04:48:00+00:00,2984.3,2984.3,2984.2,2984.2,3
2026-07-15T04:49:00+00:00,2984.0,2984.0,2984.0,2984.0,7
2026-07-15T04:51:00+00:00,2984.0,2984.3,2984.0,2984.3,3
2026-07-15T04:52:00+00:00,2984.3,2984.3,2984.3,2984.3,3
2026-07-15T04:53:00+00:00,2984.4,2984.4,2984.4,2984.4,1
2026-07-15T04:54:00+00:00,2984.3,2984.3,2984.0,2984.0,5
2026-07-15T04:55:00+00:00,2984.1,2984.4,2983.9,2984.4,9
2026-07-15T04:56:00+00:00,2984.4,2984.4,2984.0,2984.0,4
2026-07-15T04:57:00+00:00,2983.9,2983.9,2983.7,2983.7,22
2026-07-15T04:58:00+00:00,2984.0,2984.0,2984.0,2984.0,2
2026-07-15T04:59:00+00:00,2983.9,2984.0,2983.8,2984.0,9
2026-07-15T05:00:00+00:00,2984.1,2987.3,2984.1,2985.0,264
2026-07-15T05:01:00+00:00,2984.8,2985.0,2983.4,2983.8,93
2026-07-15T05:02:00+00:00,2983.3,2983.6,2982.6,2983.6,66
2026-07-15T05:03:00+00:00,2983.5,2984.1,2983.0,2983.1,19
2026-07-15T05:04:00+00:00,2983.3,2983.6,2983.2,2983.5,15
2026-07-15T05:05:00+00:00,2983.2,2983.4,2983.1,2983.2,19
2026-07-15T05:06:00+00:00,2983.1,2983.3,2982.6,2982.6,23
2026-07-15T05:07:00+00:00,2982.6,2983.1,2982.6,2983.1,6
2026-07-15T05:08:00+00:00,2983.4,2983.6,2983.0,2983.6,7
2026-07-15T05:09:00+00:00,2983.6,2984.4,2983.6,2984.4,6
2026-07-15T05:10:00+00:00,2984.2,2984.2,2983.4,2983.4,6
2026-07-15T05:11:00+00:00,2983.2,2983.2,2982.8,2983.0,8
2026-07-15T05:12:00+00:00,2983.1,2983.3,2983.0,2983.0,5
2026-07-15T05:13:00+00:00,2983.4,2983.4,2983.3,2983.3,4
2026-07-15T05:14:00+00:00,2983.3,2983.3,2983.3,2983.3,2
2026-07-15T05:15:00+00:00,2983.1,2983.1,2983.0,2983.0,8
2026-07-15T05:16:00+00:00,2983.1,2983.1,2983.0,2983.0,3
2026-07-15T05:17:00+00:00,2983.3,2983.5,2983.3,2983.5,2
2026-07-15T05:18:00+00:00,2984.0,2984.1,2983.6,2984.0,12
2026-07-15T05:19:00+00:00,2984.3,2984.3,2983.8,2983.8,10
2026-07-15T05:20:00+00:00,2983.8,2984.2,2983.7,2984.2,4
2026-07-15T05:21:00+00:00,2984.2,2984.3,2983.7,2983.7,8
2026-07-15T05:22:00+00:00,2983.1,2983.1,2982.8,2983.0,18
2026-07-15T05:23:00+00:00,2983.4,2983.4,2983.4,2983.4,1
2026-07-15T05:25:00+00:00,2982.8,2982.8,2982.0,2982.0,19
2026-07-15T05:26:00+00:00,2982.1,2982.1,2981.6,2981.7,11
2026-07-15T05:27:00+00:00,2981.4,2981.9,2981.3,2981.9,26
2026-07-15T05:28:00+00:00,2982.0,2982.0,2981.7,2981.9,16
2026-07-15T05:29:00+00:00,2981.9,2982.2,2981.9,2982.0,5
2026-07-15T05:30:00+00:00,2982.2,2982.2,2981.9,2981.9,10
2026-07-15T05:31:00+00:00,2982.1,2982.2,2982.1,2982.2,16
2026-07-15T05:32:00+00:00,2982.0,2982.8,2982.0,2982.7,16
2026-07-15T05:33:00+00:00,2982.6,2982.6,2982.6,2982.6,1
2026-07-15T05:35:00+00:00,2983.3,2983.3,2983.1,2983.1,6
2026-07-15T05:36:00+00:00,2983.0,2983.2,2982.9,2983.2,12
2026-07-15T05:37:00+00:00,2983.3,2983.5,2983.3,2983.5,3
2026-07-15T05:38:00+00:00,2984.0,2984.1,2983.9,2984.1,5
2026-07-15T05:39:00+00:00,2983.8,2984.4,2983.7,2984.4,16
2026-07-15T05:40:00+00:00,2984.5,2984.5,2984.1,2984.1,15
2026-07-15T05:41:00+00:00,2983.9,2983.9,2983.9,2983.9,1
2026-07-15T05:42:00+00:00,2984.0,2984.5,2983.9,2984.2,14
2026-07-15T05:43:00+00:00,2984.2,2984.3,2983.4,2983.5,14
2026-07-15T05:44:00+00:00,2983.7,2983.7,2983.4,2983.4,9
2026-07-15T05:45:00+00:00,2983.4,2983.5,2983.3,2983.5,10
2026-07-15T05:46:00+00:00,2983.7,2983.7,2983.6,2983.6,2
2026-07-15T05:47:00+00:00,2983.8,2984.0,2983.8,2984.0,4
2026-07-15T05:48:00+00:00,2984.4,2984.5,2984.3,2984.5,18
2026-07-15T05:49:00+00:00,2984.5,2984.6,2984.4,2984.4,6
2026-07-15T05:50:00+00:00,2983.9,2984.0,2983.9,2983.9,11
2026-07-15T05:51:00+00:00,2983.9,2983.9,2983.7,2983.7,3
2026-07-15T05:52:00+00:00,2983.8,2984.1,2983.8,2984.1,4
2026-07-15T05:53:00+00:00,2984.1,2984.1,2983.8,2983.8,5
2026-07-15T05:54:00+00:00,2984.0,2984.5,2984.0,2984.3,6
2026-07-15T05:55:00+00:00,2984.5,2984.5,2984.5,2984.5,2
2026-07-15T05:56:00+00:00,2984.6,2985.0,2984.6,2984.9,11
2026-07-15T05:57:00+00:00,2984.9,2985.0,2984.3,2984.8,72
2026-07-15T05:58:00+00:00,2984.7,2984.9,2984.7,2984.9,11
2026-07-15T05:59:00+00:00,2984.9,2985.1,2984.9,2985.1,6
2026-07-15T06:00:00+00:00,2985.1,2985.4,2984.9,2985.3,25
2026-07-15T06:01:00+00:00,2984.8,2984.8,2984.5,2984.6,19
2026-07-15T06:02:00+00:00,2984.5,2984.6,2984.5,2984.6,5
2026-07-15T06:03:00+00:00,2984.8,2984.8,2984.3,2984.3,16
2026-07-15T06:04:00+00:00,2984.5,2984.8,2984.4,2984.8,8
2026-07-15T06:05:00+00:00,2984.9,2984.9,2984.6,2984.7,5
2026-07-15T06:06:00+00:00,2984.4,2984.4,2983.7,2983.7,12
2026-07-15T06:07:00+00:00,2983.7,2984.0,2983.5,2984.0,13
2026-07-15T06:08:00+00:00,2984.1,2984.1,2984.1,2984.1,5
2026-07-15T06:09:00+00:00,2984.0,2984.1,2983.8,2984.0,15
2026-07-15T06:10:00+00:00,2984.3,2984.3,2984.1,2984.1,3
2026-07-15T06:11:00+00:00,2984.1,2984.1,2983.6,2983.6,5
2026-07-15T06:12:00+00:00,2983.8,2983.8,2983.6,2983.6,2
2026-07-15T06:13:00+00:00,2983.6,2983.9,2983.6,2983.6,12
2026-07-15T06:14:00+00:00,2984.0,2984.0,2984.0,2984.0,2
2026-07-15T06:15:00+00:00,2984.0,2984.0,2983.7,2983.8,18
2026-07-15T06:16:00+00:00,2983.8,2983.8,2983.4,2983.4,11
2026-07-15T06:17:00+00:00,2983.4,2983.5,2983.1,2983.1,8
2026-07-15T06:18:00+00:00,2983.2,2983.5,2983.2,2983.4,9
2026-07-15T06:19:00+00:00,2983.3,2983.9,2983.3,2983.9,7
2026-07-15T06:20:00+00:00,2984.3,2984.4,2984.1,2984.4,8
2026-07-15T06:21:00+00:00,2984.1,2984.1,2983.9,2983.9,4
2026-07-15T06:22:00+00:00,2983.7,2983.7,2983.6,2983.6,7
2026-07-15T06:23:00+00:00,2983.7,2984.1,2983.7,2984.1,5
2026-07-15T06:24:00+00:00,2984.5,2984.5,2984.5,2984.5,1
2026-07-15T06:25:00+00:00,2984.8,2985.0,2984.4,2984.6,19
2026-07-15T06:26:00+00:00,2984.6,2984.8,2984.5,2984.5,8
2026-07-15T06:27:00+00:00,2984.6,2984.6,2984.6,2984.6,1
2026-07-15T06:28:00+00:00,2984.7,2985.1,2984.7,2984.9,9
2026-07-15T06:29:00+00:00,2984.5,2984.9,2984.5,2984.6,15
2026-07-15T06:30:00+00:00,2984.9,2985.3,2984.4,2984.5,42
2026-07-15T06:31:00+00:00,2984.2,2984.2,2983.6,2983.8,14
2026-07-15T06:32:00+00:00,2984.1,2984.1,2983.2,2983.2,6
2026-07-15T06:33:00+00:00,2983.8,2983.9,2983.8,2983.9,2
2026-07-15T06:34:00+00:00,2984.0,2984.5,2984.0,2984.5,15
2026-07-15T06:35:00+00:00,2984.6,2984.6,2984.6,2984.6,1
2026-07-15T06:36:00+00:00,2984.4,2984.4,2983.8,2983.8,8
2026-07-15T06:37:00+00:00,2983.8,2983.8,2983.8,2983.8,1
2026-07-15T06:38:00+00:00,2984.3,2984.3,2984.3,2984.3,4
2026-07-15T06:39:00+00:00,2984.2,2984.3,2984.2,2984.3,2
2026-07-15T06:42:00+00:00,2984.0,2984.2,2984.0,2984.1,6
2026-07-15T06:44:00+00:00,2983.9,2984.0,2983.9,2984.0,2
2026-07-15T06:45:00+00:00,2984.0,2984.0,2984.0,2984.0,1
2026-07-15T06:46:00+00:00,2984.3,2984.3,2984.3,2984.3,2
2026-07-15T06:47:00+00:00,2984.3,2984.5,2984.3,2984.5,8
2026-07-15T06:49:00+00:00,2984.3,2984.5,2984.3,2984.5,6
2026-07-15T06:50:00+00:00,2984.4,2984.4,2984.4,2984.4,1
2026-07-15T06:51:00+00:00,2983.9,2983.9,2983.8,2983.8,2
2026-07-15T06:52:00+00:00,2983.7,2984.0,2983.6,2984.0,8
2026-07-15T06:53:00+00:00,2984.2,2984.3,2984.2,2984.3,2
2026-07-15T06:54:00+00:00,2983.9,2983.9,2983.9,2983.9,16
2026-07-15T06:55:00+00:00,2983.7,2983.7,2983.4,2983.5,4
2026-07-15T06:56:00+00:00,2983.7,2983.9,2983.6,2983.6,9
2026-07-15T06:57:00+00:00,2983.4,2983.4,2982.9,2982.9,5
2026-07-15T06:58:00+00:00,2982.9,2983.3,2982.8,2983.1,19
2026-07-15T06:59:00+00:00,2983.1,2983.3,2983.0,2983.3,7
2026-07-15T07:00:00+00:00,2983.2,2983.2,2982.1,2982.5,49
2026-07-15T07:01:00+00:00,2982.6,2982.7,2982.4,2982.7,14
2026-07-15T07:02:00+00:00,2982.6,2983.0,2982.6,2982.9,10
2026-07-15T07:03:00+00:00,2982.8,2982.9,2982.2,2982.2,8
2026-07-15T07:04:00+00:00,2982.5,2982.6,2982.5,2982.6,5
2026-07-15T07:05:00+00:00,2982.4,2982.9,2982.4,2982.9,6
2026-07-15T07:06:00+00:00,2982.8,2983.0,2982.2,2982.8,25
2026-07-15T07:07:00+00:00,2982.7,2982.8,2982.3,2982.4,17
2026-07-15T07:08:00+00:00,2982.3,2982.3,2982.1,2982.3,7
2026-07-15T07:09:00+00:00,2982.5,2983.1,2982.5,2982.8,40
2026-07-15T07:10:00+00:00,2982.8,2983.0,2982.6,2982.6,19
2026-07-15T07:11:00+00:00,2982.8,2982.8,2982.6,2982.6,5
2026-07-15T07:12:00+00:00,2982.7,2982.8,2982.5,2982.8,10
2026-07-15T07:13:00+00:00,2983.1,2983.4,2983.1,2983.1,16
2026-07-15T07:14:00+00:00,2983.4,2983.4,2983.2,2983.2,9
2026-07-15T07:15:00+00:00,2983.1,2983.7,2983.1,2983.7,13
2026-07-15T07:16:00+00:00,2983.5,2983.5,2982.6,2982.8,9
2026-07-15T07:17:00+00:00,2982.9,2983.1,2982.9,2983.1,3
2026-07-15T07:18:00+00:00,2983.0,2983.0,2982.5,2982.5,8
2026-07-15T07:19:00+00:00,2982.4,2982.5,2981.8,2981.8,31
2026-07-15T07:20:00+00:00,2982.1,2982.2,2982.0,2982.0,6
2026-07-15T07:21:00+00:00,2982.0,2982.2,2981.3,2981.3,17
2026-07-15T07:22:00+00:00,2981.1,2981.3,2980.6,2980.8,74
2026-07-15T07:23:00+00:00,2980.8,2981.1,2980.8,2981.1,15
2026-07-15T07:24:00+00:00,2981.0,2981.0,2980.0,2980.1,32
2026-07-15T07:25:00+00:00,2980.1,2980.1,2978.2,2978.6,76
2026-07-15T07:26:00+00:00,2978.7,2978.9,2977.1,2977.1,42
2026-07-15T07:27:00+00:00,2977.0,2977.7,2976.5,2977.7,58
2026-07-15T07:28:00+00:00,2978.0,2979.0,2978.0,2978.9,23
2026-07-15T07:29:00+00:00,2979.0,2979.0,2978.0,2978.1,13
2026-07-15T07:30:00+00:00,2978.6,2978.8,2977.9,2978.0,15
2026-07-15T07:31:00+00:00,2978.1,2978.4,2978.1,2978.4,21
2026-07-15T07:32:00+00:00,2978.5,2978.7,2978.5,2978.5,7
2026-07-15T07:33:00+00:00,2978.7,2979.4,2978.7,2978.8,17
2026-07-15T07:34:00+00:00,2978.7,2978.9,2978.0,2978.4,10
2026-07-15T07:35:00+00:00,2978.4,2979.5,2978.4,2979.5,8
2026-07-15T07:36:00+00:00,2979.4,2979.4,2979.2,2979.2,12
2026-07-15T07:37:00+00:00,2979.2,2979.2,2979.0,2979.0,14
2026-07-15T07:38:00+00:00,2978.7,2979.8,2978.7,2979.8,9
2026-07-15T07:39:00+00:00,2979.5,2979.9,2979.5,2979.9,19
2026-07-15T07:40:00+00:00,2979.7,2980.6,2979.5,2980.4,16
2026-07-15T07:41:00+00:00,2980.3,2980.4,2980.2,2980.4,4
2026-07-15T07:42:00+00:00,2980.3,2980.7,2980.3,2980.7,3
2026-07-15T07:43:00+00:00,2980.8,2981.2,2980.6,2980.6,7
2026-07-15T07:44:00+00:00,2980.3,2981.5,2980.1,2981.5,127
2026-07-15T07:45:00+00:00,2981.7,2982.0,2981.0,2981.2,28
2026-07-15T07:46:00+00:00,2980.5,2980.7,2980.3,2980.7,11
2026-07-15T07:47:00+00:00,2980.9,2981.2,2980.9,2981.2,6
2026-07-15T07:48:00+00:00,2981.7,2981.8,2981.7,2981.7,6
2026-07-15T07:49:00+00:00,2981.8,2982.1,2981.7,2982.0,16
2026-07-15T07:50:00+00:00,2982.3,2982.6,2982.1,2982.5,18
2026-07-15T07:51:00+00:00,2982.5,2982.6,2981.2,2981.2,37
2026-07-15T07:52:00+00:00,2981.3,2982.0,2981.3,2982.0,13
2026-07-15T07:53:00+00:00,2982.5,2982.5,2982.0,2982.2,16
2026-07-15T07:54:00+00:00,2981.6,2981.6,2981.3,2981.6,6
2026-07-15T07:55:00+00:00,2981.5,2981.8,2981.5,2981.8,6
2026-07-15T07:56:00+00:00,2981.6,2981.7,2980.8,2980.8,18
2026-07-15T07:57:00+00:00,2980.8,2981.1,2980.8,2981.0,6
2026-07-15T07:58:00+00:00,2980.6,2981.1,2980.6,2980.8,7
2026-07-15T07:59:00+00:00,2980.7,2980.7,2980.7,2980.7,2
2026-07-15T08:00:00+00:00,2980.9,2981.0,2979.8,2979.8,17
2026-07-15T08:01:00+00:00,2979.9,2980.0,2979.5,2979.8,17
2026-07-15T08:02:00+00:00,2980.0,2980.0,2979.2,2979.2,9
2026-07-15T08:03:00+00:00,2979.0,2979.8,2978.9,2979.8,12
2026-07-15T08:04:00+00:00,2979.7,2979.7,2978.7,2979.2,18
2026-07-15T08:05:00+00:00,2979.2,2979.3,2978.7,2979.0,18
2026-07-15T08:06:00+00:00,2978.4,2978.7,2978.1,2978.5,39
2026-07-15T08:07:00+00:00,2978.7,2978.8,2978.0,2978.5,8
2026-07-15T08:08:00+00:00,2978.5,2978.5,2978.5,2978.5,1
2026-07-15T08:09:00+00:00,2978.3,2978.4,2978.0,2978.3,16
2026-07-15T08:10:00+00:00,2978.1,2979.0,2977.9,2979.0,11
2026-07-15T08:11:00+00:00,2979.0,2979.0,2977.9,2978.4,13
2026-07-15T08:12:00+00:00,2978.4,2979.2,2978.4,2979.2,28
2026-07-15T08:13:00+00:00,2979.3,2979.5,2978.0,2978.2,13
2026-07-15T08:14:00+00:00,2978.3,2978.8,2978.3,2978.8,18
2026-07-15T08:15:00+00:00,2978.8,2978.8,2978.2,2978.6,27
2026-07-15T08:16:00+00:00,2978.8,2979.2,2978.8,2978.8,6
2026-07-15T08:17:00+00:00,2978.6,2978.6,2978.5,2978.5,3
2026-07-15T08:18:00+00:00,2978.2,2979.5,2978.2,2979.4,14
2026-07-15T08:19:00+00:00,2979.4,2979.4,2979.2,2979.2,3
2026-07-15T08:20:00+00:00,2979.1,2979.5,2979.1,2979.3,17
2026-07-15T08:21:00+00:00,2979.6,2979.6,2978.5,2978.5,15
2026-07-15T08:22:00+00:00,2978.6,2978.6,2978.1,2978.3,9
2026-07-15T08:23:00+00:00,2978.2,2978.2,2977.4,2977.5,22
2026-07-15T08:24:00+00:00,2977.5,2978.1,2977.2,2977.9,17
2026-07-15T08:25:00+00:00,2977.9,2978.1,2977.9,2978.1,12
2026-07-15T08:26:00+00:00,2977.9,2978.0,2977.9,2978.0,6
2026-07-15T08:27:00+00:00,2977.5,2978.3,2977.5,2978.3,8
2026-07-15T08:28:00+00:00,2978.5,2979.4,2978.5,2979.4,17
2026-07-15T08:29:00+00:00,2979.7,2980.0,2979.3,2979.9,14
2026-07-15T08:30:00+00:00,2980.2,2980.3,2979.6,2979.6,13
2026-07-15T08:31:00+00:00,2980.0,2980.0,2978.8,2978.8,17
2026-07-15T08:32:00+00:00,2978.9,2979.1,2978.6,2979.1,10
2026-07-15T08:33:00+00:00,2979.4,2979.9,2979.4,2979.9,3
2026-07-15T08:34:00+00:00,2980.3,2980.4,2979.9,2980.0,8
2026-07-15T08:36:00+00:00,2980.0,2980.7,2980.0,2980.7,7
2026-07-15T08:37:00+00:00,2980.5,2980.8,2980.5,2980.6,7
2026-07-15T08:38:00+00:00,2981.0,2981.1,2981.0,2981.1,4
2026-07-15T08:39:00+00:00,2981.1,2981.9,2981.1,2981.9,35
2026-07-15T08:40:00+00:00,2982.0,2982.1,2981.8,2981.8,12
2026-07-15T08:41:00+00:00,2981.9,2982.8,2981.9,2982.7,17
2026-07-15T08:42:00+00:00,2982.5,2982.5,2981.3,2981.3,50
2026-07-15T08:43:00+00:00,2981.9,2982.1,2981.9,2982.0,6
2026-07-15T08:44:00+00:00,2982.2,2982.9,2982.2,2982.9,7
2026-07-15T08:45:00+00:00,2982.9,2983.4,2982.6,2982.8,16
2026-07-15T08:46:00+00:00,2982.8,2983.1,2982.8,2983.1,13
2026-07-15T08:47:00+00:00,2982.5,2982.6,2982.5,2982.6,2
2026-07-15T08:48:00+00:00,2982.2,2982.4,2981.9,2982.4,71
2026-07-15T08:49:00+00:00,2982.2,2982.2,2982.2,2982.2,2
2026-07-15T08:50:00+00:00,2982.4,2982.6,2982.3,2982.3,14
2026-07-15T08:51:00+00:00,2982.7,2983.0,2982.7,2983.0,3
2026-07-15T08:52:00+00:00,2982.7,2982.9,2982.3,2982.8,12
2026-07-15T08:53:00+00:00,2983.0,2983.0,2982.8,2982.8,8
2026-07-15T08:54:00+00:00,2982.7,2982.7,2982.3,2982.3,10
2026-07-15T08:55:00+00:00,2982.2,2982.5,2982.2,2982.5,6
2026-07-15T08:56:00+00:00,2982.3,2983.2,2982.3,2983.2,5
2026-07-15T08:57:00+00:00,2983.2,2984.0,2983.2,2984.0,22
2026-07-15T08:58:00+00:00,2984.0,2984.5,2984.0,2984.5,46
2026-07-15T08:59:00+00:00,2984.4,2984.9,2984.4,2984.9,42
2026-07-15T09:00:00+00:00,2985.0,2985.9,2984.6,2985.7,71
2026-07-15T09:01:00+00:00,2985.7,2985.8,2985.1,2985.2,50
2026-07-15T09:03:00+00:00,2984.5,2984.5,2984.1,2984.3,9
2026-07-15T09:04:00+00:00,2984.8,2984.9,2984.8,2984.9,2
2026-07-15T09:05:00+00:00,2984.9,2985.2,2984.8,2985.2,18
2026-07-15T09:06:00+00:00,2985.5,2985.9,2985.5,2985.6,16
2026-07-15T09:07:00+00:00,2985.8,2985.8,2985.5,2985.5,3
2026-07-15T09:08:00+00:00,2985.8,2986.0,2985.8,2985.9,11
2026-07-15T09:09:00+00:00,2985.8,2986.6,2985.7,2986.5,28
2026-07-15T09:10:00+00:00,2986.7,2988.4,2986.7,2988.2,62
2026-07-15T09:11:00+00:00,2988.2,2988.4,2987.5,2987.5,51
2026-07-15T09:12:00+00:00,2987.7,2987.7,2987.1,2987.3,19
2026-07-15T09:13:00+00:00,2987.3,2987.6,2987.3,2987.3,5
2026-07-15T09:14:00+00:00,2987.4,2987.6,2987.4,2987.6,4
2026-07-15T09:15:00+00:00,2987.4,2987.5,2986.8,2986.8,10
2026-07-15T09:16:00+00:00,2987.0,2987.4,2986.7,2986.7,24
2026-07-15T09:17:00+00:00,2986.5,2986.6,2986.1,2986.5,26
2026-07-15T09:18:00+00:00,2986.7,2987.2,2986.7,2987.2,5
2026-07-15T09:19:00+00:00,2987.1,2987.3,2987.1,2987.3,3
2026-07-15T09:20:00+00:00,2987.2,2987.2,2986.6,2986.6,11
2026-07-15T09:21:00+00:00,2986.7,2986.7,2986.4,2986.5,16
2026-07-15T09:22:00+00:00,2986.1,2986.1,2986.1,2986.1,1
2026-07-15T09:23:00+00:00,2985.9,2986.2,2985.8,2985.8,29
2026-07-15T09:24:00+00:00,2986.3,2986.3,2986.1,2986.1,6
2026-07-15T09:26:00+00:00,2985.9,2986.2,2985.9,2986.2,5
2026-07-15T09:27:00+00:00,2986.1,2986.1,2985.6,2985.6,5
2026-07-15T09:28:00+00:00,2985.4,2985.4,2985.1,2985.1,6
2026-07-15T09:29:00+00:00,2985.4,2985.4,2985.4,2985.4,5
2026-07-15T09:30:00+00:00,2985.1,2985.2,2984.5,2984.5,10
2026-07-15T09:31:00+00:00,2984.3,2985.0,2984.3,2985.0,7
2026-07-15T09:32:00+00:00,2984.8,2985.0,2984.8,2984.8,18
2026-07-15T09:33:00+00:00,2984.9,2985.0,2984.9,2985.0,9
2026-07-15T09:34:00+00:00,2985.1,2985.1,2984.9,2985.0,8
2026-07-15T09:35:00+00:00,2985.1,2985.1,2985.1,2985.1,2
2026-07-15T09:36:00+00:00,2985.0,2985.1,2984.6,2984.6,12
2026-07-15T09:37:00+00:00,2984.7,2985.0,2984.7,2985.0,5
2026-07-15T09:38:00+00:00,2985.2,2985.6,2985.2,2985.2,9
2026-07-15T09:39:00+00:00,2984.8,2984.8,2984.3,2984.3,8
2026-07-15T09:40:00+00:00,2984.1,2984.5,2984.1,2984.5,5
2026-07-15T09:41:00+00:00,2984.5,2985.2,2984.5,2985.2,10
2026-07-15T09:42:00+00:00,2985.3,2985.3,2985.1,2985.1,4
2026-07-15T09:43:00+00:00,2985.5,2985.6,2985.3,2985.3,12
2026-07-15T09:44:00+00:00,2985.2,2985.4,2985.2,2985.2,9
2026-07-15T09:45:00+00:00,2985.2,2985.2,2984.7,2984.7,3
2026-07-15T09:46:00+00:00,2984.4,2984.6,2984.0,2984.1,26
2026-07-15T09:47:00+00:00,2984.1,2984.1,2984.0,2984.0,5
2026-07-15T09:48:00+00:00,2983.8,2983.9,2983.8,2983.8,5
2026-07-15T09:49:00+00:00,2983.9,2984.0,2983.9,2984.0,4
2026-07-15T09:50:00+00:00,2984.0,2984.0,2983.6,2984.0,15
2026-07-15T09:51:00+00:00,2983.6,2983.6,2982.7,2982.9,12
2026-07-15T09:52:00+00:00,2982.8,2982.8,2982.0,2982.2,27
2026-07-15T09:53:00+00:00,2982.1,2982.4,2981.9,2982.1,23
2026-07-15T09:54:00+00:00,2982.3,2982.5,2982.3,2982.5,9
2026-07-15T09:55:00+00:00,2982.4,2982.4,2982.1,2982.1,4
2026-07-15T09:56:00+00:00,2982.0,2982.1,2981.9,2982.1,6
2026-07-15T09:57:00+00:00,2981.7,2981.7,2981.7,2981.7,1
2026-07-15T09:58:00+00:00,2981.6,2981.8,2981.4,2981.5,13
2026-07-15T09:59:00+00:00,2981.4,2981.8,2981.3,2981.6,11
2026-07-15T10:00:00+00:00,2981.8,2981.8,2981.1,2981.3,33
2026-07-15T10:01:00+00:00,2981.6,2982.1,2981.6,2982.1,12
2026-07-15T10:02:00+00:00,2982.3,2982.5,2982.3,2982.4,7
2026-07-15T10:03:00+00:00,2982.3,2982.3,2981.8,2981.8,3
2026-07-15T10:04:00+00:00,2982.5,2982.5,2982.1,2982.1,8
2026-07-15T10:05:00+00:00,2982.1,2982.6,2982.1,2982.3,6
2026-07-15T10:06:00+00:00,2982.5,2982.5,2981.9,2981.9,3
2026-07-15T10:07:00+00:00,2981.9,2982.0,2981.7,2982.0,5
2026-07-15T10:08:00+00:00,2981.9,2981.9,2981.5,2981.5,10
2026-07-15T10:09:00+00:00,2982.0,2982.0,2982.0,2982.0,3
2026-07-15T10:10:00+00:00,2982.1,2982.1,2981.7,2981.7,7
2026-07-15T10:11:00+00:00,2982.2,2982.6,2982.2,2982.4,15
2026-07-15T10:12:00+00:00,2982.4,2982.4,2982.4,2982.4,1
2026-07-15T10:13:00+00:00,2982.6,2982.8,2982.6,2982.8,4
2026-07-15T10:14:00+00:00,2982.9,2982.9,2982.7,2982.8,7
2026-07-15T10:15:00+00:00,2982.7,2983.0,2982.7,2983.0,3
2026-07-15T10:16:00+00:00,2982.6,2982.8,2982.4,2982.8,12
2026-07-15T10:17:00+00:00,2982.9,2983.1,2982.7,2982.7,11
2026-07-15T10:18:00+00:00,2982.6,2982.9,2982.6,2982.9,6
2026-07-15T10:19:00+00:00,2982.8,2982.8,2982.4,2982.4,5
2026-07-15T10:20:00+00:00,2982.0,2982.3,2981.8,2982.1,28
2026-07-15T10:21:00+00:00,2982.5,2982.5,2981.5,2981.5,71
2026-07-15T10:22:00+00:00,2981.7,2982.0,2981.3,2981.4,42
2026-07-15T10:23:00+00:00,2981.4,2981.4,2979.4,2980.5,76
2026-07-15T10:24:00+00:00,2980.5,2980.7,2979.3,2979.4,32
2026-07-15T10:25:00+00:00,2979.4,2979.8,2979.2,2979.7,30
2026-07-15T10:26:00+00:00,2979.0,2979.6,2978.9,2979.4,30
2026-07-15T10:27:00+00:00,2979.9,2980.0,2979.5,2979.5,4
2026-07-15T10:28:00+00:00,2979.2,2979.3,2978.6,2979.2,23
2026-07-15T10:29:00+00:00,2979.3,2979.5,2979.1,2979.3,8
2026-07-15T10:30:00+00:00,2979.4,2979.7,2979.3,2979.7,12
2026-07-15T10:31:00+00:00,2979.5,2980.0,2979.5,2979.6,16
2026-07-15T10:32:00+00:00,2979.1,2979.2,2978.7,2979.2,22
2026-07-15T10:33:00+00:00,2978.9,2979.1,2978.6,2979.0,11
2026-07-15T10:34:00+00:00,2979.2,2979.2,2978.7,2978.7,3
2026-07-15T10:35:00+00:00,2978.9,2979.4,2978.8,2979.4,11
2026-07-15T10:36:00+00:00,2979.9,2980.0,2979.9,2979.9,3
2026-07-15T10:37:00+00:00,2979.7,2980.1,2979.5,2980.1,10
2026-07-15T10:38:00+00:00,2980.5,2980.6,2980.4,2980.5,7
2026-07-15T10:39:00+00:00,2980.0,2980.0,2980.0,2980.0,6
2026-07-15T10:40:00+00:00,2979.8,2979.8,2979.3,2979.4,8
2026-07-15T10:41:00+00:00,2979.6,2979.7,2979.1,2979.4,8
2026-07-15T10:42:00+00:00,2979.1,2979.1,2978.8,2978.8,13
2026-07-15T10:43:00+00:00,2979.2,2979.2,2979.2,2979.2,2
2026-07-15T10:44:00+00:00,2979.6,2979.6,2979.1,2979.1,5
2026-07-15T10:45:00+00:00,2979.4,2979.4,2979.2,2979.4,4
2026-07-15T10:46:00+00:00,2980.0,2980.0,2979.9,2979.9,5
2026-07-15T10:47:00+00:00,2979.8,2979.8,2979.5,2979.5,2
2026-07-15T10:48:00+00:00,2979.4,2979.4,2979.3,2979.3,2
2026-07-15T10:49:00+00:00,2979.8,2979.9,2979.8,2979.9,3
2026-07-15T10:50:00+00:00,2979.9,2980.0,2979.5,2979.5,12
2026-07-15T10:51:00+00:00,2979.9,2979.9,2979.5,2979.5,7
2026-07-15T10:52:00+00:00,2979.5,2979.5,2979.1,2979.4,9
2026-07-15T10:53:00+00:00,2979.3,2979.6,2979.2,2979.4,8
2026-07-15T10:54:00+00:00,2979.3,2979.7,2979.3,2979.7,15
2026-07-15T10:55:00+00:00,2979.6,2979.6,2979.6,2979.6,8
2026-07-15T10:56:00+00:00,2979.6,2980.0,2979.6,2980.0,20
2026-07-15T10:57:00+00:00,2979.5,2980.2,2979.5,2979.5,9
2026-07-15T10:58:00+00:00,2979.5,2979.6,2979.4,2979.4,7
2026-07-15T10:59:00+00:00,2979.0,2979.5,2978.8,2979.2,47
2026-07-15T11:00:00+00:00,2979.1,2980.4,2979.0,2980.3,53
2026-07-15T11:01:00+00:00,2980.2,2980.3,2979.8,2979.8,23
2026-07-15T11:02:00+00:00,2979.9,2981.1,2979.9,2980.8,19
2026-07-15T11:03:00+00:00,2980.8,2981.4,2980.8,2981.3,22
2026-07-15T11:04:00+00:00,2981.4,2981.8,2980.9,2981.0,20
2026-07-15T11:05:00+00:00,2981.5,2981.5,2981.5,2981.5,2
2026-07-15T11:06:00+00:00,2981.4,2981.4,2981.0,2981.0,2
2026-07-15T11:07:00+00:00,2980.5,2980.5,2979.9,2980.0,13
2026-07-15T11:08:00+00:00,2980.8,2980.9,2980.8,2980.9,3
2026-07-15T11:09:00+00:00,2980.7,2980.8,2980.6,2980.8,4
2026-07-15T11:10:00+00:00,2980.6,2980.6,2979.9,2979.9,11
2026-07-15T11:11:00+00:00,2979.6,2979.6,2978.7,2979.3,33
2026-07-15T11:12:00+00:00,2979.4,2979.4,2979.2,2979.2,5
2026-07-15T11:13:00+00:00,2979.1,2979.2,2978.8,2979.2,13
2026-07-15T11:14:00+00:00,2979.2,2979.2,2979.0,2979.1,8
2026-07-15T11:15:00+00:00,2979.1,2979.5,2979.1,2979.5,6
2026-07-15T11:16:00+00:00,2979.3,2979.3,2978.8,2979.0,8
2026-07-15T11:17:00+00:00,2979.1,2979.1,2978.4,2978.5,16
2026-07-15T11:18:00+00:00,2978.4,2979.4,2978.4,2979.4,11
2026-07-15T11:19:00+00:00,2979.0,2979.2,2979.0,2979.2,16
2026-07-15T11:20:00+00:00,2979.3,2979.3,2979.0,2979.0,4
2026-07-15T11:21:00+00:00,2978.8,2979.0,2978.7,2979.0,11
2026-07-15T11:22:00+00:00,2979.1,2979.1,2979.1,2979.1,1
2026-07-15T11:23:00+00:00,2979.4,2979.4,2979.3,2979.3,4
2026-07-15T11:24:00+00:00,2979.2,2979.3,2979.2,2979.3,3
2026-07-15T11:25:00+00:00,2979.4,2979.5,2979.2,2979.3,18
2026-07-15T11:27:00+00:00,2979.0,2979.0,2978.6,2978.7,5
2026-07-15T11:28:00+00:00,2978.5,2978.9,2978.5,2978.9,6
2026-07-15T11:29:00+00:00,2978.7,2978.8,2978.7,2978.8,2
2026-07-15T11:30:00+00:00,2978.9,2978.9,2978.2,2978.2,14
2026-07-15T11:31:00+00:00,2978.1,2978.3,2977.8,2978.1,30
2026-07-15T11:32:00+00:00,2978.2,2978.4,2977.7,2977.7,9
2026-07-15T11:33:00+00:00,2978.2,2978.7,2978.2,2978.7,7
2026-07-15T11:34:00+00:00,2978.8,2979.3,2978.8,2979.3,32
2026-07-15T11:35:00+00:00,2979.5,2979.5,2979.2,2979.2,5
2026-07-15T11:36:00+00:00,2979.4,2979.5,2979.4,2979.5,3
2026-07-15T11:37:00+00:00,2979.0,2979.4,2979.0,2979.0,10
2026-07-15T11:38:00+00:00,2979.0,2979.0,2978.9,2978.9,3
2026-07-15T11:39:00+00:00,2979.2,2979.2,2979.1,2979.1,11
2026-07-15T11:40:00+00:00,2978.9,2978.9,2978.6,2978.6,23
2026-07-15T11:41:00+00:00,2978.5,2978.8,2978.5,2978.7,25
2026-07-15T11:42:00+00:00,2979.1,2979.1,2979.1,2979.1,1
2026-07-15T11:43:00+00:00,2979.1,2979.2,2978.8,2978.8,27
2026-07-15T11:44:00+00:00,2978.9,2978.9,2978.5,2978.5,6
2026-07-15T11:45:00+00:00,2978.4,2978.6,2978.4,2978.4,4
2026-07-15T11:46:00+00:00,2978.2,2978.2,2977.6,2977.6,14
2026-07-15T11:47:00+00:00,2977.5,2977.7,2977.3,2977.7,23
2026-07-15T11:48:00+00:00,2977.9,2978.1,2977.7,2978.0,14
2026-07-15T11:49:00+00:00,2977.6,2977.6,2977.1,2977.2,20
2026-07-15T11:50:00+00:00,2977.3,2978.3,2977.3,2978.0,12
2026-07-15T11:51:00+00:00,2978.5,2978.8,2977.7,2978.8,13
2026-07-15T11:52:00+00:00,2979.1,2979.6,2979.0,2979.5,34
2026-07-15T11:53:00+00:00,2979.2,2979.2,2978.6,2978.6,10
2026-07-15T11:54:00+00:00,2979.0,2979.0,2978.9,2978.9,12
2026-07-15T11:55:00+00:00,2978.8,2979.4,2978.5,2979.0,35
2026-07-15T11:56:00+00:00,2979.3,2980.0,2979.3,2979.5,70
2026-07-15T11:57:00+00:00,2979.2,2979.2,2979.1,2979.1,4
2026-07-15T11:58:00+00:00,2979.4,2979.5,2979.2,2979.3,14
2026-07-15T11:59:00+00:00,2979.5,2979.5,2978.5,2978.5,12
2026-07-15T12:00:00+00:00,2978.9,2978.9,2978.2,2978.5,21
2026-07-15T12:01:00+00:00,2978.5,2978.7,2978.3,2978.4,29
2026-07-15T12:02:00+00:00,2978.1,2978.1,2977.9,2977.9,14
2026-07-15T12:03:00+00:00,2977.7,2977.8,2977.5,2977.8,15
2026-07-15T12:04:00+00:00,2977.3,2977.3,2976.9,2976.9,37
2026-07-15T12:05:00+00:00,2976.8,2976.8,2975.5,2975.9,92
2026-07-15T12:06:00+00:00,2975.8,2976.3,2975.8,2976.2,65
2026-07-15T12:07:00+00:00,2976.2,2977.0,2976.2,2977.0,20
2026-07-15T12:08:00+00:00,2977.0,2977.0,2976.4,2977.0,23
2026-07-15T12:09:00+00:00,2977.2,2977.5,2977.2,2977.4,7
2026-07-15T12:10:00+00:00,2977.5,2977.6,2977.2,2977.3,14
2026-07-15T12:11:00+00:00,2977.5,2977.5,2977.5,2977.5,2
2026-07-15T12:12:00+00:00,2977.7,2978.0,2977.4,2977.4,21
2026-07-15T12:13:00+00:00,2977.2,2977.3,2976.3,2977.3,41
2026-07-15T12:14:00+00:00,2977.3,2977.5,2977.3,2977.3,10
2026-07-15T12:15:00+00:00,2977.5,2978.4,2977.5,2978.2,20
2026-07-15T12:16:00+00:00,2978.2,2978.6,2977.9,2978.4,22
2026-07-15T12:17:00+00:00,2978.2,2978.6,2978.2,2978.4,12
2026-07-15T12:18:00+00:00,2978.7,2978.7,2978.1,2978.2,28
2026-07-15T12:19:00+00:00,2978.4,2978.7,2978.4,2978.4,19
2026-07-15T12:20:00+00:00,2978.4,2978.5,2977.8,2977.8,35
2026-07-15T12:21:00+00:00,2978.0,2978.0,2976.3,2976.3,49
2026-07-15T12:22:00+00:00,2976.3,2977.6,2976.2,2977.5,48
2026-07-15T12:23:00+00:00,2977.3,2977.7,2977.3,2977.6,27
2026-07-15T12:24:00+00:00,2977.8,2978.1,2977.7,2977.8,15
2026-07-15T12:25:00+00:00,2977.4,2977.5,2977.3,2977.5,12
2026-07-15T12:26:00+00:00,2977.4,2977.4,2976.8,2977.0,10
2026-07-15T12:27:00+00:00,2977.1,2977.3,2976.7,2977.3,56
2026-07-15T12:28:00+00:00,2977.2,2977.4,2977.0,2977.0,11
2026-07-15T12:29:00+00:00,2977.1,2977.4,2976.7,2977.3,30
2026-07-15T12:30:00+00:00,2977.8,2985.9,2977.8,2982.7,578
2026-07-15T12:31:00+00:00,2982.9,2984.6,2982.4,2983.3,223
2026-07-15T12:32:00+00:00,2983.2,2984.9,2982.7,2984.0,129
2026-07-15T12:33:00+00:00,2983.7,2984.4,2983.2,2983.6,65
2026-07-15T12:34:00+00:00,2983.3,2985.1,2983.3,2984.6,108
2026-07-15T12:35:00+00:00,2984.8,2985.5,2984.1,2984.7,71
2026-07-15T12:36:00+00:00,2984.8,2985.3,2984.0,2984.6,79
2026-07-15T12:37:00+00:00,2984.8,2985.5,2983.9,2985.4,81
2026-07-15T12:38:00+00:00,2985.2,2986.1,2985.0,2985.7,93
2026-07-15T12:39:00+00:00,2985.7,2985.9,2985.1,2985.5,105
2026-07-15T12:40:00+00:00,2985.8,2986.7,2985.5,2986.6,157
2026-07-15T12:41:00+00:00,2986.6,2986.7,2985.9,2986.3,63
2026-07-15T12:42:00+00:00,2986.5,2991.0,2986.4,2990.9,393
2026-07-15T12:43:00+00:00,2990.9,2991.5,2989.0,2989.6,203
2026-07-15T12:44:00+00:00,2989.5,2989.7,2988.2,2989.1,130
2026-07-15T12:45:00+00:00,2989.2,2989.2,2987.7,2988.1,132
2026-07-15T12:46:00+00:00,2988.0,2988.3,2987.4,2987.6,82
2026-07-15T12:47:00+00:00,2987.4,2988.0,2987.1,2987.1,52
2026-07-15T12:48:00+00:00,2987.2,2989.1,2987.1,2989.1,78
2026-07-15T12:49:00+00:00,2988.9,2989.7,2988.3,2989.1,110
2026-07-15T12:50:00+00:00,2989.0,2989.8,2988.7,2989.3,111
2026-07-15T12:51:00+00:00,2989.2,2989.7,2988.8,2988.8,42
2026-07-15T12:52:00+00:00,2988.8,2989.9,2988.8,2988.8,42
2026-07-15T12:53:00+00:00,2988.8,2989.3,2988.8,2989.0,34
2026-07-15T12:54:00+00:00,2988.9,2989.1,2988.2,2988.9,39
2026-07-15T12:55:00+00:00,2988.8,2989.3,2988.5,2988.6,38
2026-07-15T12:56:00+00:00,2988.6,2989.0,2988.2,2988.4,25
2026-07-15T12:57:00+00:00,2988.4,2988.6,2988.1,2988.5,35
2026-07-15T12:58:00+00:00,2988.7,2989.6,2988.7,2989.2,81
2026-07-15T12:59:00+00:00,2989.2,2989.2,2988.3,2988.9,57
2026-07-15T13:00:00+00:00,2989.2,2990.6,2988.6,2988.9,142
2026-07-15T13:01:00+00:00,2988.9,2989.0,2987.7,2988.0,70
2026-07-15T13:02:00+00:00,2988.1,2989.5,2988.1,2989.4,25
2026-07-15T13:03:00+00:00,2989.5,2990.3,2989.4,2990.0,63
2026-07-15T13:04:00+00:00,2989.8,2991.1,2989.8,2990.7,56
2026-07-15T13:05:00+00:00,2990.7,2991.7,2990.7,2991.5,58
2026-07-15T13:06:00+00:00,2991.4,2991.7,2990.4,2991.0,45
2026-07-15T13:07:00+00:00,2991.1,2991.7,2990.5,2990.6,56
2026-07-15T13:08:00+00:00,2990.7,2990.8,2989.4,2989.6,52
2026-07-15T13:09:00+00:00,2989.5,2989.6,2988.2,2988.3,106
2026-07-15T13:10:00+00:00,2988.2,2988.4,2987.0,2987.7,161
2026-07-15T13:11:00+00:00,2987.7,2988.2,2987.5,2987.9,68
2026-07-15T13:12:00+00:00,2987.9,2988.9,2987.5,2987.8,62
2026-07-15T13:13:00+00:00,2987.7,2987.8,2987.2,2987.4,50
2026-07-15T13:14:00+00:00,2987.5,2987.7,2987.1,2987.5,56
2026-07-15T13:15:00+00:00,2987.3,2987.9,2987.3,2987.5,36
2026-07-15T13:16:00+00:00,2987.5,2987.7,2987.0,2987.5,33
2026-07-15T13:17:00+00:00,2987.6,2987.6,2987.0,2987.5,35
2026-07-15T13:18:00+00:00,2987.4,2988.1,2987.4,2988.0,35
2026-07-15T13:19:00+00:00,2987.9,2988.7,2987.9,2988.7,27
2026-07-15T13:20:00+00:00,2988.6,2988.8,2988.1,2988.4,37
2026-07-15T13:21:00+00:00,2988.5,2989.4,2988.4,2988.6,91
2026-07-15T13:22:00+00:00,2988.6,2989.9,2988.6,2989.7,61
2026-07-15T13:23:00+00:00,2989.7,2989.8,2988.8,2989.1,32
2026-07-15T13:24:00+00:00,2989.1,2989.1,2988.4,2988.5,29
2026-07-15T13:25:00+00:00,2988.4,2988.7,2987.4,2987.7,86
2026-07-15T13:26:00+00:00,2987.8,2988.0,2987.1,2987.1,51
2026-07-15T13:27:00+00:00,2987.0,2987.0,2985.3,2985.4,256
2026-07-15T13:29:00+00:00,2987.6,2989.1,2986.7,2987.1,285
2026-07-15T13:30:00+00:00,2987.1,2992.7,2985.8,2990.5,2097
2026-07-15T13:31:00+00:00,2990.7,2995.7,2990.0,2995.6,1060
2026-07-15T13:32:00+00:00,2995.5,2995.5,2992.5,2993.0,618
2026-07-15T13:33:00+00:00,2993.1,2993.9,2991.9,2993.0,435
2026-07-15T13:34:00+00:00,2993.1,2993.5,2990.9,2992.6,531
2026-07-15T13:35:00+00:00,2992.6,2992.8,2989.3,2990.3,451
2026-07-15T13:36:00+00:00,2990.5,2991.3,2988.2,2990.4,399
2026-07-15T13:37:00+00:00,2990.2,2991.7,2987.7,2988.2,390
2026-07-15T13:38:00+00:00,2988.1,2989.9,2984.5,2984.7,798
2026-07-15T13:39:00+00:00,2984.7,2986.3,2984.4,2985.7,379
2026-07-15T13:40:00+00:00,2985.4,2986.3,2983.4,2985.5,440
2026-07-15T13:41:00+00:00,2985.4,2985.7,2983.3,2983.4,238
2026-07-15T13:42:00+00:00,2983.3,2984.3,2982.7,2983.9,310
2026-07-15T13:43:00+00:00,2983.7,2986.8,2983.7,2986.7,221
2026-07-15T13:44:00+00:00,2986.7,2987.2,2984.6,2984.8,249
2026-07-15T13:45:00+00:00,2984.9,2985.5,2980.6,2980.8,568
2026-07-15T13:46:00+00:00,2980.7,2982.3,2979.5,2981.1,489
2026-07-15T13:47:00+00:00,2980.9,2982.8,2979.8,2980.9,321
2026-07-15T13:48:00+00:00,2980.6,2982.4,2979.4,2981.6,375
2026-07-15T13:49:00+00:00,2981.6,2984.0,2980.7,2983.8,224
2026-07-15T13:50:00+00:00,2983.6,2983.9,2980.9,2982.5,354
2026-07-15T13:51:00+00:00,2982.6,2983.3,2980.9,2983.2,245
2026-07-15T13:52:00+00:00,2982.9,2986.4,2982.5,2985.8,500
2026-07-15T13:53:00+00:00,2985.6,2985.9,2984.1,2984.8,276
2026-07-15T13:54:00+00:00,2984.9,2989.0,2984.9,2988.3,537
2026-07-15T13:55:00+00:00,2988.2,2989.5,2986.6,2988.1,474
2026-07-15T13:56:00+00:00,2988.2,2990.7,2988.1,2990.2,570
2026-07-15T13:57:00+00:00,2990.5,2992.8,2990.4,2992.2,403
2026-07-15T13:58:00+00:00,2992.2,2994.9,2992.1,2994.5,644
2026-07-15T13:59:00+00:00,2994.4,2994.7,2991.2,2991.8,586
2026-07-15T14:00:00+00:00,2992.0,2994.5,2992.0,2994.5,385
2026-07-15T14:01:00+00:00,2994.4,2996.6,2994.0,2995.9,627
2026-07-15T14:02:00+00:00,2995.9,2995.9,2993.9,2995.5,221
2026-07-15T14:03:00+00:00,2995.4,2997.4,2995.3,2996.1,326
2026-07-15T14:04:00+00:00,2996.3,2996.9,2993.5,2993.7,280
2026-07-15T14:05:00+00:00,2993.7,2996.6,2992.2,2995.9,429
2026-07-15T14:06:00+00:00,2996.0,2998.9,2995.3,2998.7,473
2026-07-15T14:07:00+00:00,2998.6,2998.8,2996.7,2997.0,192
2026-07-15T14:08:00+00:00,2997.1,2997.9,2995.7,2997.0,258
2026-07-15T14:09:00+00:00,2996.9,2996.9,2995.4,2995.4,200
2026-07-15T14:10:00+00:00,2995.3,2997.6,2995.1,2995.7,612
2026-07-15T14:11:00+00:00,2995.7,2997.5,2995.2,2997.1,206
2026-07-15T14:12:00+00:00,2996.9,2997.6,2995.9,2997.5,127
2026-07-15T14:13:00+00:00,2997.4,2997.5,2995.4,2995.9,138
2026-07-15T14:14:00+00:00,2995.9,2996.5,2993.8,2996.1,436
2026-07-15T14:15:00+00:00,2996.2,2997.7,2995.5,2996.8,265
2026-07-15T14:16:00+00:00,2996.7,2998.6,2996.5,2997.8,303
2026-07-15T14:17:00+00:00,2997.8,2998.6,2996.4,2996.5,161
2026-07-15T14:18:00+00:00,2996.5,2996.5,2994.4,2994.8,170
2026-07-15T14:19:00+00:00,2994.8,2997.4,2994.4,2994.5,163
2026-07-15T14:20:00+00:00,2994.9,2994.9,2991.9,2994.0,566
2026-07-15T14:21:00+00:00,2993.6,2994.9,2992.1,2994.7,417
2026-07-15T14:22:00+00:00,2994.8,2995.5,2993.9,2994.6,204
2026-07-15T14:23:00+00:00,2994.4,2994.8,2991.4,2992.3,263
2026-07-15T14:24:00+00:00,2992.2,2992.9,2989.7,2992.6,592
2026-07-15T14:25:00+00:00,2992.5,2993.1,2990.8,2993.0,395
2026-07-15T14:26:00+00:00,2993.0,2994.8,2992.6,2994.7,276
2026-07-15T14:27:00+00:00,2994.9,2997.2,2994.1,2996.8,430
2026-07-15T14:28:00+00:00,2996.7,2998.0,2995.9,2996.3,287
2026-07-15T14:29:00+00:00,2996.3,2999.0,2996.3,2997.0,381
2026-07-15T14:30:00+00:00,2997.3,2999.6,2996.8,2998.2,328
2026-07-15T14:31:00+00:00,2998.2,2998.4,2996.3,2996.6,213
2026-07-15T14:32:00+00:00,2996.5,2998.1,2995.1,2997.6,266
2026-07-15T14:33:00+00:00,2998.1,3000.2,2997.7,3000.2,359
2026-07-15T14:34:00+00:00,3000.2,3001.4,2999.4,3001.0,354
2026-07-15T14:35:00+00:00,3001.2,3001.9,2998.9,2999.5,319
2026-07-15T14:36:00+00:00,2999.8,2999.8,2996.9,2996.9,263
2026-07-15T14:37:00+00:00,2997.1,2998.2,2996.1,2996.5,268
2026-07-15T14:38:00+00:00,2996.8,2997.8,2995.2,2997.5,372
2026-07-15T14:39:00+00:00,2997.4,2997.9,2995.2,2996.0,335
2026-07-15T14:40:00+00:00,2996.2,2997.5,2994.8,2996.7,497
2026-07-15T14:41:00+00:00,2996.4,2998.0,2995.4,2997.7,241
2026-07-15T14:42:00+00:00,2997.7,2997.8,2993.4,2994.2,481
2026-07-15T14:43:00+00:00,2994.1,2996.6,2993.6,2996.1,255
2026-07-15T14:44:00+00:00,2996.1,2998.6,2995.9,2998.5,320
2026-07-15T14:45:00+00:00,2998.4,2998.4,2994.6,2994.6,359
2026-07-15T14:46:00+00:00,2994.6,2995.4,2993.5,2994.4,220
2026-07-15T14:47:00+00:00,2994.7,2995.1,2993.8,2994.7,171
2026-07-15T14:48:00+00:00,2994.5,2997.1,2994.0,2996.2,221
2026-07-15T14:49:00+00:00,2995.7,2997.4,2995.0,2996.6,119
2026-07-15T14:50:00+00:00,2996.5,2998.1,2995.4,2996.9,160
2026-07-15T14:51:00+00:00,2996.7,2996.9,2995.0,2996.2,139
2026-07-15T14:52:00+00:00,2996.3,2999.0,2996.0,2996.1,390
2026-07-15T14:53:00+00:00,2996.0,2997.6,2995.7,2996.2,173
2026-07-15T14:54:00+00:00,2996.2,2996.3,2994.4,2996.3,130
2026-07-15T14:55:00+00:00,2996.4,2997.0,2995.6,2997.0,171
2026-07-15T14:56:00+00:00,2996.8,2998.9,2996.4,2998.3,269
2026-07-15T14:57:00+00:00,2998.3,2999.5,2998.0,2998.0,182
2026-07-15T14:58:00+00:00,2998.1,2999.7,2997.3,2998.5,167
2026-07-15T14:59:00+00:00,2998.3,3001.0,2998.3,3000.6,255
2026-07-15T15:00:00+00:00,3000.7,3002.9,3000.1,3002.5,597
2026-07-15T15:01:00+00:00,3002.5,3003.1,2999.6,2999.6,396
2026-07-15T15:02:00+00:00,2999.7,3002.4,2999.4,3002.2,253
2026-07-15T15:03:00+00:00,3002.3,3002.3,2999.8,3000.0,189
2026-07-15T15:04:00+00:00,2999.8,3001.1,2999.6,3000.6,129
2026-07-15T15:05:00+00:00,3001.0,3002.0,2999.1,3002.0,325
2026-07-15T15:06:00+00:00,3002.0,3002.7,3001.1,3001.8,179
2026-07-15T15:07:00+00:00,3001.9,3003.7,3000.8,3003.4,249
2026-07-15T15:08:00+00:00,3003.4,3005.2,3003.3,3004.9,391
2026-07-15T15:09:00+00:00,3005.1,3006.1,3003.8,3003.9,431
2026-07-15T15:10:00+00:00,3003.8,3004.5,3001.1,3002.0,336
2026-07-15T15:11:00+00:00,3001.9,3002.1,3000.7,3001.7,216
2026-07-15T15:12:00+00:00,3001.7,3002.0,2999.9,3000.3,323
2026-07-15T15:13:00+00:00,3000.4,3002.1,2999.9,3000.6,140
2026-07-15T15:14:00+00:00,3000.4,3000.5,2997.3,2997.6,436
2026-07-15T15:15:00+00:00,2997.7,2997.9,2995.0,2995.4,376
2026-07-15T15:16:00+00:00,2995.5,2996.4,2993.8,2994.7,389
2026-07-15T15:17:00+00:00,2994.6,2997.3,2992.8,2997.1,478
2026-07-15T15:18:00+00:00,2997.1,2999.3,2996.9,2999.3,220
2026-07-15T15:19:00+00:00,2999.2,2999.6,2997.9,2998.0,204
2026-07-15T15:20:00+00:00,2998.0,2998.0,2994.8,2995.0,240
2026-07-15T15:21:00+00:00,2995.1,2995.1,2993.3,2993.8,265
2026-07-15T15:22:00+00:00,2993.6,2993.7,2991.1,2991.3,285
2026-07-15T15:23:00+00:00,2991.3,2992.7,2990.2,2992.4,322
2026-07-15T15:24:00+00:00,2992.5,2993.7,2992.1,2993.6,209
2026-07-15T15:25:00+00:00,2993.7,2994.8,2992.4,2993.5,1010
2026-07-15T15:26:00+00:00,2993.5,2994.0,2992.7,2993.5,235
2026-07-15T15:27:00+00:00,2993.6,2994.7,2993.1,2993.7,144
2026-07-15T15:28:00+00:00,2993.8,2994.9,2993.3,2993.3,169
2026-07-15T15:29:00+00:00,2993.1,2995.6,2992.7,2995.1,162
2026-07-15T15:30:00+00:00,2995.2,2995.5,2993.2,2993.4,233
2026-07-15T15:31:00+00:00,2993.6,2994.6,2992.3,2994.5,227
2026-07-15T15:32:00+00:00,2994.6,2996.0,2994.1,2995.8,140
2026-07-15T15:33:00+00:00,2995.5,2996.5,2995.2,2995.2,101
2026-07-15T15:34:00+00:00,2995.1,2995.5,2993.6,2993.7,214
2026-07-15T15:35:00+00:00,2993.4,2994.2,2992.3,2993.3,178
2026-07-15T15:36:00+00:00,2993.1,2994.6,2992.1,2994.1,280
2026-07-15T15:37:00+00:00,2994.3,2995.0,2992.8,2993.2,165
2026-07-15T15:38:00+00:00,2993.7,2995.1,2993.3,2994.9,92
2026-07-15T15:39:00+00:00,2995.2,2995.7,2994.6,2994.8,111
2026-07-15T15:40:00+00:00,2995.5,2996.3,2995.4,2996.2,110
2026-07-15T15:41:00+00:00,2996.3,2996.7,2994.3,2995.5,192
2026-07-15T15:42:00+00:00,2995.6,2996.2,2994.9,2996.0,91
2026-07-15T15:43:00+00:00,2996.0,2996.1,2994.2,2995.7,81
2026-07-15T15:44:00+00:00,2995.8,2995.8,2994.2,2995.1,71
2026-07-15T15:45:00+00:00,2994.9,2994.9,2994.0,2994.2,141
2026-07-15T15:46:00+00:00,2994.3,2995.0,2993.5,2994.5,241
2026-07-15T15:47:00+00:00,2994.6,2995.3,2993.0,2993.1,171
2026-07-15T15:48:00+00:00,2993.1,2993.8,2992.2,2993.8,199
2026-07-15T15:49:00+00:00,2993.5,2995.2,2992.9,2992.9,143
2026-07-15T15:50:00+00:00,2992.9,2993.1,2991.0,2991.4,168
2026-07-15T15:51:00+00:00,2991.7,2992.6,2990.9,2992.1,123
2026-07-15T15:52:00+00:00,2992.4,2993.4,2992.3,2993.1,96
2026-07-15T15:53:00+00:00,2993.4,2993.6,2992.0,2992.4,96
2026-07-15T15:54:00+00:00,2992.7,2993.5,2992.1,2993.5,71
2026-07-15T15:55:00+00:00,2993.2,2993.3,2991.8,2991.8,57
2026-07-15T15:56:00+00:00,2992.1,2992.1,2990.1,2991.1,185
2026-07-15T15:57:00+00:00,2991.2,2991.6,2990.6,2991.0,111
2026-07-15T15:58:00+00:00,2991.1,2993.3,2991.1,2992.6,109
2026-07-15T15:59:00+00:00,2993.0,2993.0,2991.9,2992.1,97
2026-07-15T16:00:00+00:00,2992.0,2993.0,2991.2,2992.0,134
2026-07-15T16:01:00+00:00,2991.7,2991.7,2988.3,2988.8,519
2026-07-15T16:02:00+00:00,2988.9,2990.1,2988.7,2989.5,176
2026-07-15T16:03:00+00:00,2989.4,2989.8,2985.5,2987.6,777
2026-07-15T16:04:00+00:00,2987.9,2990.0,2987.6,2989.5,213
2026-07-15T16:05:00+00:00,2989.3,2989.6,2986.2,2986.5,267
2026-07-15T16:06:00+00:00,2986.4,2986.8,2984.7,2985.3,313
2026-07-15T16:07:00+00:00,2985.4,2987.0,2985.4,2986.1,139
2026-07-15T16:08:00+00:00,2986.2,2986.7,2985.2,2985.8,183
2026-07-15T16:09:00+00:00,2985.6,2987.4,2985.4,2987.2,179
2026-07-15T16:10:00+00:00,2987.0,2987.3,2985.9,2986.9,186
2026-07-15T16:11:00+00:00,2986.8,2986.8,2985.2,2986.0,138
2026-07-15T16:12:00+00:00,2985.9,2986.3,2985.1,2986.1,110
2026-07-15T16:13:00+00:00,2986.0,2986.0,2983.8,2984.0,175
2026-07-15T16:14:00+00:00,2984.0,2984.0,2980.9,2981.1,335
2026-07-15T16:15:00+00:00,2980.8,2983.3,2980.6,2983.2,431
2026-07-15T16:16:00+00:00,2983.2,2983.4,2980.8,2981.1,139
2026-07-15T16:17:00+00:00,2980.9,2981.2,2979.0,2980.9,423
2026-07-15T16:18:00+00:00,2980.8,2981.6,2979.3,2981.5,260
2026-07-15T16:19:00+00:00,2981.5,2981.9,2979.7,2980.5,151
2026-07-15T16:20:00+00:00,2980.4,2981.3,2980.1,2980.3,168
2026-07-15T16:21:00+00:00,2980.3,2981.6,2980.2,2980.8,149
2026-07-15T16:22:00+00:00,2980.8,2981.6,2978.3,2979.1,212
2026-07-15T16:23:00+00:00,2979.1,2980.6,2978.9,2979.8,138
2026-07-15T16:24:00+00:00,2979.5,2979.5,2977.2,2977.9,328
2026-07-15T16:25:00+00:00,2977.7,2980.8,2977.5,2979.7,305
2026-07-15T16:26:00+00:00,2979.8,2980.3,2978.4,2979.3,194
2026-07-15T16:27:00+00:00,2979.3,2980.8,2978.0,2978.2,108
2026-07-15T16:28:00+00:00,2978.1,2980.0,2977.8,2979.8,182
2026-07-15T16:29:00+00:00,2979.8,2981.7,2979.6,2981.0,257
2026-07-15T16:30:00+00:00,2980.9,2982.5,2980.7,2982.0,261
2026-07-15T16:31:00+00:00,2982.0,2982.0,2979.5,2979.9,115
2026-07-15T16:32:00+00:00,2980.0,2980.2,2978.9,2979.8,96
2026-07-15T16:33:00+00:00,2979.9,2979.9,2977.9,2978.3,105
2026-07-15T16:34:00+00:00,2978.1,2979.0,2976.7,2977.2,161
2026-07-15T16:35:00+00:00,2977.4,2977.6,2976.1,2977.6,99
2026-07-15T16:36:00+00:00,2977.6,2978.1,2976.8,2977.8,61
2026-07-15T16:37:00+00:00,2977.8,2979.1,2977.5,2979.0,72
2026-07-15T16:38:00+00:00,2978.7,2979.8,2977.5,2978.1,116
2026-07-15T16:39:00+00:00,2978.1,2979.1,2977.6,2978.3,102
2026-07-15T16:40:00+00:00,2978.4,2978.5,2978.0,2978.3,130
2026-07-15T16:41:00+00:00,2978.4,2980.2,2978.0,2978.5,153
2026-07-15T16:42:00+00:00,2978.7,2979.1,2978.0,2978.4,97
2026-07-15T16:43:00+00:00,2978.4,2979.7,2978.4,2979.3,64
2026-07-15T16:44:00+00:00,2979.4,2982.4,2979.4,2982.3,192
2026-07-15T16:45:00+00:00,2982.3,2983.1,2980.9,2981.0,283
2026-07-15T16:46:00+00:00,2981.0,2991.1,2980.5,2985.4,2478
2026-07-15T16:47:00+00:00,2985.4,2985.9,2983.5,2983.6,437
2026-07-15T16:48:00+00:00,2983.6,2984.8,2983.3,2983.4,143
2026-07-15T16:49:00+00:00,2983.7,2984.6,2983.6,2983.7,136
2026-07-15T16:50:00+00:00,2983.5,2986.2,2983.5,2985.7,210
2026-07-15T16:51:00+00:00,2986.2,2986.7,2985.3,2986.0,167
2026-07-15T16:52:00+00:00,2986.0,2987.6,2985.7,2987.0,142
2026-07-15T16:53:00+00:00,2987.1,2987.1,2985.8,2986.2,89
2026-07-15T16:54:00+00:00,2986.0,2986.0,2983.7,2984.0,164
2026-07-15T16:55:00+00:00,2984.0,2984.7,2982.9,2983.1,129
2026-07-15T16:56:00+00:00,2983.1,2983.4,2982.4,2982.7,56
2026-07-15T16:57:00+00:00,2982.5,2983.6,2981.8,2983.6,147
2026-07-15T16:58:00+00:00,2983.5,2985.5,2983.2,2985.0,106
2026-07-15T16:59:00+00:00,2985.0,2985.9,2985.0,2985.9,69
2026-07-15T17:00:00+00:00,2985.9,2987.9,2985.2,2987.2,213
2026-07-15T17:01:00+00:00,2987.4,2988.3,2987.3,2987.4,79
2026-07-15T17:02:00+00:00,2987.4,2988.3,2987.0,2987.1,91
2026-07-15T17:03:00+00:00,2987.0,2987.8,2986.8,2987.5,70
2026-07-15T17:04:00+00:00,2987.4,2987.5,2985.9,2985.9,107
2026-07-15T17:05:00+00:00,2986.0,2986.5,2985.6,2986.1,76
2026-07-15T17:06:00+00:00,2985.7,2988.1,2985.7,2986.3,117
2026-07-15T17:07:00+00:00,2986.3,2987.3,2986.2,2987.1,48
2026-07-15T17:08:00+00:00,2987.4,2988.1,2987.4,2987.5,58
2026-07-15T17:09:00+00:00,2987.4,2987.5,2986.2,2986.5,146
2026-07-15T17:10:00+00:00,2986.4,2987.5,2985.7,2987.5,60
2026-07-15T17:11:00+00:00,2987.5,2987.9,2986.7,2986.7,51
2026-07-15T17:12:00+00:00,2986.8,2988.6,2986.8,2988.4,81
2026-07-15T17:13:00+00:00,2988.5,2988.8,2987.3,2987.4,46
2026-07-15T17:14:00+00:00,2987.2,2987.2,2986.0,2986.1,105
2026-07-15T17:15:00+00:00,2986.1,2987.3,2985.9,2987.0,71
2026-07-15T17:16:00+00:00,2987.1,2987.6,2986.7,2987.6,50
2026-07-15T17:17:00+00:00,2987.5,2989.3,2987.3,2988.8,142
2026-07-15T17:18:00+00:00,2988.8,2990.1,2988.7,2989.9,116
2026-07-15T17:19:00+00:00,2990.0,2991.1,2989.7,2990.0,257
2026-07-15T17:20:00+00:00,2990.1,2991.5,2989.4,2989.4,147
2026-07-15T17:21:00+00:00,2989.4,2989.4,2988.7,2989.0,58
2026-07-15T17:22:00+00:00,2989.0,2989.4,2988.8,2989.4,34
2026-07-15T17:23:00+00:00,2989.5,2990.4,2989.5,2989.9,53
2026-07-15T17:24:00+00:00,2990.2,2990.5,2989.7,2990.3,30
2026-07-15T17:25:00+00:00,2990.4,2990.8,2989.9,2990.8,49
2026-07-15T17:26:00+00:00,2990.8,2990.9,2990.6,2990.6,50
2026-07-15T17:27:00+00:00,2990.4,2990.5,2989.2,2990.3,85
2026-07-15T17:28:00+00:00,2990.2,2990.8,2990.0,2990.0,51
2026-07-15T17:29:00+00:00,2990.2,2992.9,2990.2,2992.8,302
2026-07-15T17:30:00+00:00,2992.7,2994.2,2992.3,2993.7,521
2026-07-15T17:31:00+00:00,2993.8,2994.1,2992.7,2993.2,137
2026-07-15T17:32:00+00:00,2993.2,2993.5,2992.1,2993.2,185
2026-07-15T17:33:00+00:00,2993.3,2994.2,2992.7,2993.3,194
2026-07-15T17:34:00+00:00,2993.2,2993.8,2992.9,2993.4,112
2026-07-15T17:35:00+00:00,2993.9,2994.7,2993.5,2994.2,105
2026-07-15T17:36:00+00:00,2994.2,2994.9,2993.6,2994.3,161
2026-07-15T17:37:00+00:00,2994.2,2994.8,2993.9,2994.5,65
2026-07-15T17:38:00+00:00,2994.3,2995.2,2993.9,2995.0,94
2026-07-15T17:39:00+00:00,2994.9,2995.6,2994.6,2995.2,109
2026-07-15T17:40:00+00:00,2995.1,2996.1,2994.5,2995.0,141
2026-07-15T17:41:00+00:00,2994.9,2995.6,2994.2,2994.7,89
2026-07-15T17:42:00+00:00,2994.7,2995.2,2994.7,2995.0,44
2026-07-15T17:43:00+00:00,2994.9,2995.6,2994.7,2995.5,45
2026-07-15T17:44:00+00:00,2994.8,2995.3,2994.8,2995.3,53
2026-07-15T17:45:00+00:00,2995.3,2995.4,2993.9,2994.8,229
2026-07-15T17:46:00+00:00,2995.0,2997.0,2994.9,2996.7,239
2026-07-15T17:47:00+00:00,2996.7,2997.6,2996.7,2997.4,146
2026-07-15T17:48:00+00:00,2997.4,2998.0,2996.5,2996.8,108
2026-07-15T17:49:00+00:00,2996.7,2998.0,2996.5,2998.0,94
2026-07-15T17:50:00+00:00,2997.7,2998.2,2996.7,2996.8,79
2026-07-15T17:51:00+00:00,2996.6,2996.8,2995.5,2995.6,189
2026-07-15T17:52:00+00:00,2995.5,2997.3,2995.5,2997.2,134
2026-07-15T17:53:00+00:00,2997.1,2997.7,2996.6,2996.9,143
2026-07-15T17:54:00+00:00,2996.9,2997.6,2996.3,2997.3,103
2026-07-15T17:55:00+00:00,2997.2,2997.7,2996.6,2997.4,104
2026-07-15T17:56:00+00:00,2997.4,2997.6,2996.4,2996.5,98
2026-07-15T17:57:00+00:00,2996.6,2997.8,2996.5,2997.7,54
2026-07-15T17:58:00+00:00,2997.6,2998.1,2997.4,2998.0,57
2026-07-15T17:59:00+00:00,2997.9,2998.2,2997.5,2998.0,133
2026-07-15T18:00:00+00:00,2997.9,2998.4,2997.2,2997.9,100
2026-07-15T18:01:00+00:00,2998.0,2998.6,2997.7,2998.4,94
2026-07-15T18:02:00+00:00,2998.7,2998.9,2997.7,2998.0,77
2026-07-15T18:03:00+00:00,2998.1,2998.6,2998.0,2998.1,42
2026-07-15T18:04:00+00:00,2998.5,2998.5,2996.4,2996.4,83
2026-07-15T18:05:00+00:00,2996.4,2996.9,2995.7,2996.1,94
2026-07-15T18:06:00+00:00,2996.3,2996.9,2996.0,2996.9,98
2026-07-15T18:07:00+00:00,2996.8,2996.8,2994.9,2995.1,113
2026-07-15T18:08:00+00:00,2995.2,2995.6,2995.0,2995.1,67
2026-07-15T18:09:00+00:00,2995.0,2995.3,2994.5,2994.5,116
2026-07-15T18:10:00+00:00,2994.6,2995.4,2994.6,2995.1,66
2026-07-15T18:11:00+00:00,2995.3,2995.7,2995.0,2995.5,47
2026-07-15T18:12:00+00:00,2995.7,2995.7,2994.7,2995.3,32
2026-07-15T18:13:00+00:00,2995.3,2995.5,2994.6,2994.6,46
2026-07-15T18:14:00+00:00,2994.4,2994.5,2993.5,2993.6,229
2026-07-15T18:15:00+00:00,2993.6,2993.6,2991.5,2991.7,190
2026-07-15T18:16:00+00:00,2991.7,2992.3,2991.6,2991.9,103
2026-07-15T18:17:00+00:00,2991.8,2993.0,2991.6,2992.0,137
2026-07-15T18:18:00+00:00,2992.1,2992.5,2991.2,2992.3,85
2026-07-15T18:19:00+00:00,2992.2,2992.7,2991.9,2992.0,78
2026-07-15T18:20:00+00:00,2992.1,2993.7,2992.1,2993.5,81
2026-07-15T18:21:00+00:00,2993.4,2994.4,2993.4,2994.3,193
2026-07-15T18:22:00+00:00,2994.2,2994.8,2993.5,2993.7,121
2026-07-15T18:23:00+00:00,2993.4,2993.4,2992.4,2993.0,71
2026-07-15T18:24:00+00:00,2993.0,2993.5,2992.9,2993.1,41
2026-07-15T18:25:00+00:00,2992.8,2993.3,2992.6,2993.1,61
2026-07-15T18:26:00+00:00,2993.0,2993.4,2992.5,2992.6,58
2026-07-15T18:27:00+00:00,2992.4,2993.0,2992.1,2993.0,64
2026-07-15T18:28:00+00:00,2992.8,2993.1,2992.4,2992.8,100
2026-07-15T18:29:00+00:00,2992.8,2992.8,2992.2,2992.5,127
2026-07-15T18:30:00+00:00,2992.4,2992.7,2991.9,2992.0,104
2026-07-15T18:31:00+00:00,2992.1,2994.0,2992.1,2993.9,144
2026-07-15T18:32:00+00:00,2994.0,2995.5,2993.8,2995.3,144
2026-07-15T18:33:00+00:00,2995.2,2995.2,2994.0,2994.0,41
2026-07-15T18:34:00+00:00,2994.1,2994.3,2993.7,2994.2,32
2026-07-15T18:35:00+00:00,2993.3,2993.3,2991.9,2992.5,90
2026-07-15T18:36:00+00:00,2992.7,2992.7,2991.5,2991.9,95
2026-07-15T18:37:00+00:00,2992.0,2992.4,2991.3,2992.4,42
2026-07-15T18:38:00+00:00,2992.3,2992.6,2991.7,2991.8,40
2026-07-15T18:39:00+00:00,2991.8,2992.2,2991.6,2991.9,43
2026-07-15T18:40:00+00:00,2991.9,2992.4,2991.6,2991.7,41
2026-07-15T18:41:00+00:00,2992.0,2992.7,2992.0,2992.3,30
2026-07-15T18:42:00+00:00,2992.3,2992.4,2991.3,2991.3,60
2026-07-15T18:43:00+00:00,2991.5,2992.0,2991.4,2992.0,37
2026-07-15T18:44:00+00:00,2991.8,2991.8,2989.9,2990.3,197
2026-07-15T18:45:00+00:00,2990.5,2990.9,2989.8,2990.3,150
2026-07-15T18:46:00+00:00,2990.4,2990.7,2987.5,2989.1,660
2026-07-15T18:47:00+00:00,2989.0,2990.3,2989.0,2989.4,316
2026-07-15T18:48:00+00:00,2989.3,2989.6,2989.1,2989.5,63
2026-07-15T18:49:00+00:00,2989.3,2989.6,2988.3,2988.3,73
2026-07-15T18:50:00+00:00,2988.3,2988.8,2987.8,2988.8,113
2026-07-15T18:51:00+00:00,2988.7,2988.7,2987.2,2987.5,193
2026-07-15T18:52:00+00:00,2987.6,2989.1,2987.4,2988.9,103
2026-07-15T18:53:00+00:00,2988.9,2988.9,2987.8,2987.9,55
2026-07-15T18:54:00+00:00,2988.0,2989.3,2987.8,2989.2,94
2026-07-15T18:55:00+00:00,2989.2,2990.1,2988.8,2989.1,131
2026-07-15T18:56:00+00:00,2989.0,2989.2,2988.3,2988.3,79
2026-07-15T18:57:00+00:00,2988.5,2988.9,2988.1,2988.2,95
2026-07-15T18:58:00+00:00,2988.2,2988.9,2986.7,2987.4,139
2026-07-15T18:59:00+00:00,2987.4,2987.7,2987.2,2987.3,125
2026-07-15T19:00:00+00:00,2987.4,2987.5,2985.9,2986.4,189
2026-07-15T19:01:00+00:00,2986.3,2986.8,2985.8,2986.8,178
2026-07-15T19:02:00+00:00,2986.7,2987.8,2986.6,2987.8,127
2026-07-15T19:03:00+00:00,2987.8,2988.2,2987.1,2987.1,84
2026-07-15T19:04:00+00:00,2987.1,2988.5,2987.0,2988.5,136
2026-07-15T19:05:00+00:00,2988.7,2988.7,2987.4,2988.4,541
2026-07-15T19:06:00+00:00,2988.5,2989.4,2988.3,2988.9,240
2026-07-15T19:07:00+00:00,2989.2,2989.8,2988.8,2989.3,142
2026-07-15T19:08:00+00:00,2989.0,2989.0,2987.5,2987.5,56
2026-07-15T19:09:00+00:00,2987.8,2988.7,2987.8,2988.7,41
2026-07-15T19:10:00+00:00,2988.6,2990.7,2988.4,2990.7,96
2026-07-15T19:11:00+00:00,2990.6,2990.6,2989.3,2990.1,81
2026-07-15T19:12:00+00:00,2990.0,2991.2,2990.0,2990.7,352
2026-07-15T19:13:00+00:00,2990.8,2991.0,2989.1,2989.6,374
2026-07-15T19:14:00+00:00,2989.9,2991.2,2989.9,2990.7,100
2026-07-15T19:15:00+00:00,2990.7,2991.3,2989.6,2991.1,110
2026-07-15T19:16:00+00:00,2990.8,2991.6,2990.8,2991.1,97
2026-07-15T19:17:00+00:00,2991.3,2991.4,2990.8,2991.3,32
2026-07-15T19:18:00+00:00,2991.5,2991.5,2990.7,2991.1,102
2026-07-15T19:19:00+00:00,2991.0,2991.7,2990.8,2990.8,44
2026-07-15T19:20:00+00:00,2990.7,2990.7,2988.0,2988.7,389
2026-07-15T19:21:00+00:00,2988.6,2989.0,2988.4,2988.9,31
2026-07-15T19:22:00+00:00,2988.8,2989.4,2988.5,2989.2,50
2026-07-15T19:23:00+00:00,2989.3,2989.9,2989.0,2989.3,52
2026-07-15T19:24:00+00:00,2989.4,2989.8,2989.2,2989.2,45
2026-07-15T19:25:00+00:00,2989.2,2989.3,2988.6,2989.1,35
2026-07-15T19:26:00+00:00,2989.7,2990.2,2989.2,2990.2,50
2026-07-15T19:27:00+00:00,2990.3,2991.2,2990.3,2990.4,139
2026-07-15T19:28:00+00:00,2990.6,2990.8,2990.0,2990.2,54
2026-07-15T19:29:00+00:00,2990.6,2991.1,2990.0,2990.4,45
2026-07-15T19:30:00+00:00,2990.7,2992.4,2990.7,2992.4,76
2026-07-15T19:31:00+00:00,2991.8,2993.3,2991.8,2992.9,118
2026-07-15T19:32:00+00:00,2993.1,2993.7,2987.9,2988.7,714
2026-07-15T19:33:00+00:00,2988.8,2990.7,2988.5,2990.0,205
2026-07-15T19:34:00+00:00,2989.7,2989.9,2988.1,2988.1,179
2026-07-15T19:35:00+00:00,2988.3,2989.9,2987.4,2989.6,134
2026-07-15T19:36:00+00:00,2989.6,2989.8,2989.0,2989.7,67
2026-07-15T19:37:00+00:00,2990.0,2990.1,2988.7,2989.7,66
2026-07-15T19:38:00+00:00,2989.5,2990.3,2989.4,2989.7,38
2026-07-15T19:39:00+00:00,2989.8,2990.9,2989.7,2990.5,59
2026-07-15T19:40:00+00:00,2990.7,2991.4,2990.1,2991.2,76
2026-07-15T19:41:00+00:00,2991.5,2991.7,2991.2,2991.6,57
2026-07-15T19:42:00+00:00,2991.6,2992.3,2991.2,2992.3,55
2026-07-15T19:43:00+00:00,2992.3,2993.1,2992.3,2992.5,46
2026-07-15T19:44:00+00:00,2992.4,2993.0,2992.1,2992.7,46
2026-07-15T19:45:00+00:00,2992.6,2993.3,2992.1,2992.2,44
2026-07-15T19:46:00+00:00,2992.2,2992.2,2991.1,2991.6,63
2026-07-15T19:47:00+00:00,2991.8,2991.8,2990.5,2990.7,47
2026-07-15T19:48:00+00:00,2990.7,2990.9,2990.0,2990.1,49
2026-07-15T19:49:00+00:00,2990.1,2991.3,2990.1,2990.9,58
2026-07-15T19:50:00+00:00,2991.0,2991.7,2988.3,2989.7,330
2026-07-15T19:51:00+00:00,2989.6,2989.8,2988.2,2989.6,91
2026-07-15T19:52:00+00:00,2989.6,2990.5,2989.6,2990.2,87
2026-07-15T19:53:00+00:00,2990.2,2990.6,2989.8,2990.5,40
2026-07-15T19:54:00+00:00,2990.4,2991.6,2990.4,2991.2,160
2026-07-15T19:55:00+00:00,2991.2,2991.8,2990.3,2991.6,184
2026-07-15T19:56:00+00:00,2991.5,2992.5,2991.5,2992.1,142
2026-07-15T19:57:00+00:00,2992.0,2992.4,2991.4,2992.0,127
2026-07-15T19:58:00+00:00,2992.1,2992.8,2991.7,2992.4,241
2026-07-15T19:59:00+00:00,2992.4,2993.2,2990.7,2992.8,914
2026-07-15T20:00:00+00:00,2992.9,2993.4,2991.6,2992.3,362
2026-07-15T20:01:00+00:00,2992.3,2993.0,2991.9,2992.7,240
2026-07-15T20:02:00+00:00,2992.9,2993.7,2992.7,2993.5,140
2026-07-15T20:03:00+00:00,2993.5,2994.3,2993.5,2994.1,98
2026-07-15T20:04:00+00:00,2994.0,2994.0,2993.2,2993.2,72
2026-07-15T20:05:00+00:00,2993.2,2993.5,2993.0,2993.4,18
2026-07-15T20:06:00+00:00,2993.8,2993.8,2992.9,2993.1,34
2026-07-15T20:07:00+00:00,2993.0,2993.2,2992.8,2993.1,19
2026-07-15T20:08:00+00:00,2993.0,2993.3,2993.0,2993.1,28
2026-07-15T20:09:00+00:00,2993.1,2993.5,2990.4,2992.0,324
2026-07-15T20:10:00+00:00,2992.1,2992.8,2991.6,2992.2,72
2026-07-15T20:11:00+00:00,2992.3,2992.6,2992.1,2992.3,37
2026-07-15T20:12:00+00:00,2992.2,2992.6,2992.1,2992.6,87
2026-07-15T20:13:00+00:00,2992.7,2992.9,2992.3,2992.4,64
2026-07-15T20:14:00+00:00,2992.4,2992.9,2992.1,2992.8,23
2026-07-15T20:15:00+00:00,2992.7,2992.7,2991.5,2992.2,109
2026-07-15T20:16:00+00:00,2992.2,2992.2,2991.8,2992.0,31
2026-07-15T20:17:00+00:00,2992.0,2992.1,2991.8,2991.9,15
2026-07-15T20:18:00+00:00,2992.0,2992.1,2991.9,2992.1,13
2026-07-15T20:19:00+00:00,2992.2,2992.5,2992.2,2992.5,7
2026-07-15T20:20:00+00:00,2992.4,2992.9,2992.4,2992.9,40
2026-07-15T20:21:00+00:00,2992.9,2993.2,2992.9,2993.0,34
2026-07-15T20:22:00+00:00,2993.1,2993.2,2992.9,2993.1,24
2026-07-15T20:23:00+00:00,2992.9,2992.9,2992.7,2992.7,13
2026-07-15T20:24:00+00:00,2992.7,2993.1,2992.5,2993.1,19
2026-07-15T20:25:00+00:00,2993.0,2993.2,2992.8,2993.1,27
2026-07-15T20:26:00+00:00,2993.2,2993.5,2993.2,2993.4,39
2026-07-15T20:27:00+00:00,2993.3,2993.3,2992.9,2993.0,8
2026-07-15T20:28:00+00:00,2992.9,2993.0,2992.9,2993.0,2
2026-07-15T20:29:00+00:00,2992.8,2992.9,2992.8,2992.9,11
2026-07-15T20:30:00+00:00,2992.9,2992.9,2992.6,2992.6,15
2026-07-15T20:31:00+00:00,2992.8,2993.0,2992.7,2992.7,27
2026-07-15T20:32:00+00:00,2992.7,2992.8,2992.4,2992.5,31
2026-07-15T20:33:00+00:00,2992.5,2992.6,2992.1,2992.1,26
2026-07-15T20:34:00+00:00,2992.2,2992.2,2991.8,2991.9,23
2026-07-15T20:35:00+00:00,2991.8,2991.9,2991.6,2991.8,17
2026-07-15T20:36:00+00:00,2991.8,2991.8,2991.7,2991.7,7
2026-07-15T20:37:00+00:00,2991.6,2991.7,2991.6,2991.7,14
2026-07-15T20:38:00+00:00,2991.7,2991.9,2991.6,2991.8,18
2026-07-15T20:39:00+00:00,2991.9,2992.1,2991.8,2991.9,32
2026-07-15T20:40:00+00:00,2992.0,2992.4,2992.0,2992.3,14
2026-07-15T20:41:00+00:00,2992.1,2992.7,2992.1,2992.4,11
2026-07-15T20:42:00+00:00,2992.4,2992.6,2992.4,2992.5,7
2026-07-15T20:43:00+00:00,2992.4,2992.5,2992.2,2992.4,18
2026-07-15T20:45:00+00:00,2992.5,2993.0,2992.5,2992.9,42
2026-07-15T20:46:00+00:00,2992.9,2993.2,2992.9,2993.0,51
2026-07-15T20:47:00+00:00,2993.2,2993.2,2993.2,2993.2,6
2026-07-15T20:48:00+00:00,2993.0,2993.8,2993.0,2993.7,21
2026-07-15T20:49:00+00:00,2993.3,2993.4,2992.9,2992.9,26
2026-07-15T20:50:00+00:00,2992.8,2994.4,2992.7,2994.4,39
2026-07-15T20:51:00+00:00,2994.3,2995.1,2994.3,2995.1,86
2026-07-15T20:52:00+00:00,2994.9,2995.0,2994.6,2994.7,52
2026-07-15T20:53:00+00:00,2994.8,2994.9,2994.7,2994.9,8
2026-07-15T20:54:00+00:00,2995.0,2995.3,2994.9,2995.3,23
2026-07-15T20:55:00+00:00,2995.2,2995.3,2994.4,2995.1,36
2026-07-15T20:56:00+00:00,2995.3,2995.4,2995.3,2995.4,6
2026-07-15T20:57:00+00:00,2995.3,2995.3,2994.8,2995.0,22
2026-07-15T20:58:00+00:00,2995.0,2995.3,2994.4,2994.5,53
2026-07-15T20:59:00+00:00,2994.8,2994.9,2993.6,2993.6,79
2026-07-15T22:00:00+00:00,2993.5,2995.0,2993.5,2994.3,37
2026-07-15T22:01:00+00:00,2994.2,2994.6,2994.0,2994.5,26
2026-07-15T22:02:00+00:00,2994.9,2995.1,2994.3,2994.3,22
2026-07-15T22:03:00+00:00,2994.8,2994.8,2994.6,2994.7,9
2026-07-15T22:04:00+00:00,2994.9,2995.2,2994.9,2994.9,7
2026-07-15T22:05:00+00:00,2995.0,2995.4,2995.0,2995.2,20
2026-07-15T22:06:00+00:00,2995.2,2995.2,2995.0,2995.1,17
2026-07-15T22:07:00+00:00,2994.8,2994.9,2994.5,2994.8,12
2026-07-15T22:08:00+00:00,2994.9,2995.0,2994.6,2994.6,6
2026-07-15T22:09:00+00:00,2994.9,2994.9,2994.9,2994.9,1
2026-07-15T22:10:00+00:00,2994.7,2994.7,2994.5,2994.7,15
2026-07-15T22:11:00+00:00,2994.4,2994.4,2994.3,2994.3,10
2026-07-15T22:12:00+00:00,2994.2,2994.3,2994.1,2994.2,15
2026-07-15T22:13:00+00:00,2994.2,2994.4,2994.1,2994.2,18
2026-07-15T22:14:00+00:00,2994.1,2994.1,2994.0,2994.0,9
2026-07-15T22:15:00+00:00,2994.1,2994.1,2993.8,2994.0,10
2026-07-15T22:16:00+00:00,2993.9,2993.9,2993.7,2993.8,15
2026-07-15T22:17:00+00:00,2994.0,2994.2,2993.9,2993.9,16
2026-07-15T22:18:00+00:00,2993.8,2993.9,2993.8,2993.8,4
2026-07-15T22:19:00+00:00,2993.9,2993.9,2993.9,2993.9,5
2026-07-15T22:20:00+00:00,2993.6,2993.8,2993.6,2993.8,18
2026-07-15T22:21:00+00:00,2993.7,2993.7,2993.7,2993.7,1
2026-07-15T22:22:00+00:00,2993.5,2993.5,2993.1,2993.2,29
2026-07-15T22:23:00+00:00,2993.2,2993.2,2992.8,2993.0,15
2026-07-15T22:24:00+00:00,2993.0,2993.1,2993.0,2993.0,4
2026-07-15T22:25:00+00:00,2992.8,2993.0,2992.7,2993.0,17
2026-07-15T22:26:00+00:00,2992.9,2993.0,2992.9,2993.0,6
2026-07-15T22:27:00+00:00,2993.2,2993.2,2993.1,2993.1,2
2026-07-15T22:28:00+00:00,2993.1,2993.2,2993.1,2993.2,6
2026-07-15T22:29:00+00:00,2993.2,2993.4,2993.2,2993.3,9
2026-07-15T22:30:00+00:00,2993.3,2993.6,2993.0,2993.0,19
2026-07-15T22:31:00+00:00,2993.0,2993.0,2992.6,2992.6,12
2026-07-15T22:32:00+00:00,2992.7,2992.9,2992.7,2992.9,3
2026-07-15T22:33:00+00:00,2993.2,2993.2,2993.1,2993.1,3
2026-07-15T22:34:00+00:00,2993.0,2993.0,2992.7,2992.7,5
2026-07-15T22:35:00+00:00,2993.1,2993.3,2993.1,2993.2,5
2026-07-15T22:36:00+00:00,2993.4,2993.4,2993.0,2993.2,47
2026-07-15T22:37:00+00:00,2993.0,2993.2,2992.9,2993.1,19
2026-07-15T22:38:00+00:00,2993.1,2993.1,2992.9,2992.9,7
2026-07-15T22:39:00+00:00,2992.8,2992.9,2992.8,2992.8,3
2026-07-15T22:40:00+00:00,2992.7,2992.7,2992.7,2992.7,1
2026-07-15T22:41:00+00:00,2992.8,2992.8,2992.7,2992.8,6
2026-07-15T22:42:00+00:00,2992.7,2993.2,2992.7,2993.2,10
2026-07-15T22:43:00+00:00,2993.1,2993.3,2993.0,2993.1,10
2026-07-15T22:44:00+00:00,2993.1,2993.1,2992.9,2992.9,11
2026-07-15T22:45:00+00:00,2993.1,2993.1,2992.9,2993.1,7
2026-07-15T22:46:00+00:00,2993.4,2993.5,2993.3,2993.5,10
2026-07-15T22:47:00+00:00,2993.5,2993.6,2993.5,2993.6,4
2026-07-15T22:48:00+00:00,2993.6,2993.7,2993.6,2993.7,6
2026-07-15T22:49:00+00:00,2993.6,2993.6,2993.3,2993.5,15
2026-07-15T22:50:00+00:00,2993.6,2993.7,2993.6,2993.6,8
2026-07-15T22:51:00+00:00,2993.3,2993.3,2993.2,2993.2,2
2026-07-15T22:52:00+00:00,2993.1,2993.2,2993.1,2993.2,2
2026-07-15T22:54:00+00:00,2993.3,2995.4,2992.2,2992.5,386
2026-07-15T22:55:00+00:00,2992.6,2992.7,2992.1,2992.5,75
2026-07-15T22:56:00+00:00,2992.4,2993.6,2992.3,2993.6,22
2026-07-15T22:57:00+00:00,2993.6,2993.7,2993.5,2993.5,9
2026-07-15T22:58:00+00:00,2993.9,2993.9,2993.8,2993.8,3
2026-07-15T22:59:00+00:00,2993.7,2993.7,2993.7,2993.7,2
2026-07-15T23:00:00+00:00,2993.4,2993.8,2993.2,2993.4,35
2026-07-15T23:01:00+00:00,2993.4,2994.0,2993.4,2993.8,10
2026-07-15T23:02:00+00:00,2993.7,2993.7,2993.7,2993.7,1
2026-07-15T23:03:00+00:00,2993.6,2993.8,2993.6,2993.8,3
2026-07-15T23:04:00+00:00,2993.9,2993.9,2993.7,2993.7,6
2026-07-15T23:05:00+00:00,2993.6,2993.6,2993.3,2993.3,2
2026-07-15T23:06:00+00:00,2993.2,2993.2,2993.2,2993.2,2
2026-07-15T23:07:00+00:00,2993.1,2993.1,2993.0,2993.0,2
2026-07-15T23:08:00+00:00,2993.2,2993.2,2993.2,2993.2,1
2026-07-15T23:09:00+00:00,2993.3,2993.3,2993.2,2993.2,2
2026-07-15T23:10:00+00:00,2993.5,2993.5,2993.3,2993.3,5
2026-07-15T23:11:00+00:00,2993.4,2993.4,2993.4,2993.4,1
2026-07-15T23:12:00+00:00,2993.7,2993.7,2993.7,2993.7,1
2026-07-15T23:13:00+00:00,2994.0,2994.0,2993.8,2993.8,11
2026-07-15T23:14:00+00:00,2993.6,2993.7,2993.5,2993.5,5
2026-07-15T23:15:00+00:00,2993.5,2993.5,2993.3,2993.4,11
2026-07-15T23:16:00+00:00,2993.4,2993.5,2993.4,2993.5,9
2026-07-15T23:17:00+00:00,2993.5,2993.5,2993.3,2993.3,7
2026-07-15T23:18:00+00:00,2993.2,2993.5,2993.1,2993.5,14
2026-07-15T23:19:00+00:00,2993.7,2993.7,2993.7,2993.7,1
2026-07-15T23:20:00+00:00,2993.5,2993.5,2993.5,2993.5,1
2026-07-15T23:21:00+00:00,2993.6,2993.6,2993.6,2993.6,1
2026-07-15T23:22:00+00:00,2994.0,2994.0,2994.0,2994.0,5
2026-07-15T23:23:00+00:00,2993.9,2994.0,2993.9,2994.0,3
2026-07-15T23:24:00+00:00,2993.9,2993.9,2993.9,2993.9,2
2026-07-15T23:25:00+00:00,2993.8,2994.3,2993.8,2994.3,7
2026-07-15T23:26:00+00:00,2994.0,2994.4,2993.9,2994.4,14
2026-07-15T23:27:00+00:00,2994.4,2994.9,2994.4,2994.9,28
2026-07-15T23:28:00+00:00,2995.0,2995.1,2994.8,2995.1,9
2026-07-15T23:29:00+00:00,2994.9,2994.9,2994.8,2994.9,4
2026-07-15T23:30:00+00:00,2995.0,2995.0,2994.9,2994.9,2
2026-07-15T23:31:00+00:00,2994.9,2994.9,2994.8,2994.8,3
2026-07-15T23:32:00+00:00,2994.8,2995.3,2994.6,2994.9,43
2026-07-15T23:33:00+00:00,2995.0,2995.8,2995.0,2995.6,18
2026-07-15T23:34:00+00:00,2995.5,2995.9,2995.5,2995.7,7
2026-07-15T23:35:00+00:00,2995.8,2995.8,2995.8,2995.8,6
2026-07-15T23:36:00+00:00,2995.7,2995.7,2995.6,2995.7,5
2026-07-15T23:37:00+00:00,2995.7,2995.7,2995.7,2995.7,1
2026-07-15T23:38:00+00:00,2995.6,2995.6,2995.6,2995.6,2
2026-07-15T23:39:00+00:00,2995.3,2995.3,2995.1,2995.1,3
2026-07-15T23:40:00+00:00,2995.2,2995.2,2995.0,2995.1,4
2026-07-15T23:41:00+00:00,2994.9,2995.0,2994.6,2994.6,4
2026-07-15T23:43:00+00:00,2994.4,2994.8,2994.3,2994.8,20
2026-07-15T23:44:00+00:00,2994.9,2995.6,2994.9,2995.3,14
2026-07-15T23:45:00+00:00,2995.5,2995.5,2995.1,2995.1,5
2026-07-15T23:46:00+00:00,2995.2,2995.6,2995.1,2995.6,6
2026-07-15T23:47:00+00:00,2995.0,2995.0,2994.6,2994.6,11
2026-07-15T23:48:00+00:00,2994.9,2994.9,2994.9,2994.9,1
2026-07-15T23:49:00+00:00,2994.6,2994.6,2994.3,2994.3,7
2026-07-15T23:50:00+00:00,2994.1,2994.5,2994.0,2994.5,20
2026-07-15T23:51:00+00:00,2995.0,2995.0,2994.5,2994.5,6
2026-07-15T23:52:00+00:00,2994.2,2994.2,2993.8,2993.8,10
2026-07-15T23:53:00+00:00,2993.8,2993.9,2993.8,2993.9,9
2026-07-15T23:55:00+00:00,2993.9,2994.3,2993.9,2994.2,10
2026-07-15T23:56:00+00:00,2993.9,2994.2,2993.9,2994.0,9
2026-07-15T23:57:00+00:00,2993.9,2993.9,2993.8,2993.8,2
2026-07-15T23:58:00+00:00,2993.7,2993.8,2993.4,2993.4,16
2026-07-15T23:59:00+00:00,2993.5,2993.9,2993.3,2993.9,14
2026-07-16T00:00:00+00:00,2993.5,2995.0,2993.4,2995.0,56
2026-07-16T00:01:00+00:00,2995.0,2996.7,2995.0,2996.4,63
2026-07-16T00:02:00+00:00,2996.8,2997.8,2996.8,2997.1,67
2026-07-16T00:03:00+00:00,2997.3,2997.4,2996.5,2996.6,17
2026-07-16T00:04:00+00:00,2996.5,2996.7,2996.2,2996.7,31
2026-07-16T00:05:00+00:00,2997.0,2997.1,2996.4,2996.7,35
2026-07-16T00:06:00+00:00,2996.6,2997.4,2996.3,2996.6,64
2026-07-16T00:07:00+00:00,2996.6,2996.6,2995.6,2995.8,64
2026-07-16T00:08:00+00:00,2995.8,2996.5,2995.8,2996.0,33
2026-07-16T00:09:00+00:00,2996.3,2997.6,2996.3,2997.3,18
2026-07-16T00:10:00+00:00,2997.3,2998.0,2997.0,2997.3,106
2026-07-16T00:11:00+00:00,2997.5,2997.7,2997.4,2997.7,17
2026-07-16T00:12:00+00:00,2997.0,2997.3,2997.0,2997.3,6
2026-07-16T00:13:00+00:00,2996.9,2997.5,2996.6,2997.5,18
2026-07-16T00:14:00+00:00,2997.8,2998.9,2997.8,2998.8,39
2026-07-16T00:15:00+00:00,2998.5,2999.3,2997.6,2997.6,71
2026-07-16T00:16:00+00:00,2997.4,2997.6,2996.9,2996.9,43
2026-07-16T00:17:00+00:00,2996.8,2997.3,2996.8,2997.2,13
2026-07-16T00:18:00+00:00,2997.4,2997.4,2997.0,2997.3,44
2026-07-16T00:19:00+00:00,2997.3,2997.5,2997.2,2997.2,21
2026-07-16T00:20:00+00:00,2997.3,2997.5,2996.9,2997.5,20
2026-07-16T00:21:00+00:00,2997.5,2998.0,2997.5,2997.9,56
2026-07-16T00:22:00+00:00,2997.3,2998.0,2997.3,2997.6,6
2026-07-16T00:23:00+00:00,2997.4,2997.5,2997.3,2997.3,5
2026-07-16T00:24:00+00:00,2997.1,2997.1,2996.7,2997.0,38
2026-07-16T00:25:00+00:00,2997.2,2997.3,2997.2,2997.3,5
2026-07-16T00:26:00+00:00,2996.9,2996.9,2996.2,2996.4,26
2026-07-16T00:27:00+00:00,2996.5,2996.5,2996.0,2996.4,16
2026-07-16T00:28:00+00:00,2996.3,2997.1,2996.3,2997.0,32
2026-07-16T00:29:00+00:00,2997.0,2997.0,2996.7,2996.8,9
2026-07-16T00:30:00+00:00,2996.9,2996.9,2996.0,2996.5,38
2026-07-16T00:31:00+00:00,2996.9,2997.0,2995.8,2995.8,10
2026-07-16T00:32:00+00:00,2995.9,2996.0,2995.7,2995.7,14
2026-07-16T00:33:00+00:00,2996.0,2996.6,2996.0,2996.3,18
2026-07-16T00:34:00+00:00,2996.3,2997.1,2996.2,2997.0,14
2026-07-16T00:35:00+00:00,2996.4,2996.5,2996.3,2996.3,3
2026-07-16T00:36:00+00:00,2996.3,2996.3,2995.7,2995.8,7
2026-07-16T00:37:00+00:00,2995.8,2995.8,2995.4,2995.5,16
2026-07-16T00:38:00+00:00,2995.6,2995.6,2995.1,2995.1,22
2026-07-16T00:39:00+00:00,2995.2,2995.2,2994.7,2995.0,26
2026-07-16T00:40:00+00:00,2994.9,2994.9,2994.2,2994.5,18
2026-07-16T00:41:00+00:00,2994.6,2994.8,2994.5,2994.8,6
2026-07-16T00:42:00+00:00,2994.7,2994.7,2994.1,2994.3,15
2026-07-16T00:43:00+00:00,2994.3,2994.4,2994.1,2994.2,11
2026-07-16T00:44:00+00:00,2994.2,2994.2,2993.8,2993.8,17
2026-07-16T00:45:00+00:00,2993.7,2993.9,2993.2,2993.5,51
2026-07-16T00:46:00+00:00,2993.7,2994.0,2993.2,2993.2,16
2026-07-16T00:47:00+00:00,2993.3,2993.4,2993.0,2993.4,18
2026-07-16T00:48:00+00:00,2993.7,2993.7,2993.1,2993.1,5
2026-07-16T00:49:00+00:00,2993.3,2994.0,2993.3,2993.6,9
2026-07-16T00:50:00+00:00,2994.1,2994.2,2994.0,2994.1,14
2026-07-16T00:51:00+00:00,2993.6,2993.9,2993.6,2993.9,13
2026-07-16T00:52:00+00:00,2994.0,2995.4,2994.0,2995.3,17
2026-07-16T00:53:00+00:00,2995.1,2995.1,2994.4,2994.4,9
2026-07-16T00:54:00+00:00,2994.5,2994.8,2993.9,2993.9,17
2026-07-16T00:55:00+00:00,2993.8,2993.8,2993.4,2993.8,11
2026-07-16T00:56:00+00:00,2993.7,2993.7,2993.2,2993.7,8
2026-07-16T00:57:00+00:00,2993.8,2993.9,2993.3,2993.3,8
2026-07-16T00:58:00+00:00,2993.2,2993.3,2993.0,2993.3,7
2026-07-16T00:59:00+00:00,2993.4,2993.4,2993.4,2993.4,1
2026-07-16T01:00:00+00:00,2993.4,2993.8,2993.1,2993.1,29
2026-07-16T01:01:00+00:00,2992.9,2993.0,2992.0,2992.2,68
2026-07-16T01:02:00+00:00,2992.4,2992.5,2991.9,2991.9,30
2026-07-16T01:03:00+00:00,2992.1,2993.0,2992.1,2993.0,17
2026-07-16T01:04:00+00:00,2993.0,2993.0,2992.7,2992.7,13
2026-07-16T01:05:00+00:00,2992.7,2993.5,2992.7,2993.1,6
2026-07-16T01:06:00+00:00,2993.0,2993.0,2992.7,2993.0,12
2026-07-16T01:07:00+00:00,2992.7,2993.0,2992.7,2993.0,8
2026-07-16T01:08:00+00:00,2992.9,2992.9,2992.7,2992.7,31
2026-07-16T01:09:00+00:00,2993.1,2993.4,2992.9,2992.9,17
2026-07-16T01:10:00+00:00,2993.0,2993.0,2992.5,2992.5,4
2026-07-16T01:11:00+00:00,2992.5,2992.9,2992.2,2992.3,41
2026-07-16T01:12:00+00:00,2992.4,2992.4,2991.4,2991.7,30
2026-07-16T01:13:00+00:00,2991.8,2991.8,2990.9,2991.6,28
2026-07-16T01:14:00+00:00,2991.6,2992.0,2991.5,2991.9,17
2026-07-16T01:15:00+00:00,2991.6,2991.8,2991.3,2991.7,19
2026-07-16T01:16:00+00:00,2991.1,2991.3,2991.0,2991.3,16
2026-07-16T01:17:00+00:00,2990.9,2990.9,2990.1,2990.1,30
2026-07-16T01:18:00+00:00,2990.1,2990.1,2989.2,2989.5,30
2026-07-16T01:19:00+00:00,2989.6,2989.7,2989.4,2989.7,13
2026-07-16T01:20:00+00:00,2989.3,2989.8,2989.1,2989.8,8
2026-07-16T01:21:00+00:00,2989.7,2990.6,2989.4,2989.8,127
2026-07-16T01:22:00+00:00,2989.5,2989.9,2989.4,2989.6,21
2026-07-16T01:23:00+00:00,2989.9,2990.0,2989.6,2990.0,19
2026-07-16T01:24:00+00:00,2990.4,2990.5,2990.1,2990.2,16
2026-07-16T01:25:00+00:00,2990.4,2990.4,2989.8,2990.2,11
2026-07-16T01:26:00+00:00,2989.9,2991.1,2989.9,2990.5,10
2026-07-16T01:27:00+00:00,2990.7,2990.7,2990.3,2990.3,3
2026-07-16T01:28:00+00:00,2990.1,2990.7,2990.1,2990.5,8
2026-07-16T01:29:00+00:00,2990.4,2990.5,2990.0,2990.0,17
2026-07-16T01:30:00+00:00,2989.9,2990.6,2989.9,2990.6,19
2026-07-16T01:31:00+00:00,2990.6,2991.4,2990.5,2990.7,21
2026-07-16T01:32:00+00:00,2990.6,2991.3,2990.6,2991.0,24
2026-07-16T01:33:00+00:00,2990.9,2990.9,2989.9,2990.0,12
2026-07-16T01:34:00+00:00,2990.4,2990.9,2990.4,2990.9,7
2026-07-16T01:35:00+00:00,2991.4,2991.5,2990.8,2991.4,15
2026-07-16T01:36:00+00:00,2991.6,2991.9,2991.5,2991.6,31
2026-07-16T01:37:00+00:00,2991.7,2992.0,2991.2,2991.4,23
2026-07-16T01:38:00+00:00,2991.7,2991.7,2991.5,2991.6,8
2026-07-16T01:39:00+00:00,2991.2,2992.1,2991.2,2992.0,20
2026-07-16T01:40:00+00:00,2991.8,2992.0,2991.8,2991.9,13
2026-07-16T01:41:00+00:00,2992.1,2992.3,2991.6,2991.6,11
2026-07-16T01:42:00+00:00,2991.2,2991.2,2990.2,2990.2,16
2026-07-16T01:43:00+00:00,2990.4,2990.6,2990.2,2990.6,4
2026-07-16T01:44:00+00:00,2990.1,2990.5,2990.1,2990.5,8
2026-07-16T01:45:00+00:00,2990.5,2990.7,2990.5,2990.7,2
2026-07-16T01:46:00+00:00,2990.9,2991.9,2990.9,2991.9,6
2026-07-16T01:47:00+00:00,2992.2,2992.2,2991.7,2991.8,16
2026-07-16T01:48:00+00:00,2991.6,2992.4,2991.6,2992.3,27
2026-07-16T01:49:00+00:00,2992.4,2993.3,2992.4,2993.2,37
2026-07-16T01:50:00+00:00,2993.3,2993.5,2992.7,2992.9,23
2026-07-16T01:51:00+00:00,2993.1,2993.4,2992.3,2992.3,27
2026-07-16T01:52:00+00:00,2992.2,2992.7,2991.8,2992.7,54
2026-07-16T01:53:00+00:00,2992.7,2992.7,2992.1,2992.1,8
2026-07-16T01:54:00+00:00,2991.9,2992.6,2991.9,2992.6,11
2026-07-16T01:55:00+00:00,2992.2,2992.6,2992.2,2992.5,17
2026-07-16T01:56:00+00:00,2992.7,2992.9,2992.1,2992.1,9
2026-07-16T01:57:00+00:00,2992.0,2992.0,2991.2,2991.2,26
2026-07-16T01:58:00+00:00,2991.1,2991.2,2990.7,2990.7,31
2026-07-16T01:59:00+00:00,2990.8,2991.0,2990.7,2991.0,13
2026-07-16T02:00:00+00:00,2991.2,2991.2,2990.6,2990.6,6
2026-07-16T02:01:00+00:00,2990.8,2990.8,2990.2,2990.3,13
2026-07-16T02:02:00+00:00,2990.2,2990.2,2989.7,2989.8,22
2026-07-16T02:03:00+00:00,2989.8,2989.8,2989.0,2989.1,8
2026-07-16T02:04:00+00:00,2989.3,2989.5,2989.2,2989.2,15
2026-07-16T02:05:00+00:00,2989.2,2989.5,2989.2,2989.3,10
2026-07-16T02:06:00+00:00,2989.3,2989.3,2989.0,2989.1,10
2026-07-16T02:07:00+00:00,2989.6,2989.8,2989.6,2989.8,5
2026-07-16T02:08:00+00:00,2990.0,2990.3,2990.0,2990.3,3
2026-07-16T02:09:00+00:00,2990.1,2990.1,2989.9,2989.9,4
2026-07-16T02:10:00+00:00,2989.8,2989.8,2989.3,2989.3,7
2026-07-16T02:12:00+00:00,2990.2,2990.2,2989.6,2989.6,4
2026-07-16T02:13:00+00:00,2989.5,2989.5,2989.3,2989.4,13
2026-07-16T02:14:00+00:00,2989.3,2989.4,2989.3,2989.3,3
2026-07-16T02:15:00+00:00,2990.1,2990.2,2990.1,2990.1,15
2026-07-16T02:16:00+00:00,2989.7,2989.7,2989.4,2989.4,8
2026-07-16T02:17:00+00:00,2989.4,2989.9,2989.2,2989.9,7
2026-07-16T02:18:00+00:00,2989.8,2990.2,2989.8,2989.9,7
2026-07-16T02:19:00+00:00,2990.2,2990.3,2990.2,2990.2,7
2026-07-16T02:20:00+00:00,2990.3,2990.9,2990.3,2990.9,4
2026-07-16T02:21:00+00:00,2990.8,2990.8,2990.3,2990.3,2
2026-07-16T02:22:00+00:00,2990.7,2991.3,2990.7,2991.3,14
2026-07-16T02:23:00+00:00,2991.3,2991.9,2991.3,2991.9,6
2026-07-16T02:24:00+00:00,2991.9,2992.2,2991.5,2992.2,7
2026-07-16T02:25:00+00:00,2992.4,2992.8,2992.2,2992.3,15
2026-07-16T02:26:00+00:00,2992.6,2992.6,2992.4,2992.5,5
2026-07-16T02:27:00+00:00,2992.3,2992.3,2991.5,2991.8,8
2026-07-16T02:28:00+00:00,2991.9,2991.9,2991.5,2991.5,2
2026-07-16T02:29:00+00:00,2992.3,2992.3,2992.3,2992.3,1
2026-07-16T02:30:00+00:00,2992.5,2992.6,2992.1,2992.1,15
2026-07-16T02:31:00+00:00,2992.6,2992.6,2992.2,2992.4,17
2026-07-16T02:32:00+00:00,2992.2,2993.1,2992.2,2992.5,15
2026-07-16T02:33:00+00:00,2992.9,2993.2,2992.8,2992.8,5
2026-07-16T02:34:00+00:00,2992.8,2992.8,2992.6,2992.8,5
2026-07-16T02:35:00+00:00,2993.4,2993.6,2993.1,2993.1,18
2026-07-16T02:36:00+00:00,2993.6,2993.6,2993.5,2993.5,3
2026-07-16T02:37:00+00:00,2993.5,2993.5,2993.0,2993.0,4
2026-07-16T02:38:00+00:00,2993.3,2993.3,2993.1,2993.1,3
2026-07-16T02:39:00+00:00,2992.8,2993.0,2992.7,2993.0,6
2026-07-16T02:40:00+00:00,2993.2,2993.4,2993.2,2993.2,7
2026-07-16T02:41:00+00:00,2993.5,2993.6,2993.5,2993.6,2
2026-07-16T02:42:00+00:00,2993.2,2993.2,2992.9,2992.9,6
2026-07-16T02:43:00+00:00,2993.3,2993.3,2992.8,2992.8,9
2026-07-16T02:44:00+00:00,2992.7,2992.8,2992.4,2992.7,9
2026-07-16T02:45:00+00:00,2993.1,2993.4,2993.1,2993.4,5
2026-07-16T02:46:00+00:00,2993.3,2993.5,2993.3,2993.4,10
2026-07-16T02:47:00+00:00,2993.5,2993.5,2993.3,2993.3,4
2026-07-16T02:48:00+00:00,2993.9,2993.9,2993.7,2993.7,9
2026-07-16T02:49:00+00:00,2994.0,2994.9,2994.0,2994.4,20
2026-07-16T02:50:00+00:00,2994.0,2994.0,2993.9,2993.9,3
2026-07-16T02:51:00+00:00,2994.0,2994.1,2993.8,2993.8,7
2026-07-16T02:52:00+00:00,2993.7,2993.8,2993.6,2993.8,8
2026-07-16T02:53:00+00:00,2993.8,2994.1,2993.8,2994.1,5
2026-07-16T02:54:00+00:00,2994.4,2994.5,2994.3,2994.4,10
2026-07-16T02:55:00+00:00,2994.5,2994.5,2994.3,2994.3,17
2026-07-16T02:56:00+00:00,2994.6,2994.6,2994.4,2994.4,3
2026-07-16T02:57:00+00:00,2994.8,2995.0,2994.8,2994.8,13
2026-07-16T02:58:00+00:00,2995.0,2995.6,2995.0,2995.6,11
2026-07-16T02:59:00+00:00,2995.6,2995.6,2995.4,2995.4,14
2026-07-16T03:00:00+00:00,2995.6,2995.6,2995.0,2995.1,19
2026-07-16T03:01:00+00:00,2995.1,2995.1,2995.0,2995.0,3
2026-07-16T03:02:00+00:00,2995.1,2995.1,2995.1,2995.1,2
2026-07-16T03:03:00+00:00,2995.4,2995.7,2995.3,2995.3,7
2026-07-16T03:04:00+00:00,2995.3,2995.4,2995.3,2995.4,4
2026-07-16T03:05:00+00:00,2995.3,2996.4,2995.3,2996.4,45
2026-07-16T03:06:00+00:00,2996.4,2996.8,2996.4,2996.5,28
2026-07-16T03:07:00+00:00,2996.5,2996.5,2996.3,2996.5,4
2026-07-16T03:08:00+00:00,2996.6,2996.7,2996.5,2996.7,12
2026-07-16T03:09:00+00:00,2996.7,2996.7,2996.4,2996.6,8
2026-07-16T03:10:00+00:00,2996.5,2996.6,2996.4,2996.4,3
2026-07-16T03:11:00+00:00,2996.4,2996.5,2996.3,2996.4,9
2026-07-16T03:12:00+00:00,2996.2,2996.2,2995.9,2995.9,19
2026-07-16T03:13:00+00:00,2995.9,2996.0,2995.8,2995.8,8
2026-07-16T03:14:00+00:00,2995.8,2995.8,2995.6,2995.6,4
2026-07-16T03:15:00+00:00,2995.5,2995.5,2995.3,2995.3,8
2026-07-16T03:16:00+00:00,2995.6,2995.6,2995.6,2995.6,5
2026-07-16T03:17:00+00:00,2995.5,2995.5,2995.5,2995.5,1
2026-07-16T03:18:00+00:00,2995.1,2995.5,2995.1,2995.5,6
2026-07-16T03:19:00+00:00,2995.3,2995.3,2995.0,2995.0,14
2026-07-16T03:20:00+00:00,2995.4,2995.6,2995.4,2995.4,4
2026-07-16T03:21:00+00:00,2995.3,2995.3,2995.3,2995.3,2
2026-07-16T03:22:00+00:00,2995.3,2995.5,2995.3,2995.5,5
2026-07-16T03:23:00+00:00,2995.3,2995.3,2995.2,2995.2,2
2026-07-16T03:24:00+00:00,2994.9,2994.9,2994.7,2994.8,7
2026-07-16T03:25:00+00:00,2994.8,2995.0,2994.8,2995.0,4
2026-07-16T03:26:00+00:00,2995.0,2995.1,2995.0,2995.0,6
2026-07-16T03:27:00+00:00,2995.0,2995.0,2994.8,2994.8,2
2026-07-16T03:28:00+00:00,2994.8,2995.1,2994.8,2995.1,4
2026-07-16T03:29:00+00:00,2995.0,2995.2,2995.0,2995.2,5
2026-07-16T03:30:00+00:00,2995.1,2996.1,2995.1,2996.1,17
2026-07-16T03:31:00+00:00,2995.9,2996.8,2995.9,2996.6,20
2026-07-16T03:32:00+00:00,2996.7,2996.7,2996.1,2996.2,14
2026-07-16T03:33:00+00:00,2996.4,2996.5,2996.1,2996.5,9
2026-07-16T03:34:00+00:00,2996.9,2997.1,2996.8,2996.9,17
2026-07-16T03:35:00+00:00,2996.8,2997.2,2996.7,2997.0,18
2026-07-16T03:36:00+00:00,2996.3,2996.3,2996.2,2996.3,3
2026-07-16T03:37:00+00:00,2996.4,2996.4,2996.4,2996.4,1
2026-07-16T03:38:00+00:00,2996.4,2996.6,2996.4,2996.6,3
2026-07-16T03:39:00+00:00,2996.7,2996.7,2996.3,2996.3,3
2026-07-16T03:40:00+00:00,2996.5,2997.0,2996.5,2997.0,4
2026-07-16T03:41:00+00:00,2996.3,2996.3,2996.3,2996.3,1
2026-07-16T03:42:00+00:00,2996.3,2996.3,2996.0,2996.0,8
2026-07-16T03:43:00+00:00,2995.9,2995.9,2995.8,2995.8,6
2026-07-16T03:44:00+00:00,2995.8,2996.0,2995.8,2996.0,10
2026-07-16T03:45:00+00:00,2996.0,2996.1,2995.6,2995.7,8
2026-07-16T03:46:00+00:00,2996.0,2996.2,2995.9,2996.0,11
2026-07-16T03:47:00+00:00,2996.0,2996.2,2996.0,2996.2,3
2026-07-16T03:48:00+00:00,2996.1,2996.1,2996.0,2996.0,3
2026-07-16T03:49:00+00:00,2995.8,2995.9,2995.8,2995.9,2
2026-07-16T03:50:00+00:00,2995.8,2996.5,2995.8,2996.5,16
2026-07-16T03:51:00+00:00,2996.2,2996.2,2995.9,2995.9,2
2026-07-16T03:52:00+00:00,2996.5,2996.6,2996.4,2996.6,11
2026-07-16T03:54:00+00:00,2996.7,2997.1,2996.7,2997.0,17
2026-07-16T03:55:00+00:00,2996.6,2996.8,2996.6,2996.7,5
2026-07-16T03:56:00+00:00,2996.6,2996.6,2996.6,2996.6,1
2026-07-16T03:57:00+00:00,2996.6,2996.6,2996.5,2996.5,4
2026-07-16T03:58:00+00:00,2996.5,2996.7,2996.5,2996.7,3
2026-07-16T03:59:00+00:00,2997.0,2997.0,2996.8,2997.0,3
2026-07-16T04:00:00+00:00,2997.2,2997.7,2996.9,2997.7,30
2026-07-16T04:01:00+00:00,2997.2,2997.3,2996.8,2996.9,10
2026-07-16T04:02:00+00:00,2997.1,2997.2,2997.0,2997.0,8
2026-07-16T04:03:00+00:00,2997.1,2997.1,2997.1,2997.1,10
2026-07-16T04:04:00+00:00,2996.8,2996.8,2996.6,2996.6,7
2026-07-16T04:05:00+00:00,2996.6,2996.6,2996.5,2996.6,3
2026-07-16T04:07:00+00:00,2996.8,2997.5,2996.8,2997.5,7
2026-07-16T04:08:00+00:00,2997.4,2997.4,2997.1,2997.3,24
2026-07-16T04:09:00+00:00,2997.3,2997.4,2997.3,2997.3,17
2026-07-16T04:10:00+00:00,2997.5,2997.7,2997.5,2997.7,6
2026-07-16T04:11:00+00:00,2997.8,2998.4,2997.8,2998.4,25
2026-07-16T04:12:00+00:00,2998.1,2998.2,2998.1,2998.2,5
2026-07-16T04:13:00+00:00,2998.4,2998.4,2998.1,2998.1,4
2026-07-16T04:14:00+00:00,2998.3,2998.5,2998.2,2998.3,7
2026-07-16T04:15:00+00:00,2997.9,2998.4,2997.9,2998.4,5
2026-07-16T04:16:00+00:00,2998.5,2998.5,2997.8,2997.8,28
2026-07-16T04:17:00+00:00,2997.8,2997.8,2997.4,2997.5,11
2026-07-16T04:18:00+00:00,2997.4,2997.4,2997.2,2997.3,11
2026-07-16T04:19:00+00:00,2997.1,2997.1,2997.0,2997.1,5
2026-07-16T04:20:00+00:00,2996.7,2996.7,2996.7,2996.7,5
2026-07-16T04:21:00+00:00,2996.6,2996.6,2996.0,2996.1,19
2026-07-16T04:22:00+00:00,2996.1,2996.2,2995.8,2996.0,13
2026-07-16T04:23:00+00:00,2995.9,2996.0,2995.8,2995.9,15
2026-07-16T04:24:00+00:00,2996.0,2996.3,2996.0,2996.3,8
2026-07-16T04:25:00+00:00,2996.2,2996.3,2996.1,2996.3,6
2026-07-16T04:26:00+00:00,2996.0,2996.0,2995.8,2995.9,4
2026-07-16T04:27:00+00:00,2995.9,2996.0,2995.7,2995.7,4
2026-07-16T04:28:00+00:00,2995.9,2996.0,2995.4,2995.4,6
2026-07-16T04:29:00+00:00,2995.5,2995.7,2995.5,2995.7,3
2026-07-16T04:30:00+00:00,2995.7,2995.7,2995.7,2995.7,1
2026-07-16T04:31:00+00:00,2995.9,2996.0,2995.9,2996.0,4
2026-07-16T04:32:00+00:00,2995.9,2995.9,2995.8,2995.8,4
2026-07-16T04:33:00+00:00,2995.4,2995.4,2995.3,2995.3,4
2026-07-16T04:34:00+00:00,2995.5,2995.5,2995.2,2995.2,4
2026-07-16T04:35:00+00:00,2995.1,2995.2,2995.0,2995.2,5
2026-07-16T04:36:00+00:00,2995.1,2995.2,2995.1,2995.1,3
2026-07-16T04:37:00+00:00,2995.0,2995.0,2994.8,2994.8,8
2026-07-16T04:38:00+00:00,2994.6,2994.9,2994.5,2994.9,5
2026-07-16T04:40:00+00:00,2994.5,2994.9,2994.5,2994.9,4
2026-07-16T04:41:00+00:00,2995.0,2995.6,2995.0,2995.4,10
2026-07-16T04:43:00+00:00,2995.6,2995.6,2995.6,2995.6,1
2026-07-16T04:46:00+00:00,2995.5,2995.5,2995.2,2995.2,6
2026-07-16T04:48:00+00:00,2995.2,2995.5,2995.2,2995.5,2
2026-07-16T04:50:00+00:00,2995.9,2995.9,2995.7,2995.7,4
2026-07-16T04:51:00+00:00,2995.7,2995.7,2995.7,2995.7,1
2026-07-16T04:52:00+00:00,2996.0,2996.1,2995.9,2995.9,3
2026-07-16T04:53:00+00:00,2996.0,2996.3,2996.0,2996.3,4
2026-07-16T04:54:00+00:00,2996.1,2996.4,2996.1,2996.4,3
2026-07-16T04:55:00+00:00,2996.5,2996.6,2996.5,2996.6,3
2026-07-16T04:56:00+00:00,2996.7,2996.7,2996.3,2996.3,2
2026-07-16T04:57:00+00:00,2996.1,2996.1,2995.6,2995.6,3
2026-07-16T04:58:00+00:00,2995.8,2995.9,2995.8,2995.9,2
2026-07-16T05:00:00+00:00,2995.9,2997.0,2995.9,2997.0,12
2026-07-16T05:01:00+00:00,2996.7,2997.0,2996.6,2996.8,13
2026-07-16T05:02:00+00:00,2996.9,2997.0,2996.9,2996.9,4
2026-07-16T05:03:00+00:00,2997.2,2997.4,2997.2,2997.4,5
2026-07-16T05:04:00+00:00,2997.5,2997.6,2997.2,2997.3,10
2026-07-16T05:05:00+00:00,2997.4,2997.5,2997.4,2997.4,6
2026-07-16T05:06:00+00:00,2997.6,2997.6,2997.6,2997.6,1
2026-07-16T05:07:00+00:00,2997.1,2997.4,2997.0,2997.3,10
2026-07-16T05:09:00+00:00,2997.2,2997.2,2997.0,2997.0,5
2026-07-16T05:10:00+00:00,2997.0,2997.4,2997.0,2997.1,26
2026-07-16T05:11:00+00:00,2997.5,2998.0,2997.5,2998.0,21
2026-07-16T05:12:00+00:00,2998.2,2998.3,2998.2,2998.3,5
2026-07-16T05:13:00+00:00,2998.4,2999.0,2998.4,2999.0,35
2026-07-16T05:14:00+00:00,2998.9,2998.9,2998.8,2998.9,7
2026-07-16T05:15:00+00:00,2999.0,3000.3,2999.0,2999.8,153
2026-07-16T05:16:00+00:00,2999.7,2999.7,2998.9,2998.9,14
2026-07-16T05:17:00+00:00,2998.8,2999.2,2998.5,2998.5,13
2026-07-16T05:18:00+00:00,2998.6,2998.6,2998.6,2998.6,6
2026-07-16T05:19:00+00:00,2998.4,2999.2,2998.4,2999.2,4
2026-07-16T05:20:00+00:00,2999.5,2999.5,2999.5,2999.5,4
2026-07-16T05:21:00+00:00,2999.2,2999.2,2998.9,2999.1,21
2026-07-16T05:22:00+00:00,2999.1,2999.5,2999.1,2999.4,20
2026-07-16T05:23:00+00:00,2999.4,2999.5,2999.2,2999.5,21
2026-07-16T05:24:00+00:00,2999.3,2999.3,2999.1,2999.1,5
2026-07-16T05:25:00+00:00,2999.2,2999.9,2999.2,2999.5,7
2026-07-16T05:26:00+00:00,2999.6,2999.7,2999.2,2999.2,8
2026-07-16T05:27:00+00:00,2999.5,2999.6,2999.4,2999.6,3
2026-07-16T05:28:00+00:00,2999.4,2999.4,2998.7,2998.8,10
2026-07-16T05:29:00+00:00,2998.9,2999.7,2998.9,2999.7,13
2026-07-16T05:30:00+00:00,2999.7,3001.8,2999.5,3000.0,154
2026-07-16T05:31:00+00:00,3000.2,3000.4,2999.1,2999.1,21
2026-07-16T05:32:00+00:00,2999.2,2999.2,2998.7,2998.7,10
2026-07-16T05:33:00+00:00,2998.5,2998.6,2997.9,2998.1,22
2026-07-16T05:34:00+00:00,2998.1,2998.1,2997.6,2997.8,18
2026-07-16T05:35:00+00:00,2997.3,2997.3,2995.8,2996.0,35
2026-07-16T05:36:00+00:00,2995.8,2996.5,2995.6,2996.5,15
2026-07-16T05:37:00+00:00,2996.5,2997.0,2996.5,2997.0,6
2026-07-16T05:38:00+00:00,2997.0,2997.5,2996.8,2996.8,7
2026-07-16T05:39:00+00:00,2996.7,2996.9,2996.0,2996.4,7
2026-07-16T05:40:00+00:00,2996.5,2996.5,2995.8,2996.2,8
2026-07-16T05:41:00+00:00,2996.6,2997.0,2996.5,2997.0,6
2026-07-16T05:42:00+00:00,2997.1,2997.8,2997.1,2997.1,18
2026-07-16T05:43:00+00:00,2997.2,2997.5,2997.1,2997.5,9
2026-07-16T05:44:00+00:00,2997.0,2997.0,2996.7,2996.7,4
2026-07-16T05:45:00+00:00,2996.9,2997.1,2996.5,2996.5,9
2026-07-16T05:46:00+00:00,2996.2,2996.2,2995.7,2995.9,9
2026-07-16T05:47:00+00:00,2995.9,2996.3,2995.8,2996.3,16
2026-07-16T05:48:00+00:00,2996.2,2996.5,2996.2,2996.5,3
2026-07-16T05:49:00+00:00,2996.3,2996.4,2995.6,2995.6,10
2026-07-16T05:50:00+00:00,2995.6,2995.6,2995.5,2995.5,5
2026-07-16T05:51:00+00:00,2995.6,2996.2,2995.5,2995.5,46
2026-07-16T05:52:00+00:00,2995.5,2995.9,2995.4,2995.7,13
2026-07-16T05:53:00+00:00,2995.6,2995.7,2995.5,2995.5,5
2026-07-16T05:54:00+00:00,2995.3,2995.3,2994.9,2994.9,17
2026-07-16T05:55:00+00:00,2994.9,2996.0,2994.9,2996.0,7
2026-07-16T05:56:00+00:00,2996.1,2996.3,2995.7,2995.7,12
2026-07-16T05:57:00+00:00,2995.8,2996.0,2995.8,2995.8,4
2026-07-16T05:58:00+00:00,2995.6,2995.7,2995.2,2995.2,4
2026-07-16T05:59:00+00:00,2995.2,2995.2,2995.2,2995.2,1
2026-07-16T06:00:00+00:00,2995.6,2997.5,2995.6,2997.4,34
2026-07-16T06:01:00+00:00,2997.0,2997.0,2997.0,2997.0,1
2026-07-16T06:02:00+00:00,2996.9,2996.9,2996.6,2996.7,10
2026-07-16T06:03:00+00:00,2996.6,2996.6,2996.1,2996.5,7
2026-07-16T06:04:00+00:00,2996.3,2996.7,2996.0,2996.7,11
2026-07-16T06:05:00+00:00,2996.7,2996.8,2996.0,2996.0,38
2026-07-16T06:06:00+00:00,2995.9,2995.9,2995.1,2995.3,24
2026-07-16T06:07:00+00:00,2995.5,2995.5,2994.7,2994.7,24
2026-07-16T06:08:00+00:00,2994.6,2997.5,2993.8,2996.0,264
2026-07-16T06:09:00+00:00,2996.7,2996.8,2996.0,2996.4,44
2026-07-16T06:10:00+00:00,2996.3,2997.0,2996.2,2996.6,88
2026-07-16T06:11:00+00:00,2996.7,2996.8,2995.9,2996.4,19
2026-07-16T06:12:00+00:00,2996.0,2996.5,2996.0,2996.3,9
2026-07-16T06:13:00+00:00,2996.0,2996.1,2996.0,2996.0,15
2026-07-16T06:14:00+00:00,2996.4,2996.7,2996.1,2996.7,16
2026-07-16T06:15:00+00:00,2996.7,2996.7,2996.5,2996.5,6
2026-07-16T06:16:00+00:00,2996.6,2996.6,2996.3,2996.5,8
2026-07-16T06:17:00+00:00,2997.0,2997.2,2997.0,2997.2,8
2026-07-16T06:18:00+00:00,2996.7,2997.0,2996.7,2996.8,10
2026-07-16T06:19:00+00:00,2997.2,2997.2,2997.0,2997.0,10
2026-07-16T06:20:00+00:00,2997.1,2997.4,2997.0,2997.3,15
2026-07-16T06:21:00+00:00,2997.4,2997.7,2996.9,2997.6,22
2026-07-16T06:22:00+00:00,2997.3,2997.3,2996.3,2996.3,14
2026-07-16T06:23:00+00:00,2996.1,2996.1,2996.0,2996.1,7
2026-07-16T06:24:00+00:00,2995.9,2996.0,2995.7,2996.0,21
2026-07-16T06:25:00+00:00,2996.0,2996.2,2995.7,2995.7,10
2026-07-16T06:26:00+00:00,2995.6,2995.8,2995.4,2995.6,18
2026-07-16T06:27:00+00:00,2995.8,2995.8,2995.2,2995.2,11
2026-07-16T06:28:00+00:00,2995.2,2995.4,2994.8,2995.4,29
2026-07-16T06:29:00+00:00,2995.5,2996.0,2995.1,2995.1,17
2026-07-16T06:30:00+00:00,2995.0,2995.2,2994.7,2994.9,34
2026-07-16T06:31:00+00:00,2994.8,2994.8,2994.4,2994.6,16
2026-07-16T06:32:00+00:00,2994.5,2994.6,2994.4,2994.5,14
2026-07-16T06:33:00+00:00,2994.2,2994.2,2994.0,2994.0,22
2026-07-16T06:34:00+00:00,2993.8,2994.0,2992.9,2993.2,44
2026-07-16T06:35:00+00:00,2993.2,2993.3,2992.9,2992.9,19
2026-07-16T06:36:00+00:00,2992.9,2993.0,2992.5,2992.5,23
2026-07-16T06:37:00+00:00,2992.5,2992.9,2992.2,2992.6,25
2026-07-16T06:38:00+00:00,2993.0,2993.1,2992.8,2993.1,17
2026-07-16T06:39:00+00:00,2993.0,2993.6,2993.0,2993.6,26
2026-07-16T06:40:00+00:00,2993.8,2994.2,2993.8,2994.2,8
2026-07-16T06:41:00+00:00,2993.9,2994.0,2993.5,2993.5,9
2026-07-16T06:42:00+00:00,2993.6,2993.7,2993.6,2993.7,3
2026-07-16T06:43:00+00:00,2993.8,2993.9,2993.6,2993.6,7
2026-07-16T06:44:00+00:00,2993.6,2993.6,2993.4,2993.5,4
2026-07-16T06:45:00+00:00,2993.2,2993.3,2993.2,2993.3,6
2026-07-16T06:46:00+00:00,2993.3,2993.3,2992.9,2993.2,5
2026-07-16T06:47:00+00:00,2993.4,2993.4,2993.4,2993.4,1
2026-07-16T06:48:00+00:00,2993.8,2993.8,2993.5,2993.5,8
2026-07-16T06:49:00+00:00,2993.5,2993.9,2993.4,2993.9,9
2026-07-16T06:50:00+00:00,2994.1,2994.4,2994.1,2994.4,9
2026-07-16T06:51:00+00:00,2994.4,2994.4,2994.2,2994.3,16
2026-07-16T06:52:00+00:00,2994.2,2994.2,2994.0,2994.2,4
2026-07-16T06:53:00+00:00,2994.2,2994.2,2994.0,2994.2,8
2026-07-16T06:54:00+00:00,2993.9,2994.3,2993.9,2994.3,18
2026-07-16T06:55:00+00:00,2994.3,2995.2,2994.3,2995.2,9
2026-07-16T06:56:00+00:00,2995.2,2995.7,2995.2,2995.4,27
2026-07-16T06:57:00+00:00,2995.2,2995.2,2995.0,2995.0,10
2026-07-16T06:58:00+00:00,2995.5,2995.5,2995.2,2995.3,16
2026-07-16T06:59:00+00:00,2995.4,2995.6,2995.3,2995.6,4
2026-07-16T07:00:00+00:00,2995.3,2995.9,2992.6,2992.6,48
2026-07-16T07:01:00+00:00,2992.0,2992.1,2991.2,2991.6,64
2026-07-16T07:02:00+00:00,2992.1,2992.4,2992.0,2992.2,11
2026-07-16T07:03:00+00:00,2991.9,2992.8,2991.9,2992.5,11
2026-07-16T07:04:00+00:00,2992.7,2993.1,2992.6,2993.1,7
2026-07-16T07:05:00+00:00,2993.1,2993.1,2992.3,2992.3,6
2026-07-16T07:06:00+00:00,2992.4,2992.8,2992.3,2992.4,18
2026-07-16T07:07:00+00:00,2992.5,2992.5,2992.2,2992.2,4
2026-07-16T07:08:00+00:00,2992.1,2992.4,2991.7,2991.7,9
2026-07-16T07:09:00+00:00,2991.8,2992.1,2991.8,2992.0,6
2026-07-16T07:10:00+00:00,2991.6,2991.7,2991.6,2991.7,3
2026-07-16T07:11:00+00:00,2991.1,2991.3,2991.0,2991.3,9
2026-07-16T07:12:00+00:00,2990.9,2990.9,2990.5,2990.6,16
2026-07-16T07:13:00+00:00,2990.4,2990.4,2990.1,2990.3,21
2026-07-16T07:14:00+00:00,2990.5,2991.0,2990.4,2990.6,24
2026-07-16T07:15:00+00:00,2990.4,2990.4,2989.9,2990.0,25
2026-07-16T07:16:00+00:00,2989.9,2990.1,2989.7,2990.0,17
2026-07-16T07:17:00+00:00,2990.2,2990.7,2990.2,2990.2,19
2026-07-16T07:18:00+00:00,2990.0,2990.0,2989.4,2989.6,12
2026-07-16T07:19:00+00:00,2989.6,2989.6,2988.9,2989.5,53
2026-07-16T07:20:00+00:00,2989.3,2990.2,2989.3,2990.1,20
2026-07-16T07:21:00+00:00,2989.9,2990.3,2989.7,2990.2,9
2026-07-16T07:22:00+00:00,2990.1,2990.1,2989.9,2989.9,12
2026-07-16T07:23:00+00:00,2989.3,2989.3,2989.3,2989.3,2
2026-07-16T07:25:00+00:00,2989.7,2989.8,2989.7,2989.8,3
2026-07-16T07:26:00+00:00,2989.5,2989.5,2989.4,2989.4,2
2026-07-16T07:27:00+00:00,2990.1,2990.1,2989.5,2989.5,7
2026-07-16T07:28:00+00:00,2989.3,2989.3,2988.5,2989.0,22
2026-07-16T07:29:00+00:00,2988.9,2989.4,2988.8,2989.3,9
2026-07-16T07:30:00+00:00,2989.3,2989.5,2989.1,2989.5,19
2026-07-16T07:31:00+00:00,2989.3,2989.3,2989.1,2989.1,3
2026-07-16T07:32:00+00:00,2988.8,2988.8,2988.0,2988.1,40
2026-07-16T07:33:00+00:00,2988.1,2988.7,2987.7,2988.2,35
2026-07-16T07:34:00+00:00,2988.2,2988.2,2988.0,2988.1,9
2026-07-16T07:35:00+00:00,2988.3,2988.3,2987.4,2987.4,86
2026-07-16T07:36:00+00:00,2987.2,2987.2,2986.8,2987.0,22
2026-07-16T07:37:00+00:00,2986.7,2987.1,2986.6,2987.1,10
2026-07-16T07:38:00+00:00,2986.9,2986.9,2986.7,2986.7,6
2026-07-16T07:39:00+00:00,2986.9,2987.4,2986.8,2986.8,18
2026-07-16T07:40:00+00:00,2986.8,2986.8,2986.2,2986.2,27
2026-07-16T07:41:00+00:00,2986.4,2986.6,2985.9,2985.9,18
2026-07-16T07:42:00+00:00,2985.8,2986.1,2985.6,2986.0,20
2026-07-16T07:43:00+00:00,2986.3,2986.3,2985.9,2986.2,22
2026-07-16T07:44:00+00:00,2986.1,2986.3,2985.1,2985.1,30
2026-07-16T07:45:00+00:00,2985.0,2985.0,2984.2,2984.7,34
2026-07-16T07:46:00+00:00,2984.2,2984.7,2984.0,2984.6,34
2026-07-16T07:47:00+00:00,2984.9,2985.1,2983.7,2983.7,34
2026-07-16T07:48:00+00:00,2984.0,2984.0,2983.8,2983.8,4
2026-07-16T07:49:00+00:00,2983.6,2984.0,2983.0,2983.6,25
2026-07-16T07:50:00+00:00,2983.5,2983.7,2983.2,2983.3,32
2026-07-16T07:51:00+00:00,2983.4,2983.8,2983.4,2983.6,10
2026-07-16T07:52:00+00:00,2983.4,2983.4,2982.7,2982.7,22
2026-07-16T07:53:00+00:00,2983.2,2983.4,2983.2,2983.3,5
2026-07-16T07:54:00+00:00,2983.1,2983.1,2982.3,2982.4,12
2026-07-16T07:55:00+00:00,2982.3,2982.4,2981.4,2981.5,87
2026-07-16T07:56:00+00:00,2981.5,2981.6,2980.1,2980.4,62
2026-07-16T07:57:00+00:00,2980.4,2980.8,2980.4,2980.5,41
2026-07-16T07:58:00+00:00,2980.7,2981.5,2980.6,2981.5,29
2026-07-16T07:59:00+00:00,2981.7,2981.7,2981.3,2981.4,9
2026-07-16T08:00:00+00:00,2981.2,2982.4,2980.6,2982.4,66
2026-07-16T08:01:00+00:00,2981.8,2981.8,2981.1,2981.4,14
2026-07-16T08:02:00+00:00,2981.5,2982.3,2981.1,2982.1,39
2026-07-16T08:03:00+00:00,2981.8,2982.1,2981.0,2981.5,46
2026-07-16T08:04:00+00:00,2981.4,2982.9,2981.4,2982.8,32
2026-07-16T08:05:00+00:00,2982.9,2983.0,2982.1,2982.7,26
2026-07-16T08:06:00+00:00,2982.5,2982.5,2981.7,2981.7,8
2026-07-16T08:07:00+00:00,2981.1,2981.4,2980.7,2981.4,16
2026-07-16T08:08:00+00:00,2981.0,2981.0,2980.0,2980.7,28
2026-07-16T08:09:00+00:00,2980.4,2980.4,2979.7,2979.7,92
2026-07-16T08:10:00+00:00,2979.9,2980.2,2978.7,2979.0,113
2026-07-16T08:11:00+00:00,2978.8,2978.8,2978.0,2978.1,36
2026-07-16T08:12:00+00:00,2978.0,2978.0,2976.6,2976.6,95
2026-07-16T08:13:00+00:00,2976.8,2978.4,2976.8,2978.4,32
2026-07-16T08:14:00+00:00,2978.3,2978.3,2976.7,2976.7,25
2026-07-16T08:15:00+00:00,2976.7,2977.5,2976.6,2977.5,31
2026-07-16T08:16:00+00:00,2977.4,2977.5,2976.7,2977.4,26
2026-07-16T08:17:00+00:00,2977.4,2979.2,2977.1,2979.2,39
2026-07-16T08:18:00+00:00,2979.4,2979.4,2978.1,2978.3,38
2026-07-16T08:19:00+00:00,2978.4,2979.1,2978.1,2979.1,26
2026-07-16T08:20:00+00:00,2979.7,2979.9,2979.1,2979.1,20
2026-07-16T08:21:00+00:00,2979.6,2981.8,2979.6,2981.8,34
2026-07-16T08:22:00+00:00,2981.8,2981.8,2981.2,2981.8,38
2026-07-16T08:23:00+00:00,2982.1,2982.4,2981.8,2982.2,46
2026-07-16T08:24:00+00:00,2982.1,2982.1,2980.5,2980.8,99
2026-07-16T08:25:00+00:00,2981.1,2981.5,2980.9,2981.0,19
2026-07-16T08:26:00+00:00,2981.4,2982.2,2981.2,2981.2,116
2026-07-16T08:27:00+00:00,2981.3,2981.4,2980.5,2980.5,19
2026-07-16T08:28:00+00:00,2980.9,2981.2,2980.2,2980.2,20
2026-07-16T08:29:00+00:00,2980.3,2981.1,2980.2,2980.3,29
2026-07-16T08:30:00+00:00,2980.7,2980.7,2979.8,2980.3,16
2026-07-16T08:31:00+00:00,2980.6,2981.2,2980.1,2981.2,26
2026-07-16T08:32:00+00:00,2981.2,2981.4,2980.8,2980.8,7
2026-07-16T08:33:00+00:00,2980.8,2981.6,2980.8,2981.1,23
2026-07-16T08:34:00+00:00,2981.1,2981.3,2981.0,2981.3,17
2026-07-16T08:35:00+00:00,2981.1,2982.5,2981.0,2982.5,37
2026-07-16T08:36:00+00:00,2982.4,2982.8,2982.3,2982.7,22
2026-07-16T08:37:00+00:00,2982.6,2982.6,2982.2,2982.2,4
2026-07-16T08:38:00+00:00,2982.1,2982.6,2982.1,2982.3,7
2026-07-16T08:39:00+00:00,2982.4,2982.4,2982.1,2982.1,23
2026-07-16T08:40:00+00:00,2981.7,2982.3,2981.7,2982.1,33
2026-07-16T08:41:00+00:00,2983.0,2983.0,2982.4,2982.4,32
2026-07-16T08:42:00+00:00,2982.2,2982.6,2982.2,2982.5,4
2026-07-16T08:43:00+00:00,2982.4,2982.7,2982.2,2982.4,6
2026-07-16T08:44:00+00:00,2982.4,2982.4,2981.7,2981.7,21
2026-07-16T08:45:00+00:00,2982.4,2982.5,2982.0,2982.5,64
2026-07-16T08:46:00+00:00,2982.8,2983.9,2982.8,2983.6,29
2026-07-16T08:47:00+00:00,2983.9,2984.4,2983.9,2984.4,20
2026-07-16T08:48:00+00:00,2984.3,2984.3,2983.8,2983.8,7
2026-07-16T08:49:00+00:00,2984.0,2984.3,2984.0,2984.2,27
2026-07-16T08:50:00+00:00,2984.1,2984.6,2984.0,2984.2,29
2026-07-16T08:51:00+00:00,2983.8,2983.8,2983.7,2983.7,7
2026-07-16T08:52:00+00:00,2983.8,2984.4,2983.1,2984.2,22
2026-07-16T08:53:00+00:00,2984.3,2984.3,2983.7,2983.7,12
2026-07-16T08:54:00+00:00,2983.5,2983.5,2982.6,2982.8,11
2026-07-16T08:55:00+00:00,2983.1,2983.1,2983.1,2983.1,1
2026-07-16T08:56:00+00:00,2983.1,2983.3,2983.1,2983.2,4
2026-07-16T08:57:00+00:00,2983.3,2983.5,2983.2,2983.5,10
2026-07-16T08:58:00+00:00,2983.6,2984.0,2983.6,2984.0,6
2026-07-16T08:59:00+00:00,2984.3,2984.7,2984.2,2984.7,12
2026-07-16T09:00:00+00:00,2984.6,2985.5,2984.6,2985.3,42
2026-07-16T09:01:00+00:00,2985.4,2985.4,2985.0,2985.1,9
2026-07-16T09:02:00+00:00,2985.0,2986.0,2984.9,2986.0,20
2026-07-16T09:03:00+00:00,2986.1,2986.1,2985.2,2985.2,74
2026-07-16T09:04:00+00:00,2985.4,2985.4,2985.1,2985.1,16
2026-07-16T09:05:00+00:00,2984.7,2984.8,2984.3,2984.6,69
2026-07-16T09:06:00+00:00,2985.0,2985.1,2984.6,2984.7,8
2026-07-16T09:07:00+00:00,2984.9,2985.0,2984.9,2984.9,6
2026-07-16T09:08:00+00:00,2985.4,2985.5,2985.3,2985.4,15
2026-07-16T09:09:00+00:00,2985.1,2985.1,2984.8,2985.1,5
2026-07-16T09:10:00+00:00,2984.9,2985.1,2984.5,2984.6,7
2026-07-16T09:11:00+00:00,2985.6,2985.7,2985.6,2985.7,5
2026-07-16T09:12:00+00:00,2986.0,2986.1,2985.6,2985.8,8
2026-07-16T09:13:00+00:00,2985.5,2985.6,2985.4,2985.6,5
2026-07-16T09:14:00+00:00,2985.5,2985.7,2985.5,2985.7,4
2026-07-16T09:15:00+00:00,2985.3,2985.6,2985.3,2985.6,3
2026-07-16T09:16:00+00:00,2985.8,2985.8,2985.0,2985.2,20
2026-07-16T09:17:00+00:00,2985.2,2985.2,2985.0,2985.0,6
2026-07-16T09:18:00+00:00,2985.2,2985.2,2984.4,2984.5,22
2026-07-16T09:19:00+00:00,2984.5,2984.6,2984.4,2984.6,7
2026-07-16T09:20:00+00:00,2984.7,2984.7,2984.6,2984.6,18
2026-07-16T09:21:00+00:00,2984.8,2985.7,2984.8,2985.1,76
2026-07-16T09:22:00+00:00,2985.2,2985.2,2984.3,2984.3,11
2026-07-16T09:23:00+00:00,2984.2,2984.3,2983.7,2984.3,19
2026-07-16T09:24:00+00:00,2984.1,2984.1,2983.7,2983.7,3
2026-07-16T09:25:00+00:00,2983.5,2983.7,2983.4,2983.5,18
2026-07-16T09:26:00+00:00,2983.9,2984.4,2983.9,2984.0,6
2026-07-16T09:27:00+00:00,2983.6,2983.8,2982.4,2983.2,186
2026-07-16T09:28:00+00:00,2983.3,2983.9,2983.3,2983.9,11
2026-07-16T09:29:00+00:00,2983.3,2983.3,2982.9,2983.1,6
2026-07-16T09:30:00+00:00,2983.2,2984.0,2983.0,2984.0,30
2026-07-16T09:31:00+00:00,2984.0,2984.1,2984.0,2984.0,5
2026-07-16T09:32:00+00:00,2983.8,2983.8,2983.8,2983.8,1
2026-07-16T09:33:00+00:00,2983.7,2983.7,2983.6,2983.6,4
2026-07-16T09:34:00+00:00,2983.4,2983.4,2982.9,2983.0,18
2026-07-16T09:35:00+00:00,2983.0,2983.0,2982.7,2982.7,6
2026-07-16T09:36:00+00:00,2982.8,2983.1,2982.3,2982.5,17
2026-07-16T09:37:00+00:00,2982.4,2982.6,2982.3,2982.6,8
2026-07-16T09:38:00+00:00,2982.3,2982.4,2981.6,2981.7,30
2026-07-16T09:39:00+00:00,2981.7,2981.8,2981.6,2981.8,18
2026-07-16T09:40:00+00:00,2981.8,2982.0,2981.7,2982.0,26
2026-07-16T09:41:00+00:00,2981.9,2981.9,2981.6,2981.6,12
2026-07-16T09:42:00+00:00,2981.5,2981.8,2981.5,2981.8,6
2026-07-16T09:43:00+00:00,2981.6,2982.0,2981.6,2982.0,6
2026-07-16T09:44:00+00:00,2982.0,2982.1,2982.0,2982.1,2
2026-07-16T09:45:00+00:00,2981.4,2981.4,2980.0,2980.0,34
2026-07-16T09:46:00+00:00,2980.6,2980.8,2980.2,2980.3,24
2026-07-16T09:47:00+00:00,2980.2,2980.5,2980.0,2980.0,4
2026-07-16T09:48:00+00:00,2980.3,2980.6,2980.2,2980.6,20
2026-07-16T09:49:00+00:00,2980.6,2980.6,2980.3,2980.3,2
2026-07-16T09:50:00+00:00,2980.5,2980.8,2980.5,2980.8,4
2026-07-16T09:51:00+00:00,2980.3,2980.3,2980.0,2980.0,24
2026-07-16T09:52:00+00:00,2980.0,2980.2,2980.0,2980.2,4
2026-07-16T09:53:00+00:00,2980.5,2980.5,2979.5,2980.0,27
2026-07-16T09:54:00+00:00,2980.1,2980.3,2980.0,2980.3,8
2026-07-16T09:55:00+00:00,2980.3,2982.4,2980.3,2981.7,167
2026-07-16T09:56:00+00:00,2981.5,2981.9,2981.1,2981.1,15
2026-07-16T09:57:00+00:00,2981.1,2981.3,2980.7,2981.3,10
2026-07-16T09:58:00+00:00,2981.2,2981.2,2980.7,2981.1,11
2026-07-16T09:59:00+00:00,2980.9,2981.1,2980.8,2981.1,16
2026-07-16T10:00:00+00:00,2980.9,2981.0,2980.5,2981.0,38
2026-07-16T10:01:00+00:00,2981.0,2981.4,2980.9,2981.1,20
2026-07-16T10:02:00+00:00,2981.1,2981.8,2981.1,2981.6,14
2026-07-16T10:03:00+00:00,2981.8,2982.1,2981.8,2982.0,14
2026-07-16T10:04:00+00:00,2981.8,2982.5,2981.8,2982.2,31
2026-07-16T10:05:00+00:00,2982.5,2982.5,2982.3,2982.5,6
2026-07-16T10:06:00+00:00,2982.1,2982.1,2982.1,2982.1,9
2026-07-16T10:07:00+00:00,2982.3,2982.4,2982.1,2982.3,9
2026-07-16T10:08:00+00:00,2982.2,2982.6,2982.0,2982.6,27
2026-07-16T10:09:00+00:00,2982.5,2982.5,2982.1,2982.2,13
2026-07-16T10:10:00+00:00,2982.2,2982.2,2982.1,2982.2,4
2026-07-16T10:11:00+00:00,2982.5,2982.5,2982.0,2982.1,10
2026-07-16T10:12:00+00:00,2982.0,2982.0,2981.4,2981.5,10
2026-07-16T10:13:00+00:00,2981.5,2981.5,2981.5,2981.5,7
2026-07-16T10:14:00+00:00,2981.2,2981.3,2981.2,2981.3,2
2026-07-16T10:15:00+00:00,2981.5,2981.5,2980.6,2980.6,10
2026-07-16T10:16:00+00:00,2981.0,2981.0,2980.2,2980.2,19
2026-07-16T10:17:00+00:00,2980.3,2980.3,2979.7,2980.0,12
2026-07-16T10:18:00+00:00,2980.3,2980.7,2980.2,2980.7,7
2026-07-16T10:19:00+00:00,2980.4,2980.4,2980.2,2980.2,5
2026-07-16T10:20:00+00:00,2980.3,2980.4,2980.0,2980.0,6
2026-07-16T10:21:00+00:00,2979.7,2979.7,2978.6,2978.9,27
2026-07-16T10:22:00+00:00,2979.1,2979.6,2979.1,2979.4,7
2026-07-16T10:23:00+00:00,2979.1,2979.5,2979.0,2979.2,67
2026-07-16T10:24:00+00:00,2979.3,2979.3,2978.9,2979.1,9
2026-07-16T10:25:00+00:00,2979.5,2979.7,2979.1,2979.1,30
2026-07-16T10:26:00+00:00,2979.0,2979.0,2978.9,2978.9,6
2026-07-16T10:27:00+00:00,2979.5,2980.1,2979.5,2979.7,47
2026-07-16T10:28:00+00:00,2979.8,2979.9,2979.7,2979.7,12
2026-07-16T10:29:00+00:00,2979.9,2980.7,2979.9,2980.7,9
2026-07-16T10:30:00+00:00,2980.6,2980.9,2980.4,2980.5,37
2026-07-16T10:31:00+00:00,2980.4,2980.4,2980.1,2980.1,17
2026-07-16T10:32:00+00:00,2979.5,2980.1,2979.4,2980.1,16
2026-07-16T10:33:00+00:00,2980.1,2980.1,2980.0,2980.0,2
2026-07-16T10:35:00+00:00,2980.2,2980.4,2979.6,2979.6,19
2026-07-16T10:36:00+00:00,2979.8,2980.1,2979.8,2980.1,9
2026-07-16T10:37:00+00:00,2980.2,2980.7,2980.0,2980.6,13
2026-07-16T10:38:00+00:00,2980.6,2980.6,2980.3,2980.3,7
2026-07-16T10:39:00+00:00,2980.2,2980.3,2979.2,2979.6,34
2026-07-16T10:40:00+00:00,2979.6,2979.7,2979.4,2979.7,8
2026-07-16T10:41:00+00:00,2980.0,2980.2,2979.9,2980.1,9
2026-07-16T10:42:00+00:00,2980.3,2980.3,2980.3,2980.3,1
2026-07-16T10:43:00+00:00,2980.7,2980.7,2980.5,2980.5,11
2026-07-16T10:44:00+00:00,2980.4,2980.7,2980.4,2980.6,15
2026-07-16T10:45:00+00:00,2980.6,2980.6,2980.2,2980.3,4
2026-07-16T10:46:00+00:00,2980.0,2980.3,2979.8,2980.0,11
2026-07-16T10:47:00+00:00,2979.6,2979.7,2979.6,2979.6,5
2026-07-16T10:48:00+00:00,2980.0,2980.0,2979.7,2979.7,5
2026-07-16T10:49:00+00:00,2979.7,2979.7,2979.3,2979.3,4
2026-07-16T10:50:00+00:00,2979.3,2979.3,2978.7,2978.7,13
2026-07-16T10:51:00+00:00,2978.6,2979.1,2978.6,2979.1,30
2026-07-16T10:52:00+00:00,2979.2,2979.2,2978.9,2979.0,8
2026-07-16T10:53:00+00:00,2979.4,2979.5,2979.2,2979.2,13
2026-07-16T10:54:00+00:00,2979.2,2979.6,2978.8,2979.4,38
2026-07-16T10:55:00+00:00,2979.4,2979.4,2979.3,2979.4,9
2026-07-16T10:56:00+00:00,2979.5,2979.6,2979.5,2979.6,13
2026-07-16T10:57:00+00:00,2979.7,2980.7,2979.7,2980.7,14
2026-07-16T10:58:00+00:00,2980.4,2980.8,2980.4,2980.8,17
2026-07-16T10:59:00+00:00,2981.0,2981.0,2980.4,2980.5,12
2026-07-16T11:00:00+00:00,2980.4,2980.4,2978.8,2978.8,27
2026-07-16T11:01:00+00:00,2978.9,2978.9,2977.7,2978.2,43
2026-07-16T11:02:00+00:00,2978.5,2979.0,2978.5,2978.7,3
2026-07-16T11:03:00+00:00,2978.8,2979.4,2978.6,2979.0,20
2026-07-16T11:04:00+00:00,2978.6,2979.2,2978.6,2978.7,30
2026-07-16T11:05:00+00:00,2978.7,2978.7,2978.2,2978.6,20
2026-07-16T11:06:00+00:00,2979.1,2979.1,2978.8,2978.8,11
2026-07-16T11:07:00+00:00,2979.0,2979.0,2978.5,2978.8,19
2026-07-16T11:08:00+00:00,2978.8,2979.6,2978.8,2979.3,4
2026-07-16T11:09:00+00:00,2979.4,2979.8,2979.4,2979.8,16
2026-07-16T11:10:00+00:00,2979.5,2979.5,2978.9,2978.9,8
2026-07-16T11:11:00+00:00,2979.1,2979.9,2979.1,2979.1,18
2026-07-16T11:12:00+00:00,2979.3,2979.6,2979.2,2979.5,11
2026-07-16T11:13:00+00:00,2979.6,2979.9,2979.5,2979.6,10
2026-07-16T11:14:00+00:00,2979.4,2979.6,2979.3,2979.6,13
2026-07-16T11:15:00+00:00,2979.8,2980.3,2979.2,2979.2,21
2026-07-16T11:16:00+00:00,2979.0,2979.1,2977.7,2978.1,22
2026-07-16T11:17:00+00:00,2978.0,2979.1,2977.1,2979.1,54
2026-07-16T11:18:00+00:00,2979.0,2979.0,2978.7,2978.9,14
2026-07-16T11:19:00+00:00,2978.8,2979.6,2978.8,2979.5,16
2026-07-16T11:20:00+00:00,2979.5,2980.1,2979.5,2980.1,28
2026-07-16T11:21:00+00:00,2980.3,2980.8,2980.2,2980.5,21
2026-07-16T11:22:00+00:00,2980.5,2981.5,2980.5,2981.5,24
2026-07-16T11:23:00+00:00,2981.6,2982.9,2981.1,2982.9,62
2026-07-16T11:24:00+00:00,2982.6,2983.2,2982.6,2983.2,19
2026-07-16T11:25:00+00:00,2983.0,2983.0,2982.3,2982.8,16
2026-07-16T11:26:00+00:00,2982.8,2983.2,2982.5,2982.7,17
2026-07-16T11:27:00+00:00,2982.8,2983.3,2982.8,2983.2,12
2026-07-16T11:28:00+00:00,2983.1,2983.3,2982.4,2982.4,7
2026-07-16T11:29:00+00:00,2982.0,2982.1,2980.9,2981.5,35
2026-07-16T11:30:00+00:00,2981.6,2981.7,2980.9,2980.9,20
2026-07-16T11:31:00+00:00,2980.7,2980.7,2980.2,2980.4,12
2026-07-16T11:32:00+00:00,2980.5,2980.8,2980.4,2980.8,23
2026-07-16T11:33:00+00:00,2981.1,2981.2,2981.0,2981.2,14
2026-07-16T11:34:00+00:00,2981.5,2982.2,2981.5,2982.0,16
2026-07-16T11:35:00+00:00,2982.3,2982.9,2982.2,2982.6,33
2026-07-16T11:36:00+00:00,2982.8,2983.1,2982.7,2982.7,21
2026-07-16T11:37:00+00:00,2982.7,2983.0,2982.7,2982.9,14
2026-07-16T11:38:00+00:00,2983.1,2983.3,2981.5,2981.5,26
2026-07-16T11:39:00+00:00,2981.4,2982.2,2981.4,2982.2,12
2026-07-16T11:40:00+00:00,2982.4,2982.4,2982.2,2982.4,8
2026-07-16T11:42:00+00:00,2981.9,2982.5,2981.1,2981.1,18
2026-07-16T11:43:00+00:00,2981.2,2981.7,2981.2,2981.7,6
2026-07-16T11:44:00+00:00,2981.7,2981.8,2981.2,2981.5,68
2026-07-16T11:45:00+00:00,2981.7,2982.0,2981.7,2982.0,6
2026-07-16T11:46:00+00:00,2982.0,2982.1,2981.7,2981.7,8
2026-07-16T11:47:00+00:00,2981.6,2981.7,2980.9,2980.9,10
2026-07-16T11:48:00+00:00,2981.3,2981.6,2981.1,2981.1,9
2026-07-16T11:49:00+00:00,2981.3,2981.5,2972.6,2974.7,957
2026-07-16T11:50:00+00:00,2974.7,2978.2,2974.5,2978.0,519
2026-07-16T11:51:00+00:00,2978.1,2979.8,2978.0,2979.3,108
2026-07-16T11:52:00+00:00,2979.2,2979.9,2978.9,2979.7,29
2026-07-16T11:53:00+00:00,2979.8,2981.1,2979.8,2980.7,38
2026-07-16T11:54:00+00:00,2980.8,2981.2,2980.8,2981.2,24
2026-07-16T11:55:00+00:00,2981.3,2982.8,2981.3,2982.8,59
2026-07-16T11:56:00+00:00,2982.6,2982.6,2981.5,2982.1,49
2026-07-16T11:57:00+00:00,2982.0,2982.5,2982.0,2982.5,12
2026-07-16T11:58:00+00:00,2982.4,2983.7,2982.4,2983.1,42
2026-07-16T11:59:00+00:00,2983.0,2983.3,2981.9,2981.9,49
2026-07-16T12:00:00+00:00,2981.9,2982.6,2980.4,2980.8,76
2026-07-16T12:01:00+00:00,2981.5,2981.9,2981.0,2981.7,40
2026-07-16T12:02:00+00:00,2981.6,2982.1,2981.3,2982.1,24
2026-07-16T12:03:00+00:00,2981.9,2982.3,2981.9,2982.1,16
2026-07-16T12:04:00+00:00,2982.1,2982.1,2981.0,2981.1,30
2026-07-16T12:05:00+00:00,2981.5,2981.5,2978.8,2978.8,162
2026-07-16T12:06:00+00:00,2978.8,2979.6,2978.6,2979.1,70
2026-07-16T12:07:00+00:00,2979.3,2979.5,2978.9,2978.9,34
2026-07-16T12:08:00+00:00,2979.1,2979.5,2979.0,2979.3,39
2026-07-16T12:09:00+00:00,2979.4,2979.7,2978.7,2979.7,21
2026-07-16T12:10:00+00:00,2979.8,2979.9,2979.0,2979.1,35
2026-07-16T12:11:00+00:00,2979.0,2980.0,2979.0,2979.7,46
2026-07-16T12:12:00+00:00,2980.0,2980.4,2979.1,2979.1,83
2026-07-16T12:13:00+00:00,2979.1,2979.3,2978.8,2979.0,14
2026-07-16T12:14:00+00:00,2978.9,2979.6,2978.9,2979.5,30
2026-07-16T12:15:00+00:00,2979.5,2979.6,2978.4,2978.4,31
2026-07-16T12:16:00+00:00,2978.5,2979.1,2978.2,2979.1,30
2026-07-16T12:17:00+00:00,2979.4,2979.7,2979.1,2979.4,19
2026-07-16T12:18:00+00:00,2979.5,2980.2,2979.5,2980.1,20
2026-07-16T12:19:00+00:00,2980.2,2980.9,2980.2,2980.9,38
2026-07-16T12:20:00+00:00,2981.0,2981.5,2980.8,2981.3,35
2026-07-16T12:21:00+00:00,2981.4,2981.9,2977.4,2979.6,930
2026-07-16T12:22:00+00:00,2979.6,2979.6,2978.7,2978.7,15
2026-07-16T12:23:00+00:00,2978.6,2978.6,2977.7,2977.7,35
2026-07-16T12:24:00+00:00,2977.7,2977.8,2975.9,2976.2,96
2026-07-16T12:25:00+00:00,2976.2,2976.3,2975.5,2975.5,74
2026-07-16T12:26:00+00:00,2975.6,2976.8,2975.6,2976.7,74
2026-07-16T12:27:00+00:00,2976.6,2977.0,2976.5,2976.9,61
2026-07-16T12:28:00+00:00,2977.0,2977.2,2976.3,2976.6,32
2026-07-16T12:29:00+00:00,2976.6,2977.3,2976.6,2976.6,40
2026-07-16T12:30:00+00:00,2977.5,2979.9,2975.2,2977.8,256
2026-07-16T12:31:00+00:00,2977.8,2977.9,2976.3,2976.4,74
2026-07-16T12:32:00+00:00,2976.3,2976.6,2975.9,2976.0,54
2026-07-16T12:33:00+00:00,2975.9,2977.5,2975.9,2977.1,57
2026-07-16T12:34:00+00:00,2977.1,2977.9,2977.1,2977.7,34
2026-07-16T12:35:00+00:00,2977.9,2978.2,2977.4,2978.0,30
2026-07-16T12:36:00+00:00,2977.8,2978.1,2977.4,2977.9,9
2026-07-16T12:37:00+00:00,2977.9,2977.9,2974.8,2975.8,129
2026-07-16T12:38:00+00:00,2975.9,2976.9,2975.9,2976.6,48
2026-07-16T12:39:00+00:00,2976.7,2977.0,2975.9,2976.3,34
2026-07-16T12:40:00+00:00,2976.0,2976.5,2975.5,2975.7,43
2026-07-16T12:41:00+00:00,2976.1,2976.4,2975.2,2975.4,81
2026-07-16T12:42:00+00:00,2975.3,2976.5,2975.2,2975.5,44
2026-07-16T12:43:00+00:00,2975.5,2976.4,2975.2,2976.0,51
2026-07-16T12:44:00+00:00,2976.1,2976.1,2975.7,2975.8,37
2026-07-16T12:45:00+00:00,2975.8,2977.1,2975.7,2976.6,82
2026-07-16T12:46:00+00:00,2976.5,2978.3,2976.2,2978.0,61
2026-07-16T12:47:00+00:00,2978.0,2978.3,2977.6,2977.6,74
2026-07-16T12:48:00+00:00,2977.9,2978.5,2977.9,2978.2,27
2026-07-16T12:49:00+00:00,2978.4,2978.5,2977.5,2977.7,82
2026-07-16T12:50:00+00:00,2977.7,2978.0,2977.6,2977.8,31
2026-07-16T12:51:00+00:00,2977.8,2978.3,2976.4,2976.9,58
2026-07-16T12:52:00+00:00,2977.0,2977.7,2977.0,2977.7,25
2026-07-16T12:53:00+00:00,2977.7,2978.0,2977.4,2978.0,41
2026-07-16T12:54:00+00:00,2978.1,2978.3,2977.4,2977.5,46
2026-07-16T12:55:00+00:00,2977.8,2978.2,2977.1,2977.8,42
2026-07-16T12:56:00+00:00,2977.6,2977.9,2977.4,2977.7,25
2026-07-16T12:57:00+00:00,2977.8,2978.1,2977.6,2977.6,27
2026-07-16T12:58:00+00:00,2977.8,2977.8,2977.2,2977.4,17
2026-07-16T12:59:00+00:00,2977.3,2977.3,2977.1,2977.1,17
2026-07-16T13:00:00+00:00,2977.3,2978.4,2976.7,2978.4,82
2026-07-16T13:01:00+00:00,2978.3,2978.8,2978.0,2978.3,53
2026-07-16T13:02:00+00:00,2978.2,2978.4,2977.1,2977.5,47
2026-07-16T13:03:00+00:00,2977.5,2977.7,2976.9,2977.5,76
2026-07-16T13:04:00+00:00,2977.8,2977.8,2977.2,2977.2,42
2026-07-16T13:05:00+00:00,2977.2,2978.0,2977.1,2977.8,58
2026-07-16T13:06:00+00:00,2978.3,2978.3,2976.5,2976.6,47
2026-07-16T13:07:00+00:00,2976.7,2978.3,2976.7,2978.0,54
2026-07-16T13:08:00+00:00,2978.2,2978.8,2978.0,2978.0,22
2026-07-16T13:09:00+00:00,2978.2,2978.6,2978.2,2978.4,17
2026-07-16T13:10:00+00:00,2978.5,2978.5,2978.0,2978.0,21
2026-07-16T13:11:00+00:00,2977.9,2979.3,2977.6,2978.9,44
2026-07-16T13:12:00+00:00,2979.0,2979.5,2979.0,2979.3,49
2026-07-16T13:13:00+00:00,2979.4,2979.9,2979.2,2979.8,60
2026-07-16T13:14:00+00:00,2979.9,2980.0,2979.1,2979.4,48
2026-07-16T13:15:00+00:00,2979.8,2980.0,2979.5,2980.0,35
2026-07-16T13:16:00+00:00,2980.2,2980.6,2980.0,2980.2,40
2026-07-16T13:17:00+00:00,2980.6,2980.7,2979.7,2979.7,39
2026-07-16T13:18:00+00:00,2979.7,2980.3,2979.7,2980.2,50
2026-07-16T13:19:00+00:00,2980.2,2980.7,2980.2,2980.7,26
2026-07-16T13:20:00+00:00,2980.8,2981.4,2980.6,2980.6,89
2026-07-16T13:21:00+00:00,2980.4,2981.5,2980.3,2981.0,64
2026-07-16T13:22:00+00:00,2981.0,2981.1,2980.3,2980.4,29
2026-07-16T13:23:00+00:00,2980.6,2981.3,2980.6,2981.2,41
2026-07-16T13:24:00+00:00,2981.1,2981.8,2981.1,2981.4,40
2026-07-16T13:25:00+00:00,2981.4,2981.8,2980.6,2981.8,161
2026-07-16T13:26:00+00:00,2981.8,2982.6,2981.4,2982.2,106
2026-07-16T13:27:00+00:00,2982.2,2983.1,2981.6,2983.1,133
2026-07-16T13:28:00+00:00,2983.1,2983.1,2980.9,2981.2,88
2026-07-16T13:29:00+00:00,2981.4,2982.6,2980.3,2980.5,194
2026-07-16T13:30:00+00:00,2980.8,2986.8,2980.7,2985.3,1333
2026-07-16T13:31:00+00:00,2985.2,2988.9,2984.2,2987.1,1074
2026-07-16T13:32:00+00:00,2987.0,2990.2,2986.9,2989.7,907
2026-07-16T13:33:00+00:00,2989.7,2992.7,2988.9,2992.1,814
2026-07-16T13:34:00+00:00,2992.2,2992.7,2989.6,2990.8,755
2026-07-16T13:35:00+00:00,2991.1,2994.3,2989.8,2993.6,1003
2026-07-16T13:36:00+00:00,2993.7,2996.7,2992.2,2995.5,763
2026-07-16T13:37:00+00:00,2995.7,2996.3,2994.9,2995.2,466
2026-07-16T13:38:00+00:00,2995.1,2995.1,2990.7,2991.9,509
2026-07-16T13:39:00+00:00,2991.6,2992.5,2989.9,2990.4,375
2026-07-16T13:40:00+00:00,2990.5,2994.5,2989.7,2992.5,583
2026-07-16T13:41:00+00:00,2992.5,2992.8,2989.0,2989.5,470
2026-07-16T13:42:00+00:00,2989.8,2993.7,2989.1,2992.5,430
2026-07-16T13:43:00+00:00,2992.3,2995.5,2990.1,2995.2,383
2026-07-16T13:44:00+00:00,2995.2,2997.5,2993.9,2994.3,598
2026-07-16T13:45:00+00:00,2994.3,2999.2,2994.3,2996.9,898
2026-07-16T13:46:00+00:00,2996.9,3001.2,2996.8,2999.3,654
2026-07-16T13:47:00+00:00,2999.9,3000.4,2997.3,2997.3,550
2026-07-16T13:48:00+00:00,2997.3,2998.4,2993.6,2994.7,654
2026-07-16T13:49:00+00:00,2994.7,2995.3,2991.8,2994.5,555
2026-07-16T13:50:00+00:00,2994.9,3001.1,2994.9,2998.7,886
2026-07-16T13:51:00+00:00,2999.0,3002.0,2997.8,3000.8,511
2026-07-16T13:52:00+00:00,3001.1,3002.5,3000.1,3001.4,321
2026-07-16T13:53:00+00:00,3001.6,3001.7,2998.1,3000.4,433
2026-07-16T13:54:00+00:00,3000.2,3002.6,2997.5,2997.7,402
2026-07-16T13:55:00+00:00,2997.8,2997.8,2994.9,2996.9,452
2026-07-16T13:56:00+00:00,2997.1,2999.0,2996.3,2998.3,305
2026-07-16T13:57:00+00:00,2998.1,2998.8,2995.1,2996.5,243
2026-07-16T13:58:00+00:00,2996.7,2999.5,2996.3,2999.0,210
2026-07-16T13:59:00+00:00,2999.4,3000.3,2998.0,3000.0,228
2026-07-16T14:00:00+00:00,2999.5,3003.3,2998.6,3002.9,535
2026-07-16T14:01:00+00:00,3002.8,3005.8,3002.6,3004.6,719
2026-07-16T14:02:00+00:00,3004.7,3005.4,3003.1,3003.9,377
2026-07-16T14:03:00+00:00,3003.9,3004.8,3002.6,3003.4,290
2026-07-16T14:04:00+00:00,3003.2,3004.2,3001.9,3003.3,216
2026-07-16T14:05:00+00:00,3003.8,3005.6,3001.6,3005.2,277
2026-07-16T14:06:00+00:00,3005.0,3006.2,3004.3,3005.6,325
2026-07-16T14:07:00+00:00,3005.6,3007.6,3005.4,3007.5,355
2026-07-16T14:08:00+00:00,3007.4,3009.5,3007.4,3009.3,487
2026-07-16T14:09:00+00:00,3009.6,3011.2,3008.1,3010.3,428
2026-07-16T14:10:00+00:00,3010.3,3012.9,3009.7,3011.8,581
2026-07-16T14:11:00+00:00,3011.6,3012.6,3010.6,3012.0,401
2026-07-16T14:12:00+00:00,3012.0,3012.5,3010.0,3010.5,288
2026-07-16T14:13:00+00:00,3010.5,3011.8,3010.4,3010.5,209
2026-07-16T14:14:00+00:00,3010.6,3011.8,3009.8,3010.7,202
2026-07-16T14:15:00+00:00,3010.7,3011.0,3008.1,3009.0,429
2026-07-16T14:16:00+00:00,3008.6,3010.2,3007.6,3009.1,355
2026-07-16T14:17:00+00:00,3009.0,3009.0,3006.2,3007.1,317
2026-07-16T14:18:00+00:00,3006.8,3007.2,3004.5,3004.8,403
2026-07-16T14:19:00+00:00,3004.6,3008.4,3004.1,3008.0,288
2026-07-16T14:20:00+00:00,3008.2,3009.0,3005.4,3005.7,237
2026-07-16T14:21:00+00:00,3005.8,3006.1,3004.4,3004.7,253
2026-07-16T14:22:00+00:00,3004.6,3006.7,3003.0,3006.1,444
2026-07-16T14:23:00+00:00,3006.4,3007.0,3004.7,3005.0,137
2026-07-16T14:24:00+00:00,3004.9,3005.2,3003.5,3003.6,304
2026-07-16T14:25:00+00:00,3003.6,3004.9,3002.2,3004.3,292
2026-07-16T14:26:00+00:00,3004.3,3005.3,3002.7,3004.8,164
2026-07-16T14:27:00+00:00,3004.7,3007.8,3004.5,3007.0,421
2026-07-16T14:28:00+00:00,3007.2,3010.0,3007.2,3009.7,375
2026-07-16T14:29:00+00:00,3009.7,3009.8,3008.2,3008.3,219
2026-07-16T14:30:00+00:00,3008.0,3008.2,3006.1,3006.8,261
2026-07-16T14:31:00+00:00,3007.0,3007.4,3003.8,3003.9,281
2026-07-16T14:32:00+00:00,3003.9,3005.0,3002.6,3005.0,259
2026-07-16T14:33:00+00:00,3004.8,3005.9,3004.4,3004.6,167
2026-07-16T14:34:00+00:00,3004.7,3004.8,3002.6,3003.0,122
2026-07-16T14:35:00+00:00,3002.7,3004.3,3002.6,3004.3,197
2026-07-16T14:36:00+00:00,3004.3,3004.6,3001.8,3002.5,249
2026-07-16T14:37:00+00:00,3003.0,3004.2,3002.1,3003.9,172
2026-07-16T14:38:00+00:00,3003.1,3003.5,3001.9,3002.4,143
2026-07-16T14:39:00+00:00,3002.4,3002.9,3001.6,3002.4,176
2026-07-16T14:40:00+00:00,3002.4,3004.9,3001.9,3003.5,805
2026-07-16T14:41:00+00:00,3003.5,3005.4,3003.0,3004.5,184
2026-07-16T14:42:00+00:00,3004.3,3007.1,3004.3,3006.9,243
2026-07-16T14:43:00+00:00,3006.9,3008.3,3006.6,3007.7,219
2026-07-16T14:44:00+00:00,3007.7,3008.0,3006.7,3007.2,119
2026-07-16T14:45:00+00:00,3007.3,3009.5,3006.1,3008.5,269
2026-07-16T14:46:00+00:00,3008.6,3008.6,3007.0,3007.3,199
2026-07-16T14:47:00+00:00,3007.3,3008.0,3005.9,3006.0,207
2026-07-16T14:48:00+00:00,3006.2,3006.5,3004.3,3004.6,284
2026-07-16T14:49:00+00:00,3004.5,3007.2,3004.5,3005.9,119
2026-07-16T14:50:00+00:00,3006.0,3007.0,3004.7,3005.3,239
2026-07-16T14:51:00+00:00,3005.1,3007.2,3004.3,3006.3,240
2026-07-16T14:52:00+00:00,3006.0,3006.7,3004.5,3005.1,137
2026-07-16T14:53:00+00:00,3005.1,3007.1,3004.6,3006.9,105
2026-07-16T14:54:00+00:00,3007.1,3007.2,3004.5,3005.1,149
2026-07-16T14:55:00+00:00,3004.8,3004.8,3002.9,3003.8,338
2026-07-16T14:56:00+00:00,3003.7,3005.1,3002.6,3004.7,153
2026-07-16T14:57:00+00:00,3004.5,3005.4,3004.3,3004.5,134
2026-07-16T14:58:00+00:00,3004.6,3006.8,3004.6,3005.8,176
2026-07-16T14:59:00+00:00,3005.9,3006.6,3005.0,3006.6,365
2026-07-16T15:00:00+00:00,3006.6,3006.7,3004.3,3004.4,138
2026-07-16T15:01:00+00:00,3004.0,3004.2,3003.0,3003.3,127
2026-07-16T15:02:00+00:00,3003.3,3004.5,3001.9,3002.0,287
2026-07-16T15:03:00+00:00,3002.0,3002.7,3000.7,3001.4,423
2026-07-16T15:04:00+00:00,3001.4,3003.2,3001.3,3002.3,150
2026-07-16T15:05:00+00:00,3002.2,3004.7,3000.5,3004.4,323
2026-07-16T15:06:00+00:00,3004.3,3004.4,3001.6,3001.9,157
2026-07-16T15:07:00+00:00,3002.0,3002.4,3000.7,3000.7,148
2026-07-16T15:08:00+00:00,3000.8,3002.0,3000.4,3000.7,150
2026-07-16T15:09:00+00:00,3000.6,3003.8,3000.5,3003.6,132
2026-07-16T15:10:00+00:00,3003.7,3004.5,3002.1,3002.8,170
2026-07-16T15:11:00+00:00,3002.2,3003.4,3001.3,3002.9,166
2026-07-16T15:12:00+00:00,3003.0,3003.0,3001.0,3002.2,160
2026-07-16T15:13:00+00:00,3002.2,3002.9,3001.1,3002.0,97
2026-07-16T15:14:00+00:00,3001.9,3004.1,3001.8,3003.5,136
2026-07-16T15:15:00+00:00,3003.6,3005.2,3003.3,3003.5,179
2026-07-16T15:16:00+00:00,3003.3,3003.3,3000.6,3001.6,174
2026-07-16T15:17:00+00:00,3001.6,3003.0,3001.4,3002.2,172
2026-07-16T15:18:00+00:00,3001.9,3004.5,3001.9,3003.6,77
2026-07-16T15:19:00+00:00,3003.4,3004.5,3003.1,3004.2,221
2026-07-16T15:20:00+00:00,3004.0,3004.2,3001.5,3002.8,156
2026-07-16T15:21:00+00:00,3002.8,3003.7,3002.3,3002.9,89
2026-07-16T15:22:00+00:00,3002.8,3002.8,3001.7,3002.1,75
2026-07-16T15:23:00+00:00,3002.0,3002.8,3001.2,3002.4,112
2026-07-16T15:24:00+00:00,3002.6,3004.8,3002.4,3004.3,99
2026-07-16T15:25:00+00:00,3004.3,3006.7,3004.2,3006.3,260
2026-07-16T15:26:00+00:00,3006.3,3007.5,3005.8,3007.5,222
2026-07-16T15:27:00+00:00,3007.5,3008.4,3006.1,3006.1,147
2026-07-16T15:28:00+00:00,3006.1,3006.6,3003.4,3003.8,182
2026-07-16T15:29:00+00:00,3003.9,3005.1,3003.9,3004.6,84
2026-07-16T15:30:00+00:00,3004.5,3005.2,3001.8,3003.4,198
2026-07-16T15:31:00+00:00,3003.5,3004.8,3003.4,3004.5,102
2026-07-16T15:32:00+00:00,3004.2,3005.8,3003.7,3005.2,112
2026-07-16T15:33:00+00:00,3005.2,3005.4,3004.3,3004.5,84
2026-07-16T15:34:00+00:00,3004.6,3006.7,3004.6,3006.2,98
2026-07-16T15:35:00+00:00,3006.1,3006.5,3005.3,3005.5,96
2026-07-16T15:36:00+00:00,3005.0,3006.0,3004.2,3005.9,85
2026-07-16T15:37:00+00:00,3005.9,3005.9,3004.1,3004.3,58
2026-07-16T15:38:00+00:00,3004.2,3005.3,3004.1,3005.2,46
2026-07-16T15:39:00+00:00,3005.3,3006.6,3005.3,3006.3,132
2026-07-16T15:40:00+00:00,3006.0,3007.1,3005.6,3005.6,108
2026-07-16T15:41:00+00:00,3005.4,3005.9,3003.6,3003.7,162
2026-07-16T15:42:00+00:00,3003.7,3004.9,3003.4,3004.2,90
2026-07-16T15:43:00+00:00,3004.3,3004.5,3001.8,3001.8,177
2026-07-16T15:44:00+00:00,3001.9,3003.0,3001.6,3001.8,154
2026-07-16T15:45:00+00:00,3001.5,3001.6,2999.4,2999.6,369
2026-07-16T15:46:00+00:00,2999.6,3000.1,2997.5,2997.8,473
2026-07-16T15:47:00+00:00,2997.8,2998.8,2997.4,2997.8,212
2026-07-16T15:48:00+00:00,2997.9,2999.8,2997.6,2999.7,176
2026-07-16T15:49:00+00:00,2999.4,3001.8,2998.6,3001.3,209
2026-07-16T15:50:00+00:00,3001.4,3002.2,3000.9,3001.9,231
2026-07-16T15:51:00+00:00,3002.0,3002.1,3000.6,3000.6,151
2026-07-16T15:52:00+00:00,3000.7,3001.5,3000.4,3000.9,106
2026-07-16T15:53:00+00:00,3000.3,3000.9,3000.0,3000.1,58
2026-07-16T15:54:00+00:00,2999.9,3000.7,2999.6,3000.2,70
2026-07-16T15:55:00+00:00,3000.2,3000.5,2998.8,2998.8,86
2026-07-16T15:56:00+00:00,2998.9,2999.0,2997.5,2998.2,206
2026-07-16T15:57:00+00:00,2998.6,2999.1,2997.9,2998.2,161
2026-07-16T15:58:00+00:00,2998.3,2999.6,2998.3,2999.1,105
2026-07-16T15:59:00+00:00,2998.9,2999.4,2998.4,2999.3,53
2026-07-16T16:00:00+00:00,2999.5,3000.9,2998.1,3000.1,517
2026-07-16T16:01:00+00:00,2999.9,3000.4,2998.6,2999.1,81
2026-07-16T16:02:00+00:00,2999.5,3000.1,2998.9,2999.6,56
2026-07-16T16:03:00+00:00,2999.5,3000.3,2999.1,3000.2,75
2026-07-16T16:04:00+00:00,3000.3,3000.6,2997.3,2997.5,121
2026-07-16T16:05:00+00:00,2997.6,2997.8,2996.1,2996.5,427
2026-07-16T16:06:00+00:00,2996.5,2998.3,2996.3,2998.2,139
2026-07-16T16:07:00+00:00,2998.4,2999.3,2997.8,2998.3,97
2026-07-16T16:08:00+00:00,2998.5,3000.0,2998.4,2999.2,64
2026-07-16T16:09:00+00:00,2999.3,3000.3,2999.3,2999.8,126
2026-07-16T16:10:00+00:00,2999.6,2999.7,2996.5,2996.7,323
2026-07-16T16:11:00+00:00,2996.7,2997.0,2994.5,2995.1,380
2026-07-16T16:12:00+00:00,2995.1,2995.2,2993.0,2994.0,589
2026-07-16T16:13:00+00:00,2993.9,2994.8,2993.0,2994.2,225
2026-07-16T16:14:00+00:00,2994.4,2994.7,2992.7,2993.2,145
2026-07-16T16:15:00+00:00,2993.1,2994.7,2991.9,2994.6,352
2026-07-16T16:16:00+00:00,2994.7,2995.3,2993.9,2994.7,211
2026-07-16T16:17:00+00:00,2994.6,2994.7,2993.4,2993.4,50
2026-07-16T16:18:00+00:00,2993.2,2994.7,2992.8,2994.7,101
2026-07-16T16:19:00+00:00,2994.7,2994.9,2992.4,2992.8,170
2026-07-16T16:20:00+00:00,2992.9,2992.9,2988.1,2988.3,602
2026-07-16T16:21:00+00:00,2988.4,2990.3,2988.2,2989.7,222
2026-07-16T16:22:00+00:00,2989.8,2990.0,2988.1,2988.5,207
2026-07-16T16:23:00+00:00,2988.5,2989.8,2988.2,2989.2,98
2026-07-16T16:24:00+00:00,2988.8,2990.1,2988.5,2989.7,221
2026-07-16T16:25:00+00:00,2989.6,2990.0,2988.6,2989.7,277
2026-07-16T16:26:00+00:00,2990.0,2991.2,2989.9,2990.0,171
2026-07-16T16:27:00+00:00,2990.0,2993.3,2990.0,2993.3,237
2026-07-16T16:28:00+00:00,2993.2,2993.8,2991.9,2993.6,146
2026-07-16T16:29:00+00:00,2993.5,2993.8,2991.9,2993.2,117
2026-07-16T16:30:00+00:00,2993.3,2994.9,2993.1,2994.5,252
2026-07-16T16:31:00+00:00,2994.3,2995.8,2993.8,2995.4,250
2026-07-16T16:32:00+00:00,2995.1,2997.6,2995.0,2997.0,341
2026-07-16T16:33:00+00:00,2997.1,2997.1,2994.6,2995.3,273
2026-07-16T16:34:00+00:00,2995.4,2996.0,2994.5,2995.5,189
2026-07-16T16:35:00+00:00,2995.7,2996.3,2994.3,2994.8,130
2026-07-16T16:36:00+00:00,2994.9,2995.6,2994.1,2995.4,96
2026-07-16T16:37:00+00:00,2995.1,2996.2,2994.5,2995.9,131
2026-07-16T16:38:00+00:00,2995.9,2997.2,2995.1,2997.2,277
2026-07-16T16:39:00+00:00,2997.1,2997.2,2994.9,2995.9,269
2026-07-16T16:40:00+00:00,2995.9,2996.0,2995.0,2995.4,258
2026-07-16T16:41:00+00:00,2995.4,2996.8,2994.2,2994.7,225
2026-07-16T16:42:00+00:00,2994.8,2994.8,2993.3,2993.4,119
2026-07-16T16:43:00+00:00,2993.5,2994.3,2993.4,2993.6,153
2026-07-16T16:44:00+00:00,2993.2,2993.7,2992.9,2992.9,55
2026-07-16T16:45:00+00:00,2992.9,2993.5,2990.8,2990.9,213
2026-07-16T16:46:00+00:00,2990.8,2990.8,2989.1,2990.6,315
2026-07-16T16:47:00+00:00,2990.9,2991.1,2989.8,2990.8,45
2026-07-16T16:48:00+00:00,2990.9,2992.3,2990.8,2992.0,140
2026-07-16T16:49:00+00:00,2992.0,2992.7,2991.4,2992.2,109
2026-07-16T16:50:00+00:00,2991.6,2993.2,2990.6,2991.9,75
2026-07-16T16:51:00+00:00,2991.8,2993.0,2991.7,2992.7,84
2026-07-16T16:52:00+00:00,2992.4,2994.0,2992.4,2992.8,147
2026-07-16T16:53:00+00:00,2992.9,2993.3,2991.7,2992.8,115
2026-07-16T16:54:00+00:00,2992.5,2993.4,2991.9,2993.1,124
2026-07-16T16:55:00+00:00,2993.1,2995.5,2993.1,2993.9,206
2026-07-16T16:56:00+00:00,2993.7,2994.6,2993.2,2994.4,103
2026-07-16T16:57:00+00:00,2994.3,2995.0,2994.0,2994.8,92
2026-07-16T16:58:00+00:00,2994.6,2996.4,2994.5,2995.6,136
2026-07-16T16:59:00+00:00,2995.9,2996.5,2995.5,2995.5,135
2026-07-16T17:00:00+00:00,2995.9,2996.2,2993.3,2993.4,186
2026-07-16T17:01:00+00:00,2993.5,2995.4,2993.4,2994.3,102
2026-07-16T17:02:00+00:00,2994.3,2994.4,2992.9,2993.4,106
2026-07-16T17:03:00+00:00,2993.2,2995.0,2993.2,2994.7,73
2026-07-16T17:04:00+00:00,2994.5,2996.1,2994.1,2995.9,116
2026-07-16T17:05:00+00:00,2995.8,2996.1,2994.6,2995.8,118
2026-07-16T17:06:00+00:00,2995.8,2995.8,2993.5,2994.9,58
2026-07-16T17:07:00+00:00,2995.0,2995.7,2994.9,2995.0,51
2026-07-16T17:08:00+00:00,2995.3,2996.8,2995.2,2996.5,85
2026-07-16T17:09:00+00:00,2996.4,2996.4,2995.3,2995.4,69
2026-07-16T17:10:00+00:00,2995.4,2996.4,2995.4,2996.2,62
2026-07-16T17:11:00+00:00,2996.0,2996.0,2993.8,2994.1,97
2026-07-16T17:12:00+00:00,2994.0,2994.4,2993.2,2993.9,160
2026-07-16T17:13:00+00:00,2993.7,2994.4,2992.7,2993.0,62
2026-07-16T17:14:00+00:00,2993.0,2993.0,2991.6,2992.1,111
2026-07-16T17:15:00+00:00,2992.3,2994.1,2991.9,2993.7,163
2026-07-16T17:16:00+00:00,2993.7,2993.7,2992.2,2992.6,64
2026-07-16T17:17:00+00:00,2992.9,2993.1,2991.4,2991.7,82
2026-07-16T17:18:00+00:00,2991.6,2992.7,2991.6,2992.5,154
2026-07-16T17:19:00+00:00,2993.0,2993.1,2991.6,2991.8,79
2026-07-16T17:20:00+00:00,2991.4,2992.4,2991.2,2991.2,53
2026-07-16T17:21:00+00:00,2991.4,2991.7,2990.7,2991.2,59
2026-07-16T17:22:00+00:00,2990.8,2990.8,2990.1,2990.6,123
2026-07-16T17:23:00+00:00,2990.5,2990.6,2989.6,2990.0,138
2026-07-16T17:24:00+00:00,2990.0,2990.4,2989.7,2989.7,53
2026-07-16T17:25:00+00:00,2989.6,2989.7,2988.2,2989.2,209
2026-07-16T17:26:00+00:00,2989.1,2990.5,2988.7,2990.5,159
2026-07-16T17:27:00+00:00,2990.4,2991.5,2989.7,2990.7,112
2026-07-16T17:28:00+00:00,2990.7,2991.4,2990.3,2990.9,103
2026-07-16T17:29:00+00:00,2991.1,2991.7,2990.8,2991.6,60
2026-07-16T17:30:00+00:00,2991.6,2992.0,2990.9,2991.1,89
2026-07-16T17:31:00+00:00,2991.1,2991.5,2990.4,2991.0,51
2026-07-16T17:32:00+00:00,2991.6,2992.4,2990.7,2990.7,89
2026-07-16T17:33:00+00:00,2990.8,2990.9,2989.4,2989.4,58
2026-07-16T17:34:00+00:00,2989.6,2989.9,2989.4,2989.8,73
2026-07-16T17:35:00+00:00,2989.9,2989.9,2988.5,2988.6,68
2026-07-16T17:36:00+00:00,2988.6,2989.9,2988.4,2989.0,136
2026-07-16T17:37:00+00:00,2988.9,2989.1,2988.0,2988.0,97
2026-07-16T17:38:00+00:00,2988.1,2988.6,2987.4,2988.0,254
2026-07-16T17:39:00+00:00,2987.8,2988.0,2986.6,2987.9,218
2026-07-16T17:40:00+00:00,2987.7,2988.1,2987.1,2987.6,195
2026-07-16T17:41:00+00:00,2987.4,2988.1,2986.7,2987.0,146
2026-07-16T17:42:00+00:00,2986.7,2988.3,2986.3,2987.2,206
2026-07-16T17:43:00+00:00,2987.1,2988.2,2986.4,2987.8,164
2026-07-16T17:44:00+00:00,2987.8,2988.1,2987.2,2987.5,45
2026-07-16T17:45:00+00:00,2987.9,2987.9,2985.9,2986.1,87
2026-07-16T17:46:00+00:00,2986.3,2987.6,2985.9,2987.5,103
2026-07-16T17:47:00+00:00,2987.5,2989.0,2987.4,2988.5,163
2026-07-16T17:48:00+00:00,2988.1,2988.8,2987.6,2988.8,84
2026-07-16T17:49:00+00:00,2988.9,2989.5,2988.2,2988.6,149
2026-07-16T17:50:00+00:00,2988.6,2988.6,2987.4,2987.7,52
2026-07-16T17:51:00+00:00,2987.9,2987.9,2987.3,2987.5,31
2026-07-16T17:52:00+00:00,2987.2,2987.2,2985.8,2986.1,365
2026-07-16T17:53:00+00:00,2986.2,2987.9,2986.0,2987.9,92
2026-07-16T17:54:00+00:00,2988.0,2988.3,2986.6,2986.9,39
2026-07-16T17:55:00+00:00,2986.8,2986.8,2984.8,2985.3,288
2026-07-16T17:56:00+00:00,2985.3,2985.7,2984.6,2985.5,100
2026-07-16T17:57:00+00:00,2985.3,2985.4,2983.5,2983.6,207
2026-07-16T17:58:00+00:00,2983.6,2984.6,2983.6,2984.6,59
2026-07-16T17:59:00+00:00,2984.4,2984.8,2984.2,2984.5,59
2026-07-16T18:00:00+00:00,2984.6,2985.6,2983.9,2985.1,420
2026-07-16T18:01:00+00:00,2985.2,2985.6,2984.2,2984.4,91
2026-07-16T18:02:00+00:00,2984.3,2984.7,2983.0,2983.3,126
2026-07-16T18:03:00+00:00,2983.4,2983.5,2982.5,2983.5,112
2026-07-16T18:04:00+00:00,2983.5,2984.0,2983.0,2983.3,96
2026-07-16T18:05:00+00:00,2983.2,2983.3,2982.4,2982.6,132
2026-07-16T18:06:00+00:00,2982.5,2983.4,2982.3,2983.0,77
2026-07-16T18:07:00+00:00,2983.4,2984.4,2982.1,2984.4,155
2026-07-16T18:08:00+00:00,2984.3,2984.8,2983.4,2984.6,255
2026-07-16T18:09:00+00:00,2984.5,2985.1,2984.3,2984.5,110
2026-07-16T18:10:00+00:00,2984.4,2985.8,2984.0,2984.7,192
2026-07-16T18:11:00+00:00,2984.5,2987.5,2984.4,2987.2,223
2026-07-16T18:12:00+00:00,2987.2,2988.4,2986.2,2986.2,289
2026-07-16T18:13:00+00:00,2986.3,2987.3,2986.1,2987.3,75
2026-07-16T18:14:00+00:00,2987.4,2987.5,2985.3,2985.3,153
2026-07-16T18:15:00+00:00,2985.2,2985.3,2984.1,2985.2,218
2026-07-16T18:16:00+00:00,2985.5,2988.1,2985.1,2988.1,194
2026-07-16T18:17:00+00:00,2987.9,2988.7,2987.7,2988.6,92
2026-07-16T18:18:00+00:00,2988.6,2988.7,2987.2,2987.2,86
2026-07-16T18:19:00+00:00,2987.4,2989.5,2987.4,2989.0,134
2026-07-16T18:20:00+00:00,2988.7,2990.6,2988.6,2989.9,197
2026-07-16T18:21:00+00:00,2989.8,2991.9,2989.8,2991.8,203
2026-07-16T18:22:00+00:00,2991.6,2992.1,2990.7,2990.8,140
2026-07-16T18:23:00+00:00,2991.0,2991.1,2989.9,2990.7,137
2026-07-16T18:24:00+00:00,2990.6,2991.3,2990.3,2990.6,117
2026-07-16T18:25:00+00:00,2990.7,2991.9,2990.2,2990.3,149
2026-07-16T18:26:00+00:00,2990.3,2992.3,2990.0,2992.0,174
2026-07-16T18:27:00+00:00,2992.0,2992.7,2991.2,2991.2,86
2026-07-16T18:28:00+00:00,2991.6,2992.4,2991.4,2991.7,135
2026-07-16T18:29:00+00:00,2991.3,2991.3,2990.0,2990.1,128
2026-07-16T18:30:00+00:00,2990.2,2990.2,2988.0,2988.3,232
2026-07-16T18:31:00+00:00,2988.6,2989.1,2988.3,2988.6,80
2026-07-16T18:32:00+00:00,2988.7,2989.4,2987.8,2988.0,66
2026-07-16T18:33:00+00:00,2987.8,2988.8,2987.7,2988.0,64
2026-07-16T18:34:00+00:00,2988.0,2988.7,2987.6,2988.4,260
2026-07-16T18:35:00+00:00,2987.8,2988.1,2987.2,2988.1,126
2026-07-16T18:36:00+00:00,2987.9,2988.1,2987.1,2987.6,103
2026-07-16T18:37:00+00:00,2987.7,2988.3,2987.0,2987.8,435
2026-07-16T18:38:00+00:00,2987.9,2988.6,2987.6,2988.5,70
2026-07-16T18:39:00+00:00,2988.5,2988.6,2987.3,2987.3,83
2026-07-16T18:40:00+00:00,2987.3,2987.4,2984.8,2985.6,240
2026-07-16T18:41:00+00:00,2985.4,2986.2,2985.3,2986.2,102
2026-07-16T18:42:00+00:00,2986.3,2986.9,2985.5,2986.8,91
2026-07-16T18:43:00+00:00,2986.9,2988.1,2986.6,2986.9,102
2026-07-16T18:44:00+00:00,2986.8,2987.6,2986.6,2986.9,43
2026-07-16T18:45:00+00:00,2986.8,2988.5,2985.7,2987.4,106
2026-07-16T18:46:00+00:00,2987.5,2987.9,2986.9,2987.3,50
2026-07-16T18:47:00+00:00,2987.4,2988.0,2986.7,2986.7,53
2026-07-16T18:48:00+00:00,2986.5,2987.8,2986.5,2987.7,69
2026-07-16T18:49:00+00:00,2987.6,2987.9,2986.5,2986.6,34
2026-07-16T18:50:00+00:00,2986.4,2987.5,2986.3,2987.5,33
2026-07-16T18:51:00+00:00,2987.7,2987.8,2986.3,2986.3,49
2026-07-16T18:52:00+00:00,2986.3,2986.3,2985.0,2985.2,70
2026-07-16T18:53:00+00:00,2985.2,2985.5,2984.3,2985.5,68
2026-07-16T18:54:00+00:00,2985.5,2986.1,2984.8,2985.7,69
2026-07-16T18:55:00+00:00,2985.6,2986.5,2985.6,2986.1,98
2026-07-16T18:56:00+00:00,2986.4,2986.7,2984.8,2985.5,162
2026-07-16T18:57:00+00:00,2985.6,2985.9,2984.9,2984.9,71
2026-07-16T18:58:00+00:00,2985.0,2985.5,2984.7,2985.5,53
2026-07-16T18:59:00+00:00,2985.7,2985.7,2984.6,2984.6,41
2026-07-16T19:00:00+00:00,2984.5,2985.9,2984.1,2985.8,91
2026-07-16T19:01:00+00:00,2985.8,2986.2,2984.3,2984.8,78
2026-07-16T19:02:00+00:00,2984.9,2986.6,2984.9,2985.9,113
2026-07-16T19:03:00+00:00,2985.9,2987.0,2985.5,2986.6,78
2026-07-16T19:04:00+00:00,2987.0,2987.6,2986.4,2986.6,88
2026-07-16T19:05:00+00:00,2986.5,2987.5,2985.7,2987.3,74
2026-07-16T19:06:00+00:00,2987.5,2987.5,2984.6,2984.8,97
2026-07-16T19:07:00+00:00,2984.8,2985.0,2982.8,2983.5,292
2026-07-16T19:08:00+00:00,2983.6,2984.3,2982.6,2983.5,127
2026-07-16T19:09:00+00:00,2983.5,2984.0,2983.3,2983.4,59
2026-07-16T19:10:00+00:00,2983.2,2983.7,2982.7,2983.5,112
2026-07-16T19:11:00+00:00,2983.6,2983.9,2983.0,2983.1,56
2026-07-16T19:12:00+00:00,2983.0,2983.3,2982.0,2982.3,146
2026-07-16T19:13:00+00:00,2982.2,2982.8,2981.6,2982.1,121
2026-07-16T19:14:00+00:00,2982.3,2983.3,2982.2,2983.3,44
2026-07-16T19:15:00+00:00,2983.0,2983.5,2982.5,2983.4,79
2026-07-16T19:16:00+00:00,2983.5,2984.4,2983.3,2983.5,80
2026-07-16T19:17:00+00:00,2983.7,2984.5,2982.9,2983.0,94
2026-07-16T19:18:00+00:00,2982.7,2984.0,2982.4,2983.9,94
2026-07-16T19:19:00+00:00,2983.8,2984.1,2983.0,2983.4,68
2026-07-16T19:20:00+00:00,2983.6,2984.2,2983.1,2983.5,45
2026-07-16T19:21:00+00:00,2983.4,2985.1,2983.4,2985.0,115
2026-07-16T19:22:00+00:00,2984.9,2985.0,2983.2,2983.3,104
2026-07-16T19:23:00+00:00,2983.3,2983.6,2982.4,2982.6,68
2026-07-16T19:24:00+00:00,2982.5,2983.4,2982.3,2983.0,52
2026-07-16T19:25:00+00:00,2983.3,2983.3,2982.2,2982.8,54
2026-07-16T19:26:00+00:00,2982.5,2982.7,2981.2,2981.2,133
2026-07-16T19:27:00+00:00,2981.1,2981.2,2980.1,2981.0,310
2026-07-16T19:28:00+00:00,2981.0,2982.5,2980.9,2982.4,59
2026-07-16T19:29:00+00:00,2982.5,2983.0,2982.0,2982.0,110
2026-07-16T19:30:00+00:00,2982.1,2983.3,2981.2,2982.1,192
2026-07-16T19:31:00+00:00,2982.0,2982.1,2980.6,2980.7,96
2026-07-16T19:32:00+00:00,2980.8,2981.8,2980.1,2981.6,115
2026-07-16T19:33:00+00:00,2981.5,2982.0,2981.0,2981.1,82
2026-07-16T19:34:00+00:00,2980.9,2981.2,2979.4,2979.8,201
2026-07-16T19:35:00+00:00,2979.6,2979.9,2978.4,2979.0,583
2026-07-16T19:36:00+00:00,2979.0,2979.9,2978.9,2979.3,160
2026-07-16T19:37:00+00:00,2979.2,2981.0,2978.8,2981.0,206
2026-07-16T19:38:00+00:00,2981.1,2982.3,2980.8,2982.3,124
2026-07-16T19:39:00+00:00,2982.1,2983.2,2982.0,2982.8,80
2026-07-16T19:40:00+00:00,2982.5,2982.6,2981.6,2982.5,133
2026-07-16T19:41:00+00:00,2982.5,2983.5,2982.0,2982.0,120
2026-07-16T19:42:00+00:00,2982.0,2982.2,2981.6,2981.8,95
2026-07-16T19:43:00+00:00,2981.8,2981.9,2981.0,2981.4,117
2026-07-16T19:44:00+00:00,2981.3,2981.4,2979.1,2979.5,229
2026-07-16T19:45:00+00:00,2979.6,2981.3,2978.8,2980.8,158
2026-07-16T19:46:00+00:00,2981.0,2981.2,2979.8,2979.8,96
2026-07-16T19:47:00+00:00,2980.0,2980.2,2979.1,2979.2,37
2026-07-16T19:48:00+00:00,2979.2,2979.2,2978.1,2978.9,125
2026-07-16T19:49:00+00:00,2978.9,2979.6,2978.0,2979.5,550
2026-07-16T19:50:00+00:00,2979.5,2983.5,2979.5,2983.0,541
2026-07-16T19:51:00+00:00,2982.8,2986.1,2982.8,2985.9,258
2026-07-16T19:52:00+00:00,2985.9,2986.6,2985.1,2986.3,310
2026-07-16T19:53:00+00:00,2986.5,2987.0,2985.8,2986.8,165
2026-07-16T19:54:00+00:00,2986.7,2988.8,2986.5,2988.1,477
2026-07-16T19:55:00+00:00,2988.0,2989.1,2986.7,2987.8,628
2026-07-16T19:56:00+00:00,2987.6,2987.6,2986.3,2987.2,253
2026-07-16T19:57:00+00:00,2987.3,2987.7,2986.5,2986.7,179
2026-07-16T19:58:00+00:00,2987.0,2987.8,2986.5,2987.5,182
2026-07-16T19:59:00+00:00,2987.7,2992.1,2987.5,2991.6,3307
2026-07-16T20:00:00+00:00,2991.3,2991.3,2989.5,2989.8,417
2026-07-16T20:01:00+00:00,2989.5,2990.0,2989.1,2989.4,167
2026-07-16T20:02:00+00:00,2989.4,2989.6,2988.7,2989.2,61
2026-07-16T20:03:00+00:00,2989.2,2989.3,2988.7,2988.8,27
2026-07-16T20:04:00+00:00,2988.6,2989.7,2988.4,2989.6,83
2026-07-16T20:05:00+00:00,2989.5,2989.6,2988.8,2989.2,23
2026-07-16T20:06:00+00:00,2989.2,2990.0,2989.1,2989.6,35
2026-07-16T20:07:00+00:00,2990.0,2990.8,2989.7,2989.7,35
2026-07-16T20:08:00+00:00,2989.9,2990.4,2989.9,2990.4,18
2026-07-16T20:09:00+00:00,2990.1,2990.3,2989.7,2989.8,25
2026-07-16T20:10:00+00:00,2989.7,2989.9,2989.4,2989.5,11
2026-07-16T20:11:00+00:00,2989.3,2989.4,2989.3,2989.3,9
2026-07-16T20:12:00+00:00,2989.3,2989.6,2989.2,2989.4,27
2026-07-16T20:13:00+00:00,2989.1,2989.1,2988.8,2988.9,15
2026-07-16T20:14:00+00:00,2988.7,2989.4,2988.7,2989.1,53
2026-07-16T20:15:00+00:00,2989.2,2989.3,2987.9,2988.1,96
2026-07-16T20:16:00+00:00,2988.1,2989.0,2987.8,2988.6,45
2026-07-16T20:17:00+00:00,2988.3,2988.5,2988.2,2988.5,9
2026-07-16T20:18:00+00:00,2988.1,2989.1,2987.9,2989.1,35
2026-07-16T20:19:00+00:00,2989.2,2989.5,2989.0,2989.5,39
2026-07-16T20:20:00+00:00,2989.5,2989.7,2989.3,2989.4,38
2026-07-16T20:21:00+00:00,2989.7,2990.3,2989.7,2990.0,38
2026-07-16T20:22:00+00:00,2989.8,2989.8,2989.1,2989.4,13
2026-07-16T20:23:00+00:00,2989.8,2990.0,2989.7,2990.0,12
2026-07-16T20:24:00+00:00,2990.0,2990.1,2989.6,2989.6,10
2026-07-16T20:25:00+00:00,2989.8,2989.8,2988.9,2989.2,20
2026-07-16T20:26:00+00:00,2989.1,2989.3,2989.1,2989.3,10
2026-07-16T20:27:00+00:00,2989.6,2989.6,2989.3,2989.3,6
2026-07-16T20:28:00+00:00,2989.2,2989.2,2988.8,2989.1,13
2026-07-16T20:29:00+00:00,2988.8,2988.8,2988.7,2988.7,3
2026-07-16T20:30:00+00:00,2989.2,2989.2,2988.2,2988.7,34
2026-07-16T20:31:00+00:00,2988.5,2988.7,2988.1,2988.3,26
2026-07-16T20:32:00+00:00,2988.1,2988.2,2987.9,2988.2,26
2026-07-16T20:33:00+00:00,2988.2,2988.2,2987.9,2988.1,15
2026-07-16T20:34:00+00:00,2988.2,2988.6,2988.1,2988.5,10
2026-07-16T20:35:00+00:00,2988.8,2989.0,2988.6,2988.6,23
2026-07-16T20:36:00+00:00,2988.7,2988.7,2988.5,2988.6,30
2026-07-16T20:37:00+00:00,2988.7,2989.2,2988.7,2989.0,5
2026-07-16T20:38:00+00:00,2989.3,2989.3,2988.8,2988.8,12
2026-07-16T20:39:00+00:00,2989.0,2989.0,2988.9,2988.9,6
2026-07-16T20:40:00+00:00,2989.1,2989.6,2989.1,2989.3,9
2026-07-16T20:41:00+00:00,2989.4,2989.6,2989.3,2989.3,10
2026-07-16T20:42:00+00:00,2989.5,2989.7,2989.5,2989.6,13
2026-07-16T20:43:00+00:00,2989.8,2989.8,2989.7,2989.8,8
2026-07-16T20:44:00+00:00,2989.5,2989.6,2989.3,2989.5,7
2026-07-16T20:45:00+00:00,2989.6,2990.4,2989.6,2990.2,65
2026-07-16T20:46:00+00:00,2989.9,2990.0,2989.6,2989.9,18
2026-07-16T20:47:00+00:00,2989.9,2989.9,2989.3,2989.5,5
2026-07-16T20:48:00+00:00,2989.6,2989.7,2989.4,2989.4,12
2026-07-16T20:49:00+00:00,2989.6,2990.0,2989.6,2989.8,16
2026-07-16T20:50:00+00:00,2989.5,2989.9,2989.5,2989.5,42
2026-07-16T20:51:00+00:00,2989.4,2989.5,2989.0,2989.5,11
2026-07-16T20:52:00+00:00,2989.4,2989.8,2989.4,2989.8,29
2026-07-16T20:53:00+00:00,2989.8,2990.7,2989.7,2990.6,29
2026-07-16T20:54:00+00:00,2990.7,2991.0,2990.7,2990.9,30
2026-07-16T20:55:00+00:00,2991.0,2991.1,2990.3,2990.3,24
2026-07-16T20:56:00+00:00,2990.5,2990.9,2990.5,2990.7,11
2026-07-16T20:57:00+00:00,2990.7,2991.2,2990.6,2991.2,9
2026-07-16T20:58:00+00:00,2991.0,2991.3,2991.0,2991.1,17
2026-07-16T20:59:00+00:00,2991.3,2992.5,2991.0,2991.5,227
2026-07-16T22:00:00+00:00,2991.4,2993.3,2991.3,2992.9,73
2026-07-16T22:01:00+00:00,2993.0,2993.3,2991.7,2991.7,15
2026-07-16T22:02:00+00:00,2991.7,2992.5,2991.5,2991.6,25
2026-07-16T22:03:00+00:00,2991.5,2992.4,2991.5,2992.3,3
2026-07-16T22:04:00+00:00,2992.5,2992.9,2992.4,2992.6,11
2026-07-16T22:05:00+00:00,2992.3,2992.7,2991.9,2992.3,27
2026-07-16T22:06:00+00:00,2991.6,2992.2,2991.6,2992.2,5
2026-07-16T22:07:00+00:00,2992.2,2992.2,2991.8,2991.8,7
2026-07-16T22:08:00+00:00,2992.3,2992.3,2991.5,2991.5,13
2026-07-16T22:09:00+00:00,2991.8,2992.1,2991.3,2991.3,15
2026-07-16T22:10:00+00:00,2991.4,2991.7,2991.1,2991.3,15
2026-07-16T22:11:00+00:00,2991.1,2991.4,2991.0,2991.4,19
2026-07-16T22:12:00+00:00,2991.9,2991.9,2991.9,2991.9,4
2026-07-16T22:13:00+00:00,2991.8,2991.8,2991.1,2991.2,14
2026-07-16T22:14:00+00:00,2991.1,2991.2,2991.1,2991.2,4
2026-07-16T22:15:00+00:00,2991.3,2991.3,2991.0,2991.1,7
2026-07-16T22:16:00+00:00,2991.1,2991.1,2990.9,2990.9,9
2026-07-16T22:17:00+00:00,2990.9,2990.9,2990.4,2990.6,15
2026-07-16T22:18:00+00:00,2990.6,2990.6,2990.5,2990.6,6
2026-07-16T22:19:00+00:00,2990.7,2990.8,2990.7,2990.8,2
2026-07-16T22:20:00+00:00,2990.7,2991.0,2990.7,2991.0,10
2026-07-16T22:21:00+00:00,2990.9,2991.0,2990.8,2990.9,6
2026-07-16T22:22:00+00:00,2990.9,2990.9,2990.8,2990.8,6
2026-07-16T22:23:00+00:00,2991.0,2991.3,2991.0,2991.3,8
2026-07-16T22:24:00+00:00,2991.5,2991.5,2991.2,2991.2,6
2026-07-16T22:25:00+00:00,2991.4,2991.5,2991.0,2991.0,8
2026-07-16T22:26:00+00:00,2990.9,2991.2,2990.9,2991.2,10
2026-07-16T22:27:00+00:00,2991.2,2991.2,2991.2,2991.2,2
2026-07-16T22:28:00+00:00,2991.0,2991.1,2990.9,2990.9,9
2026-07-16T22:29:00+00:00,2990.8,2990.9,2990.5,2990.5,12
2026-07-16T22:30:00+00:00,2991.0,2991.0,2990.7,2990.7,16
2026-07-16T22:31:00+00:00,2990.6,2990.7,2990.4,2990.4,8
2026-07-16T22:32:00+00:00,2990.3,2991.0,2990.3,2991.0,12
2026-07-16T22:33:00+00:00,2991.2,2991.3,2990.8,2990.8,4
2026-07-16T22:34:00+00:00,2990.8,2990.8,2990.6,2990.6,3
2026-07-16T22:35:00+00:00,2990.7,2990.7,2990.5,2990.5,2
2026-07-16T22:36:00+00:00,2990.6,2990.7,2990.6,2990.6,13
2026-07-16T22:37:00+00:00,2990.7,2991.2,2990.7,2991.1,5
2026-07-16T22:38:00+00:00,2991.2,2991.2,2991.0,2991.1,4
2026-07-16T22:40:00+00:00,2991.1,2991.1,2990.8,2990.8,2
2026-07-16T22:41:00+00:00,2990.8,2990.8,2990.1,2990.1,7
2026-07-16T22:42:00+00:00,2990.2,2990.2,2990.0,2990.1,25
2026-07-16T22:43:00+00:00,2990.3,2990.3,2990.1,2990.2,9
2026-07-16T22:44:00+00:00,2990.2,2990.7,2990.2,2990.5,9
2026-07-16T22:45:00+00:00,2990.3,2990.3,2989.8,2989.9,6
2026-07-16T22:46:00+00:00,2990.1,2990.2,2990.0,2990.2,23
2026-07-16T22:47:00+00:00,2990.1,2990.2,2990.0,2990.2,5
2026-07-16T22:48:00+00:00,2989.8,2990.1,2989.8,2990.1,10
2026-07-16T22:49:00+00:00,2989.9,2989.9,2989.7,2989.8,8
2026-07-16T22:50:00+00:00,2989.7,2990.0,2989.7,2990.0,15
2026-07-16T22:51:00+00:00,2989.8,2989.9,2989.7,2989.7,4
2026-07-16T22:52:00+00:00,2989.6,2989.7,2989.4,2989.5,12
2026-07-16T22:53:00+00:00,2989.3,2989.6,2989.0,2989.3,23
2026-07-16T22:54:00+00:00,2989.0,2989.4,2988.9,2989.2,22
2026-07-16T22:55:00+00:00,2989.2,2989.4,2989.2,2989.3,9
2026-07-16T22:56:00+00:00,2989.2,2989.2,2989.1,2989.2,5
2026-07-16T22:57:00+00:00,2989.2,2989.4,2989.0,2989.0,17
2026-07-16T22:58:00+00:00,2989.1,2990.0,2989.1,2989.3,33
2026-07-16T22:59:00+00:00,2989.3,2989.6,2989.3,2989.6,6
2026-07-16T23:00:00+00:00,2989.8,2990.1,2989.0,2989.5,25
2026-07-16T23:01:00+00:00,2989.4,2989.6,2989.4,2989.5,9
2026-07-16T23:02:00+00:00,2989.5,2990.1,2989.5,2989.8,7
2026-07-16T23:03:00+00:00,2989.5,2989.5,2989.5,2989.5,2
2026-07-16T23:04:00+00:00,2989.5,2989.6,2988.7,2989.0,44
2026-07-16T23:05:00+00:00,2989.1,2989.1,2988.6,2988.8,31
2026-07-16T23:06:00+00:00,2988.6,2988.8,2988.6,2988.8,4
2026-07-16T23:07:00+00:00,2988.9,2989.1,2988.8,2988.8,9
2026-07-16T23:08:00+00:00,2988.9,2989.0,2988.3,2988.3,17
2026-07-16T23:09:00+00:00,2988.5,2988.6,2987.7,2987.8,82
2026-07-16T23:10:00+00:00,2988.0,2988.1,2987.8,2987.9,15
2026-07-16T23:11:00+00:00,2987.8,2987.8,2987.4,2987.4,20
2026-07-16T23:12:00+00:00,2987.6,2988.0,2987.5,2988.0,23
2026-07-16T23:13:00+00:00,2988.3,2989.0,2988.2,2989.0,11
2026-07-16T23:14:00+00:00,2988.9,2989.1,2988.7,2988.7,11
2026-07-16T23:15:00+00:00,2988.7,2988.8,2988.5,2988.8,9
2026-07-16T23:16:00+00:00,2988.8,2988.8,2988.5,2988.6,5
2026-07-16T23:17:00+00:00,2988.6,2988.6,2988.3,2988.3,6
2026-07-16T23:18:00+00:00,2988.3,2988.5,2988.2,2988.2,4
2026-07-16T23:19:00+00:00,2988.2,2988.2,2988.2,2988.2,4
2026-07-16T23:20:00+00:00,2988.1,2988.4,2988.1,2988.1,21
2026-07-16T23:21:00+00:00,2988.1,2988.1,2988.1,2988.1,4
2026-07-16T23:22:00+00:00,2987.9,2988.0,2987.4,2987.5,15
2026-07-16T23:23:00+00:00,2987.4,2987.4,2986.9,2987.2,21
2026-07-16T23:24:00+00:00,2987.1,2987.4,2987.1,2987.2,16
2026-07-16T23:25:00+00:00,2987.2,2987.4,2987.2,2987.4,9
2026-07-16T23:26:00+00:00,2987.4,2987.4,2987.0,2987.1,25
2026-07-16T23:27:00+00:00,2987.1,2987.7,2987.1,2987.6,6
2026-07-16T23:28:00+00:00,2987.7,2987.9,2987.7,2987.9,7
2026-07-16T23:29:00+00:00,2987.6,2987.8,2987.6,2987.8,4
2026-07-16T23:30:00+00:00,2987.6,2987.6,2987.0,2987.3,11
2026-07-16T23:31:00+00:00,2987.6,2987.6,2987.1,2987.1,7
2026-07-16T23:32:00+00:00,2987.2,2987.2,2986.6,2986.9,15
2026-07-16T23:33:00+00:00,2986.8,2987.2,2986.7,2987.1,12
2026-07-16T23:34:00+00:00,2987.0,2987.8,2987.0,2987.6,19
2026-07-16T23:35:00+00:00,2987.3,2987.3,2986.6,2986.6,24
2026-07-16T23:36:00+00:00,2986.6,2986.9,2986.5,2986.5,27
2026-07-16T23:37:00+00:00,2986.4,2986.5,2986.2,2986.4,7
2026-07-16T23:38:00+00:00,2986.6,2987.3,2986.6,2987.3,8
2026-07-16T23:39:00+00:00,2987.7,2987.7,2987.5,2987.5,7
2026-07-16T23:40:00+00:00,2987.7,2988.4,2987.7,2988.3,11
2026-07-16T23:41:00+00:00,2988.4,2988.5,2988.0,2988.1,15
2026-07-16T23:42:00+00:00,2988.1,2988.4,2988.0,2988.4,11
2026-07-16T23:43:00+00:00,2988.2,2988.2,2987.9,2988.0,8
2026-07-16T23:44:00+00:00,2987.9,2988.1,2987.9,2988.1,4
2026-07-16T23:45:00+00:00,2988.2,2988.2,2986.7,2987.0,23
2026-07-16T23:46:00+00:00,2987.0,2987.1,2986.8,2986.9,8
2026-07-16T23:47:00+00:00,2987.5,2987.7,2987.5,2987.7,3
2026-07-16T23:48:00+00:00,2987.3,2987.3,2986.5,2986.6,5
2026-07-16T23:49:00+00:00,2986.6,2986.9,2986.6,2986.9,2
2026-07-16T23:50:00+00:00,2986.8,2987.5,2986.7,2987.5,19
2026-07-16T23:51:00+00:00,2987.6,2987.6,2987.3,2987.3,7
2026-07-16T23:52:00+00:00,2987.2,2988.0,2987.2,2987.5,31
2026-07-16T23:53:00+00:00,2987.5,2987.5,2987.1,2987.1,3
2026-07-16T23:54:00+00:00,2987.3,2987.8,2987.3,2987.8,2
2026-07-16T23:55:00+00:00,2987.5,2987.5,2987.5,2987.5,4
2026-07-16T23:56:00+00:00,2987.4,2987.5,2987.3,2987.3,7
2026-07-16T23:57:00+00:00,2986.8,2987.2,2986.4,2987.1,37
2026-07-16T23:58:00+00:00,2986.8,2986.8,2986.6,2986.6,7
2026-07-16T23:59:00+00:00,2986.7,2986.8,2986.5,2986.5,3
2026-07-17T00:00:00+00:00,2986.9,2987.9,2986.9,2987.8,40
2026-07-17T00:01:00+00:00,2987.5,2987.5,2987.0,2987.0,12
2026-07-17T00:02:00+00:00,2987.0,2987.5,2986.9,2987.5,6
2026-07-17T00:03:00+00:00,2987.6,2987.8,2987.2,2987.4,19
2026-07-17T00:04:00+00:00,2987.0,2987.0,2985.9,2985.9,10
2026-07-17T00:05:00+00:00,2985.7,2986.0,2985.2,2985.5,27
2026-07-17T00:06:00+00:00,2985.4,2985.5,2984.4,2985.1,55
2026-07-17T00:07:00+00:00,2985.2,2985.2,2983.8,2984.2,50
2026-07-17T00:08:00+00:00,2984.7,2985.0,2984.3,2985.0,74
2026-07-17T00:09:00+00:00,2984.7,2985.1,2984.3,2984.3,18
2026-07-17T00:10:00+00:00,2984.6,2984.9,2983.8,2984.0,20
2026-07-17T00:11:00+00:00,2983.8,2984.0,2983.6,2983.8,20
2026-07-17T00:12:00+00:00,2983.7,2984.2,2983.7,2984.1,16
2026-07-17T00:13:00+00:00,2984.1,2984.1,2983.6,2984.0,14
2026-07-17T00:14:00+00:00,2983.7,2984.2,2983.7,2984.0,14
2026-07-17T00:15:00+00:00,2984.2,2985.3,2983.8,2985.0,32
2026-07-17T00:16:00+00:00,2985.4,2986.3,2984.9,2986.1,54
2026-07-17T00:17:00+00:00,2986.1,2986.8,2985.6,2986.6,65
2026-07-17T00:18:00+00:00,2986.7,2986.7,2985.3,2985.3,25
2026-07-17T00:19:00+00:00,2985.2,2985.7,2985.0,2985.7,39
2026-07-17T00:20:00+00:00,2985.5,2986.0,2985.5,2985.8,16
2026-07-17T00:21:00+00:00,2985.9,2985.9,2985.0,2985.3,22
2026-07-17T00:22:00+00:00,2985.1,2985.6,2985.1,2985.6,9
2026-07-17T00:23:00+00:00,2985.7,2985.9,2985.6,2985.7,19
2026-07-17T00:24:00+00:00,2985.5,2985.5,2985.0,2985.0,8
2026-07-17T00:25:00+00:00,2984.7,2985.2,2984.5,2985.2,15
2026-07-17T00:26:00+00:00,2984.7,2984.7,2984.3,2984.4,21
2026-07-17T00:27:00+00:00,2984.5,2984.6,2984.1,2984.3,15
2026-07-17T00:28:00+00:00,2984.4,2984.6,2984.3,2984.3,8
2026-07-17T00:29:00+00:00,2984.0,2984.1,2983.0,2983.7,52
2026-07-17T00:30:00+00:00,2983.7,2983.8,2982.9,2982.9,44
2026-07-17T00:31:00+00:00,2983.0,2983.1,2982.4,2982.8,41
2026-07-17T00:32:00+00:00,2982.4,2982.8,2982.3,2982.6,23
2026-07-17T00:33:00+00:00,2982.6,2983.5,2982.6,2983.4,20
2026-07-17T00:34:00+00:00,2983.1,2983.3,2983.0,2983.3,4
2026-07-17T00:35:00+00:00,2982.9,2982.9,2982.2,2982.3,30
2026-07-17T00:36:00+00:00,2982.3,2982.7,2982.2,2982.5,27
2026-07-17T00:37:00+00:00,2982.2,2982.2,2981.8,2982.2,22
2026-07-17T00:38:00+00:00,2982.3,2982.8,2982.3,2982.8,9
2026-07-17T00:39:00+00:00,2982.8,2982.8,2981.6,2981.7,35
2026-07-17T00:40:00+00:00,2981.8,2982.0,2981.6,2981.6,32
2026-07-17T00:41:00+00:00,2981.6,2981.7,2981.2,2981.6,33
2026-07-17T00:42:00+00:00,2981.1,2981.8,2980.9,2981.8,22
2026-07-17T00:43:00+00:00,2982.0,2982.1,2981.3,2981.4,37
2026-07-17T00:44:00+00:00,2981.5,2981.8,2981.4,2981.8,22
2026-07-17T00:45:00+00:00,2981.6,2982.2,2981.6,2981.9,21
2026-07-17T00:46:00+00:00,2982.3,2982.9,2982.1,2982.2,47
2026-07-17T00:47:00+00:00,2982.3,2982.4,2981.8,2982.1,21
2026-07-17T00:48:00+00:00,2982.3,2982.5,2982.1,2982.3,18
2026-07-17T00:49:00+00:00,2982.4,2983.0,2982.1,2983.0,34
2026-07-17T00:50:00+00:00,2982.9,2983.2,2982.4,2983.2,35
2026-07-17T00:51:00+00:00,2983.4,2983.7,2983.0,2983.3,36
2026-07-17T00:52:00+00:00,2983.2,2983.6,2983.2,2983.6,9
2026-07-17T00:53:00+00:00,2983.5,2983.7,2983.1,2983.6,6
2026-07-17T00:54:00+00:00,2983.5,2984.1,2983.5,2984.1,9
2026-07-17T00:55:00+00:00,2984.2,2985.0,2984.2,2984.9,70
2026-07-17T00:56:00+00:00,2985.0,2985.0,2984.6,2984.6,29
2026-07-17T00:57:00+00:00,2984.4,2984.5,2984.1,2984.5,48
2026-07-17T00:58:00+00:00,2984.4,2984.6,2984.3,2984.3,18
2026-07-17T00:59:00+00:00,2984.3,2984.3,2984.0,2984.1,7
2026-07-17T01:00:00+00:00,2983.9,2984.3,2983.6,2984.3,22
2026-07-17T01:01:00+00:00,2984.1,2984.9,2984.1,2984.9,10
2026-07-17T01:02:00+00:00,2984.8,2985.5,2984.5,2984.5,27
2026-07-17T01:03:00+00:00,2984.5,2985.0,2984.5,2984.9,15
2026-07-17T01:04:00+00:00,2984.5,2984.7,2983.8,2984.0,16
2026-07-17T01:05:00+00:00,2983.3,2983.7,2982.7,2983.5,55
2026-07-17T01:06:00+00:00,2983.6,2983.6,2982.3,2982.4,35
2026-07-17T01:07:00+00:00,2982.5,2982.5,2981.7,2982.2,53
2026-07-17T01:09:00+00:00,2983.2,2983.2,2982.6,2982.9,48
2026-07-17T01:10:00+00:00,2983.4,2983.4,2982.0,2982.4,26
2026-07-17T01:11:00+00:00,2982.2,2983.1,2982.2,2982.9,13
2026-07-17T01:12:00+00:00,2982.6,2982.7,2982.3,2982.3,24
2026-07-17T01:13:00+00:00,2982.3,2982.7,2982.1,2982.2,29
2026-07-17T01:14:00+00:00,2982.1,2982.4,2981.6,2981.6,14
2026-07-17T01:15:00+00:00,2981.9,2982.4,2981.9,2982.3,5
2026-07-17T01:16:00+00:00,2982.5,2982.6,2982.2,2982.2,21
2026-07-17T01:17:00+00:00,2982.0,2982.1,2981.9,2981.9,6
2026-07-17T01:18:00+00:00,2981.9,2982.1,2981.6,2981.7,16
2026-07-17T01:19:00+00:00,2981.5,2981.6,2981.2,2981.5,43
2026-07-17T01:20:00+00:00,2981.3,2981.3,2980.6,2980.8,45
2026-07-17T01:21:00+00:00,2980.9,2981.2,2980.7,2981.1,20
2026-07-17T01:22:00+00:00,2980.8,2980.8,2980.0,2980.3,64
2026-07-17T01:23:00+00:00,2980.1,2980.5,2980.1,2980.5,10
2026-07-17T01:24:00+00:00,2980.3,2980.9,2980.3,2980.4,25
2026-07-17T01:25:00+00:00,2980.7,2980.7,2979.6,2979.6,46
2026-07-17T01:26:00+00:00,2979.7,2979.7,2979.3,2979.4,32
2026-07-17T01:27:00+00:00,2979.6,2980.0,2979.4,2979.8,12
2026-07-17T01:28:00+00:00,2979.7,2980.7,2979.7,2980.7,13
2026-07-17T01:29:00+00:00,2981.1,2981.4,2980.9,2981.3,20
2026-07-17T01:30:00+00:00,2981.5,2981.5,2980.5,2980.9,36
2026-07-17T01:31:00+00:00,2980.7,2980.7,2980.2,2980.7,29
2026-07-17T01:32:00+00:00,2981.1,2981.1,2980.1,2980.1,30
2026-07-17T01:33:00+00:00,2980.0,2980.2,2978.9,2979.6,73
2026-07-17T01:34:00+00:00,2979.7,2979.7,2978.5,2978.6,64
2026-07-17T01:35:00+00:00,2978.4,2979.4,2977.9,2979.4,84
2026-07-17T01:36:00+00:00,2979.4,2979.4,2978.9,2979.4,19
2026-07-17T01:37:00+00:00,2979.2,2979.8,2979.2,2979.8,17
2026-07-17T01:38:00+00:00,2979.6,2980.0,2979.2,2979.3,18
2026-07-17T01:39:00+00:00,2979.3,2979.3,2979.0,2979.0,16
2026-07-17T01:40:00+00:00,2979.1,2979.5,2979.0,2979.0,33
2026-07-17T01:41:00+00:00,2979.1,2979.1,2978.7,2978.7,8
2026-07-17T01:42:00+00:00,2978.6,2979.3,2978.6,2979.3,27
2026-07-17T01:43:00+00:00,2979.2,2979.5,2978.6,2978.6,13
2026-07-17T01:44:00+00:00,2978.4,2978.5,2978.1,2978.5,32
2026-07-17T01:45:00+00:00,2978.4,2978.5,2977.3,2977.3,69
2026-07-17T01:46:00+00:00,2977.3,2977.8,2977.2,2977.8,24
2026-07-17T01:47:00+00:00,2977.8,2977.8,2976.4,2977.7,61
2026-07-17T01:48:00+00:00,2977.8,2978.4,2977.5,2978.1,40
2026-07-17T01:49:00+00:00,2977.7,2977.8,2976.9,2976.9,17
2026-07-17T01:50:00+00:00,2976.8,2977.3,2976.7,2977.1,26
2026-07-17T01:51:00+00:00,2976.8,2976.8,2976.0,2976.0,26
2026-07-17T01:52:00+00:00,2976.0,2976.5,2976.0,2976.1,39
2026-07-17T01:53:00+00:00,2976.4,2976.4,2975.8,2975.8,26
2026-07-17T01:54:00+00:00,2975.9,2976.2,2975.4,2975.6,33
2026-07-17T01:55:00+00:00,2975.6,2975.9,2975.2,2975.7,33
2026-07-17T01:56:00+00:00,2975.7,2976.2,2975.7,2976.0,10
2026-07-17T01:57:00+00:00,2976.5,2976.6,2976.4,2976.6,12
2026-07-17T01:58:00+00:00,2976.6,2976.6,2976.4,2976.4,2
2026-07-17T01:59:00+00:00,2976.2,2976.8,2976.2,2976.7,13
2026-07-17T02:00:00+00:00,2976.9,2977.8,2976.8,2977.8,54
2026-07-17T02:01:00+00:00,2977.6,2977.7,2976.3,2976.4,45
2026-07-17T02:02:00+00:00,2976.8,2976.9,2976.7,2976.9,10
2026-07-17T02:03:00+00:00,2977.1,2977.3,2976.7,2977.2,13
2026-07-17T02:04:00+00:00,2977.3,2977.4,2976.9,2977.2,14
2026-07-17T02:05:00+00:00,2977.1,2977.1,2976.7,2976.8,35
2026-07-17T02:06:00+00:00,2976.4,2976.5,2976.2,2976.3,17
2026-07-17T02:07:00+00:00,2976.5,2976.7,2976.5,2976.5,6
2026-07-17T02:08:00+00:00,2976.9,2977.0,2976.6,2976.7,24
2026-07-17T02:09:00+00:00,2976.6,2976.8,2976.2,2976.2,18
2026-07-17T02:10:00+00:00,2976.2,2976.2,2975.8,2975.8,28
2026-07-17T02:11:00+00:00,2976.1,2976.3,2976.0,2976.3,15
2026-07-17T02:12:00+00:00,2976.3,2976.9,2976.3,2976.9,10
2026-07-17T02:13:00+00:00,2976.9,2977.1,2976.5,2976.6,12
2026-07-17T02:14:00+00:00,2976.6,2976.8,2976.5,2976.7,8
2026-07-17T02:15:00+00:00,2976.8,2977.1,2976.7,2976.7,18
2026-07-17T02:16:00+00:00,2976.8,2976.8,2976.6,2976.8,16
2026-07-17T02:17:00+00:00,2976.9,2977.0,2976.6,2976.6,12
2026-07-17T02:18:00+00:00,2976.7,2976.8,2976.2,2976.3,26
2026-07-17T02:19:00+00:00,2976.3,2976.7,2976.0,2976.5,58
2026-07-17T02:20:00+00:00,2976.5,2976.6,2976.0,2976.1,18
2026-07-17T02:21:00+00:00,2976.0,2976.0,2975.7,2975.9,17
2026-07-17T02:22:00+00:00,2976.0,2976.2,2976.0,2976.1,6
2026-07-17T02:23:00+00:00,2976.1,2976.2,2975.9,2976.1,31
2026-07-17T02:24:00+00:00,2976.5,2976.6,2976.3,2976.5,9
2026-07-17T02:25:00+00:00,2976.4,2976.4,2976.3,2976.4,8
2026-07-17T02:26:00+00:00,2976.2,2976.2,2975.9,2975.9,26
2026-07-17T02:27:00+00:00,2976.1,2976.1,2975.8,2975.9,9
2026-07-17T02:28:00+00:00,2975.7,2976.3,2975.7,2976.2,14
2026-07-17T02:29:00+00:00,2976.3,2976.3,2976.3,2976.3,5
2026-07-17T02:30:00+00:00,2976.3,2976.6,2976.1,2976.3,48
2026-07-17T02:31:00+00:00,2976.4,2977.0,2976.4,2976.8,13
2026-07-17T02:32:00+00:00,2976.5,2976.6,2976.4,2976.5,14
2026-07-17T02:33:00+00:00,2976.6,2976.6,2976.4,2976.4,7
2026-07-17T02:34:00+00:00,2976.2,2976.2,2975.5,2975.5,29
2026-07-17T02:35:00+00:00,2975.6,2976.1,2975.3,2976.1,81
2026-07-17T02:36:00+00:00,2976.1,2976.7,2976.1,2976.4,33
2026-07-17T02:37:00+00:00,2976.3,2976.3,2975.8,2975.9,13
2026-07-17T02:38:00+00:00,2976.0,2976.0,2975.9,2975.9,12
2026-07-17T02:39:00+00:00,2975.7,2976.0,2975.7,2975.9,15
2026-07-17T02:40:00+00:00,2976.0,2976.6,2975.7,2976.6,25
2026-07-17T02:41:00+00:00,2976.4,2976.5,2975.8,2975.9,21
2026-07-17T02:42:00+00:00,2975.9,2976.1,2975.3,2975.3,8
2026-07-17T02:43:00+00:00,2975.4,2976.3,2975.4,2976.3,8
2026-07-17T02:44:00+00:00,2976.2,2976.3,2976.1,2976.3,3
2026-07-17T02:45:00+00:00,2976.4,2976.7,2975.9,2975.9,22
2026-07-17T02:46:00+00:00,2975.6,2975.6,2975.6,2975.6,4
2026-07-17T02:47:00+00:00,2976.0,2976.1,2975.8,2976.0,22
2026-07-17T02:48:00+00:00,2975.9,2976.0,2975.5,2975.5,12
2026-07-17T02:49:00+00:00,2975.4,2975.9,2975.4,2975.7,6
2026-07-17T02:50:00+00:00,2975.5,2975.7,2975.5,2975.5,11
2026-07-17T02:51:00+00:00,2975.4,2975.4,2974.8,2975.3,66
2026-07-17T02:52:00+00:00,2975.1,2975.6,2975.0,2975.1,18
2026-07-17T02:53:00+00:00,2975.1,2975.2,2974.9,2975.0,13
2026-07-17T02:54:00+00:00,2974.8,2974.8,2974.2,2974.2,13
2026-07-17T02:55:00+00:00,2974.3,2974.4,2973.9,2974.1,50
2026-07-17T02:56:00+00:00,2974.1,2974.5,2973.8,2974.3,48
2026-07-17T02:57:00+00:00,2974.4,2975.0,2974.4,2975.0,20
2026-07-17T02:58:00+00:00,2975.1,2975.5,2974.9,2975.1,30
2026-07-17T02:59:00+00:00,2975.2,2975.4,2975.2,2975.2,16
2026-07-17T03:00:00+00:00,2975.4,2976.2,2975.4,2975.8,30
2026-07-17T03:01:00+00:00,2975.5,2975.7,2975.0,2975.1,8
2026-07-17T03:02:00+00:00,2975.2,2975.6,2975.2,2975.6,5
2026-07-17T03:03:00+00:00,2976.1,2976.4,2975.9,2976.2,39
2026-07-17T03:04:00+00:00,2976.2,2977.0,2976.2,2976.9,25
2026-07-17T03:05:00+00:00,2977.0,2978.0,2976.9,2978.0,39
2026-07-17T03:06:00+00:00,2978.1,2978.6,2978.1,2978.6,37
2026-07-17T03:07:00+00:00,2978.6,2979.0,2978.5,2978.7,31
2026-07-17T03:08:00+00:00,2978.7,2978.9,2978.6,2978.7,14
2026-07-17T03:09:00+00:00,2978.9,2979.2,2978.5,2978.5,14
2026-07-17T03:10:00+00:00,2978.3,2978.4,2978.1,2978.1,6
2026-07-17T03:11:00+00:00,2978.1,2978.4,2977.9,2978.2,24
2026-07-17T03:12:00+00:00,2978.3,2978.5,2978.1,2978.4,7
2026-07-17T03:13:00+00:00,2978.4,2978.8,2978.4,2978.7,55
2026-07-17T03:14:00+00:00,2978.4,2978.6,2978.3,2978.6,8
2026-07-17T03:15:00+00:00,2978.7,2979.2,2978.6,2979.2,32
2026-07-17T03:16:00+00:00,2979.3,2979.6,2979.2,2979.2,25
2026-07-17T03:17:00+00:00,2979.5,2979.6,2979.5,2979.5,13
2026-07-17T03:18:00+00:00,2979.8,2980.1,2979.7,2979.9,34
2026-07-17T03:19:00+00:00,2980.0,2980.1,2979.5,2980.0,15
2026-07-17T03:20:00+00:00,2979.9,2980.4,2979.9,2980.4,16
2026-07-17T03:21:00+00:00,2980.1,2980.1,2979.7,2980.1,35
2026-07-17T03:22:00+00:00,2980.3,2981.0,2980.3,2980.9,21
2026-07-17T03:23:00+00:00,2980.9,2981.1,2980.7,2980.7,55
2026-07-17T03:24:00+00:00,2980.5,2980.5,2980.0,2980.0,23
2026-07-17T03:25:00+00:00,2980.0,2980.1,2979.7,2979.7,6
2026-07-17T03:26:00+00:00,2979.8,2980.0,2979.8,2979.9,6
2026-07-17T03:27:00+00:00,2980.0,2980.1,2979.9,2980.0,12
2026-07-17T03:28:00+00:00,2980.0,2980.1,2979.3,2979.4,13
2026-07-17T03:29:00+00:00,2979.5,2979.8,2979.2,2979.5,17
2026-07-17T03:30:00+00:00,2979.4,2979.5,2978.2,2978.5,42
2026-07-17T03:31:00+00:00,2978.7,2978.8,2977.9,2978.2,23
2026-07-17T03:32:00+00:00,2977.9,2978.2,2977.8,2978.0,18
2026-07-17T03:33:00+00:00,2978.3,2978.3,2977.5,2977.5,11
2026-07-17T03:34:00+00:00,2977.3,2977.3,2977.1,2977.3,4
2026-07-17T03:35:00+00:00,2977.7,2978.4,2977.7,2978.4,9
2026-07-17T03:36:00+00:00,2978.8,2978.9,2978.4,2978.4,10
2026-07-17T03:37:00+00:00,2978.5,2978.5,2978.2,2978.2,4
2026-07-17T03:38:00+00:00,2978.1,2978.1,2978.1,2978.1,4
2026-07-17T03:39:00+00:00,2978.3,2978.3,2978.3,2978.3,1
2026-07-17T03:40:00+00:00,2978.0,2978.0,2977.0,2977.0,19
2026-07-17T03:41:00+00:00,2977.0,2977.0,2976.6,2977.0,21
2026-07-17T03:42:00+00:00,2976.9,2977.0,2976.6,2976.9,26
2026-07-17T03:43:00+00:00,2976.9,2976.9,2976.0,2976.3,44
2026-07-17T03:44:00+00:00,2976.2,2976.7,2976.2,2976.5,10
2026-07-17T03:45:00+00:00,2976.4,2976.8,2976.1,2976.3,22
2026-07-17T03:46:00+00:00,2976.3,2976.5,2976.3,2976.5,6
2026-07-17T03:47:00+00:00,2976.0,2976.1,2975.7,2975.7,16
2026-07-17T03:48:00+00:00,2975.8,2976.0,2975.8,2975.9,6
2026-07-17T03:49:00+00:00,2975.8,2975.8,2975.4,2975.7,30
2026-07-17T03:50:00+00:00,2975.6,2975.6,2975.1,2975.1,19
2026-07-17T03:51:00+00:00,2975.1,2975.4,2975.1,2975.4,14
2026-07-17T03:52:00+00:00,2975.2,2975.2,2974.7,2974.8,40
2026-07-17T03:53:00+00:00,2974.8,2974.9,2974.7,2974.7,17
2026-07-17T03:54:00+00:00,2974.6,2975.0,2974.3,2974.5,33
2026-07-17T03:55:00+00:00,2974.3,2974.7,2974.3,2974.4,45
2026-07-17T03:56:00+00:00,2974.4,2974.4,2974.1,2974.1,29
2026-07-17T03:57:00+00:00,2974.0,2974.6,2973.8,2974.6,15
2026-07-17T03:58:00+00:00,2974.4,2974.5,2974.0,2974.5,46
2026-07-17T03:59:00+00:00,2974.4,2974.4,2974.1,2974.2,6
2026-07-17T04:00:00+00:00,2974.1,2974.1,2972.1,2973.2,154
2026-07-17T04:01:00+00:00,2973.2,2973.6,2972.8,2972.8,28
2026-07-17T04:02:00+00:00,2973.0,2973.0,2972.5,2972.8,23
2026-07-17T04:03:00+00:00,2972.9,2973.0,2972.5,2972.8,26
2026-07-17T04:04:00+00:00,2972.7,2972.9,2971.5,2971.8,55
2026-07-17T04:05:00+00:00,2972.0,2972.2,2971.6,2971.9,22
2026-07-17T04:06:00+00:00,2971.7,2971.9,2971.3,2971.5,31
2026-07-17T04:07:00+00:00,2971.4,2971.5,2970.9,2971.4,78
2026-07-17T04:08:00+00:00,2971.3,2971.6,2971.2,2971.4,18
2026-07-17T04:09:00+00:00,2971.6,2971.9,2971.5,2971.5,10
2026-07-17T04:10:00+00:00,2971.3,2971.5,2970.8,2970.8,9
2026-07-17T04:11:00+00:00,2971.0,2971.3,2970.7,2971.0,20
2026-07-17T04:12:00+00:00,2971.3,2971.8,2971.1,2971.8,11
2026-07-17T04:13:00+00:00,2971.8,2971.8,2970.7,2970.7,18
2026-07-17T04:14:00+00:00,2971.1,2971.3,2971.1,2971.3,2
2026-07-17T04:15:00+00:00,2971.4,2971.4,2971.0,2971.0,5
2026-07-17T04:16:00+00:00,2971.3,2971.5,2971.1,2971.2,17
2026-07-17T04:17:00+00:00,2971.4,2971.4,2971.0,2971.1,30
2026-07-17T04:18:00+00:00,2971.0,2971.1,2971.0,2971.1,4
2026-07-17T04:19:00+00:00,2971.2,2971.3,2970.8,2970.8,10
2026-07-17T04:20:00+00:00,2971.2,2971.5,2971.0,2971.4,25
2026-07-17T04:21:00+00:00,2971.2,2971.4,2969.4,2970.0,168
2026-07-17T04:22:00+00:00,2969.8,2970.3,2969.8,2969.9,13
2026-07-17T04:23:00+00:00,2970.0,2970.5,2970.0,2970.3,9
2026-07-17T04:24:00+00:00,2970.4,2970.4,2969.5,2969.8,23
2026-07-17T04:25:00+00:00,2969.7,2969.7,2968.9,2969.0,22
2026-07-17T04:26:00+00:00,2969.5,2969.5,2968.5,2968.7,23
2026-07-17T04:27:00+00:00,2968.5,2968.5,2967.6,2967.7,37
2026-07-17T04:28:00+00:00,2967.5,2968.2,2967.1,2967.8,87
2026-07-17T04:29:00+00:00,2967.8,2968.4,2967.7,2968.4,46
2026-07-17T04:30:00+00:00,2968.7,2968.9,2967.6,2967.7,36
2026-07-17T04:31:00+00:00,2968.0,2968.4,2967.9,2968.0,50
2026-07-17T04:32:00+00:00,2968.0,2968.0,2967.2,2967.5,32
2026-07-17T04:33:00+00:00,2967.4,2967.6,2967.0,2967.0,16
2026-07-17T04:34:00+00:00,2967.0,2967.1,2966.4,2966.6,54
2026-07-17T04:35:00+00:00,2966.8,2967.1,2966.1,2966.9,64
2026-07-17T04:36:00+00:00,2966.7,2966.8,2966.2,2966.6,23
2026-07-17T04:37:00+00:00,2966.2,2966.8,2966.2,2966.6,8
2026-07-17T04:38:00+00:00,2966.6,2966.6,2965.7,2965.8,43
2026-07-17T04:39:00+00:00,2966.4,2966.9,2966.3,2966.8,56
2026-07-17T04:40:00+00:00,2966.3,2966.5,2966.2,2966.3,6
2026-07-17T04:41:00+00:00,2966.0,2966.8,2966.0,2966.4,26
2026-07-17T04:42:00+00:00,2966.7,2967.3,2966.7,2967.3,40
2026-07-17T04:43:00+00:00,2967.4,2967.9,2967.4,2967.9,35
2026-07-17T04:44:00+00:00,2967.8,2968.1,2967.5,2967.5,16
2026-07-17T04:45:00+00:00,2967.7,2967.7,2967.6,2967.6,3
2026-07-17T04:46:00+00:00,2967.8,2968.8,2967.8,2968.6,53
2026-07-17T04:47:00+00:00,2968.3,2968.6,2968.0,2968.3,32
2026-07-17T04:48:00+00:00,2968.3,2969.5,2968.3,2969.5,28
2026-07-17T04:49:00+00:00,2969.6,2969.6,2969.2,2969.2,26
2026-07-17T04:50:00+00:00,2969.6,2969.7,2969.3,2969.3,6
2026-07-17T04:51:00+00:00,2969.1,2969.6,2969.1,2969.6,11
2026-07-17T04:52:00+00:00,2969.4,2970.5,2969.4,2970.4,21
2026-07-17T04:53:00+00:00,2970.4,2970.5,2970.0,2970.2,23
2026-07-17T04:54:00+00:00,2970.3,2970.8,2970.3,2970.8,13
2026-07-17T04:55:00+00:00,2970.7,2970.9,2970.7,2970.7,21
2026-07-17T04:56:00+00:00,2970.5,2970.5,2969.9,2969.9,20
2026-07-17T04:57:00+00:00,2969.9,2969.9,2969.2,2969.2,21
2026-07-17T04:58:00+00:00,2969.2,2969.5,2968.8,2969.5,40
2026-07-17T04:59:00+00:00,2969.2,2969.3,2968.4,2968.5,17
2026-07-17T05:00:00+00:00,2968.4,2968.5,2967.8,2967.8,35
2026-07-17T05:01:00+00:00,2967.9,2968.1,2967.6,2967.8,20
2026-07-17T05:02:00+00:00,2967.5,2968.1,2967.5,2967.8,14
2026-07-17T05:03:00+00:00,2967.7,2968.0,2967.1,2967.9,18
2026-07-17T05:04:00+00:00,2967.9,2968.6,2967.9,2968.5,21
2026-07-17T05:05:00+00:00,2968.4,2968.5,2966.8,2966.8,48
2026-07-17T05:06:00+00:00,2966.8,2967.0,2966.7,2966.9,27
2026-07-17T05:07:00+00:00,2966.6,2966.9,2966.5,2966.7,21
2026-07-17T05:08:00+00:00,2966.7,2967.1,2966.6,2967.1,9
2026-07-17T05:09:00+00:00,2967.2,2967.3,2967.1,2967.2,6
2026-07-17T05:10:00+00:00,2967.2,2967.6,2967.2,2967.4,12
2026-07-17T05:11:00+00:00,2967.1,2967.3,2967.0,2967.0,4
2026-07-17T05:12:00+00:00,2966.9,2967.2,2966.5,2966.6,27
2026-07-17T05:13:00+00:00,2966.7,2967.2,2966.7,2967.2,12
2026-07-17T05:14:00+00:00,2967.4,2967.7,2966.8,2966.9,8
2026-07-17T05:15:00+00:00,2967.0,2967.2,2966.8,2967.0,11
2026-07-17T05:16:00+00:00,2966.4,2966.8,2966.1,2966.8,16
2026-07-17T05:17:00+00:00,2967.2,2967.6,2967.2,2967.6,7
2026-07-17T05:18:00+00:00,2967.9,2967.9,2967.2,2967.2,9
2026-07-17T05:19:00+00:00,2967.5,2967.5,2967.4,2967.4,9
2026-07-17T05:20:00+00:00,2967.2,2967.4,2966.9,2966.9,11
2026-07-17T05:21:00+00:00,2966.7,2967.0,2966.7,2966.9,9
2026-07-17T05:22:00+00:00,2967.0,2967.2,2967.0,2967.0,11
2026-07-17T05:23:00+00:00,2967.1,2967.4,2966.9,2967.4,7
2026-07-17T05:24:00+00:00,2967.3,2967.3,2967.2,2967.2,2
2026-07-17T05:25:00+00:00,2967.1,2967.2,2967.0,2967.2,7
2026-07-17T05:26:00+00:00,2966.9,2966.9,2966.5,2966.5,12
2026-07-17T05:27:00+00:00,2966.6,2966.6,2966.3,2966.5,25
2026-07-17T05:28:00+00:00,2966.5,2967.0,2966.5,2966.9,4
2026-07-17T05:29:00+00:00,2967.0,2967.0,2966.8,2966.8,3
2026-07-17T05:30:00+00:00,2966.9,2967.6,2966.9,2967.6,7
2026-07-17T05:31:00+00:00,2966.9,2966.9,2966.3,2966.3,8
2026-07-17T05:32:00+00:00,2966.3,2966.3,2965.9,2966.0,21
2026-07-17T05:33:00+00:00,2965.9,2966.2,2965.7,2966.1,30
2026-07-17T05:34:00+00:00,2966.1,2966.1,2965.0,2965.4,49
2026-07-17T05:35:00+00:00,2965.2,2965.3,2964.3,2964.5,27
2026-07-17T05:36:00+00:00,2964.2,2965.1,2964.0,2964.6,45
2026-07-17T05:37:00+00:00,2964.3,2964.4,2962.8,2963.4,70
2026-07-17T05:38:00+00:00,2963.8,2964.0,2963.7,2963.7,18
2026-07-17T05:39:00+00:00,2963.7,2964.4,2963.5,2964.4,26
2026-07-17T05:40:00+00:00,2964.4,2964.4,2964.1,2964.1,15
2026-07-17T05:41:00+00:00,2964.0,2965.2,2964.0,2965.2,22
2026-07-17T05:42:00+00:00,2965.1,2965.5,2965.0,2965.3,27
2026-07-17T05:43:00+00:00,2965.1,2965.2,2963.9,2964.1,46
2026-07-17T05:44:00+00:00,2964.3,2966.0,2964.1,2966.0,31
2026-07-17T05:45:00+00:00,2965.6,2965.9,2965.0,2965.0,28
2026-07-17T05:46:00+00:00,2965.0,2965.3,2964.9,2965.2,13
2026-07-17T05:47:00+00:00,2965.4,2965.9,2965.1,2965.1,17
2026-07-17T05:48:00+00:00,2965.3,2965.8,2965.3,2965.7,10
2026-07-17T05:49:00+00:00,2965.9,2966.2,2965.8,2966.1,36
2026-07-17T05:50:00+00:00,2966.3,2966.8,2966.1,2966.8,15
2026-07-17T05:51:00+00:00,2966.4,2966.5,2966.1,2966.1,10
2026-07-17T05:52:00+00:00,2966.1,2966.5,2966.0,2966.4,34
2026-07-17T05:53:00+00:00,2966.2,2966.3,2966.0,2966.0,13
2026-07-17T05:54:00+00:00,2966.2,2966.9,2966.1,2966.9,32
2026-07-17T05:55:00+00:00,2967.1,2967.3,2966.8,2966.9,33
2026-07-17T05:56:00+00:00,2967.0,2967.1,2966.2,2966.2,8
2026-07-17T05:57:00+00:00,2966.3,2966.8,2966.0,2966.4,74
2026-07-17T05:58:00+00:00,2966.5,2967.1,2966.5,2967.0,20
2026-07-17T05:59:00+00:00,2967.0,2967.5,2967.0,2967.5,31
2026-07-17T06:00:00+00:00,2967.3,2969.4,2967.3,2969.0,83
2026-07-17T06:01:00+00:00,2969.0,2969.0,2967.6,2968.5,11
2026-07-17T06:02:00+00:00,2968.4,2969.3,2968.4,2969.3,18
2026-07-17T06:03:00+00:00,2969.5,2969.9,2969.4,2969.5,36
2026-07-17T06:04:00+00:00,2969.7,2970.2,2969.4,2969.4,30
2026-07-17T06:05:00+00:00,2970.2,2970.9,2970.2,2970.6,44
2026-07-17T06:06:00+00:00,2970.1,2970.2,2969.2,2969.2,46
2026-07-17T06:07:00+00:00,2968.9,2969.0,2968.1,2968.1,26
2026-07-17T06:08:00+00:00,2968.4,2968.7,2967.9,2968.0,65
2026-07-17T06:09:00+00:00,2968.5,2968.5,2967.5,2967.6,40
2026-07-17T06:10:00+00:00,2968.0,2968.5,2967.3,2968.1,29
2026-07-17T06:11:00+00:00,2968.7,2969.4,2968.4,2969.3,22
2026-07-17T06:12:00+00:00,2969.3,2970.3,2969.3,2969.9,15
2026-07-17T06:13:00+00:00,2969.8,2970.2,2969.8,2970.1,15
2026-07-17T06:14:00+00:00,2970.3,2970.5,2969.8,2969.8,19
2026-07-17T06:15:00+00:00,2969.6,2970.2,2969.5,2970.2,10
2026-07-17T06:16:00+00:00,2970.2,2970.7,2970.2,2970.7,13
2026-07-17T06:17:00+00:00,2970.9,2971.6,2970.8,2971.6,49
2026-07-17T06:18:00+00:00,2971.4,2971.4,2971.2,2971.2,18
2026-07-17T06:19:00+00:00,2971.2,2971.8,2971.2,2971.4,15
2026-07-17T06:20:00+00:00,2971.8,2972.3,2971.8,2972.1,35
2026-07-17T06:21:00+00:00,2972.1,2972.4,2971.6,2972.0,32
2026-07-17T06:22:00+00:00,2972.0,2972.4,2972.0,2972.4,13
2026-07-17T06:23:00+00:00,2972.5,2973.4,2972.3,2972.3,34
2026-07-17T06:24:00+00:00,2972.9,2973.5,2972.8,2973.0,29
2026-07-17T06:25:00+00:00,2973.2,2973.9,2973.2,2973.4,32
2026-07-17T06:26:00+00:00,2973.4,2973.8,2973.4,2973.7,18
2026-07-17T06:27:00+00:00,2973.8,2974.4,2973.8,2974.2,50
2026-07-17T06:28:00+00:00,2974.1,2974.5,2974.0,2974.0,30
2026-07-17T06:29:00+00:00,2974.4,2974.4,2974.3,2974.3,7
2026-07-17T06:30:00+00:00,2974.0,2974.7,2973.6,2974.2,50
2026-07-17T06:31:00+00:00,2974.1,2974.6,2973.9,2974.5,15
2026-07-17T06:32:00+00:00,2974.6,2974.6,2974.1,2974.4,20
2026-07-17T06:33:00+00:00,2974.7,2975.7,2974.7,2975.7,124
2026-07-17T06:34:00+00:00,2975.6,2975.6,2975.1,2975.2,9
2026-07-17T06:35:00+00:00,2975.0,2975.0,2974.1,2974.1,15
2026-07-17T06:36:00+00:00,2973.7,2973.7,2972.8,2973.6,68
2026-07-17T06:37:00+00:00,2973.2,2973.2,2972.6,2972.6,9
2026-07-17T06:38:00+00:00,2972.5,2972.9,2972.1,2972.1,18
2026-07-17T06:39:00+00:00,2972.1,2972.9,2972.1,2972.5,20
2026-07-17T06:40:00+00:00,2972.6,2972.8,2972.2,2972.4,12
2026-07-17T06:41:00+00:00,2972.1,2972.2,2971.2,2971.5,14
2026-07-17T06:42:00+00:00,2971.4,2971.4,2971.0,2971.1,8
2026-07-17T06:43:00+00:00,2971.5,2971.6,2971.1,2971.1,12
2026-07-17T06:44:00+00:00,2970.9,2971.3,2970.5,2971.3,24
2026-07-17T06:45:00+00:00,2971.4,2971.4,2970.3,2970.7,35
2026-07-17T06:46:00+00:00,2970.6,2970.6,2969.0,2969.4,33
2026-07-17T06:47:00+00:00,2969.7,2969.9,2969.5,2969.7,7
2026-07-17T06:48:00+00:00,2969.7,2970.3,2969.7,2970.3,26
2026-07-17T06:49:00+00:00,2969.9,2969.9,2968.9,2968.9,33
2026-07-17T06:50:00+00:00,2969.0,2969.6,2968.8,2969.6,14
2026-07-17T06:51:00+00:00,2969.7,2969.7,2968.9,2969.2,26
2026-07-17T06:52:00+00:00,2969.2,2969.2,2968.8,2969.1,23
2026-07-17T06:53:00+00:00,2969.1,2969.1,2968.6,2968.6,16
2026-07-17T06:54:00+00:00,2968.7,2969.4,2968.7,2969.4,33
2026-07-17T06:55:00+00:00,2969.8,2969.8,2969.0,2969.1,31
2026-07-17T06:56:00+00:00,2969.7,2969.8,2969.3,2969.3,18
2026-07-17T06:57:00+00:00,2969.2,2969.5,2968.9,2969.5,12
2026-07-17T06:58:00+00:00,2969.7,2969.9,2969.7,2969.9,11
2026-07-17T06:59:00+00:00,2969.8,2969.8,2969.3,2969.3,11
2026-07-17T07:00:00+00:00,2969.6,2969.6,2968.2,2969.0,39
2026-07-17T07:01:00+00:00,2969.4,2969.8,2968.8,2969.8,25
2026-07-17T07:02:00+00:00,2970.0,2971.0,2969.8,2970.4,28
2026-07-17T07:03:00+00:00,2970.4,2970.4,2969.9,2970.2,9
2026-07-17T07:04:00+00:00,2970.5,2971.8,2970.5,2971.8,44
2026-07-17T07:05:00+00:00,2971.7,2972.0,2971.3,2971.5,71
2026-07-17T07:06:00+00:00,2971.5,2971.5,2970.2,2970.5,32
2026-07-17T07:07:00+00:00,2970.6,2971.2,2970.0,2970.0,30
2026-07-17T07:08:00+00:00,2969.7,2970.0,2969.6,2969.9,25
2026-07-17T07:09:00+00:00,2969.1,2969.9,2969.1,2969.3,38
2026-07-17T07:10:00+00:00,2969.3,2969.8,2969.0,2969.5,36
2026-07-17T07:11:00+00:00,2968.9,2969.9,2968.9,2969.3,15
2026-07-17T07:12:00+00:00,2969.6,2969.8,2969.6,2969.8,8
2026-07-17T07:13:00+00:00,2971.0,2971.1,2969.9,2970.3,29
2026-07-17T07:14:00+00:00,2970.2,2971.6,2970.2,2971.4,11
2026-07-17T07:15:00+00:00,2971.5,2972.6,2971.5,2972.4,29
2026-07-17T07:16:00+00:00,2972.5,2972.9,2972.5,2972.8,11
2026-07-17T07:17:00+00:00,2972.8,2973.2,2972.8,2972.9,15
2026-07-17T07:18:00+00:00,2973.1,2973.2,2972.7,2973.2,15
2026-07-17T07:19:00+00:00,2973.2,2973.2,2972.5,2973.0,18
2026-07-17T07:20:00+00:00,2973.2,2973.2,2972.3,2972.6,25
2026-07-17T07:21:00+00:00,2972.3,2972.4,2971.5,2971.5,15
2026-07-17T07:22:00+00:00,2971.1,2971.6,2971.0,2971.5,10
2026-07-17T07:23:00+00:00,2971.4,2971.7,2971.3,2971.3,14
2026-07-17T07:24:00+00:00,2971.0,2971.3,2970.6,2971.1,77
2026-07-17T07:25:00+00:00,2971.3,2972.0,2970.6,2970.8,12
2026-07-17T07:26:00+00:00,2970.9,2972.3,2970.9,2972.3,10
2026-07-17T07:27:00+00:00,2972.5,2973.2,2972.5,2973.0,23
2026-07-17T07:28:00+00:00,2973.0,2973.1,2972.8,2972.9,19
2026-07-17T07:29:00+00:00,2973.0,2973.5,2972.9,2973.5,17
2026-07-17T07:30:00+00:00,2973.6,2973.8,2972.7,2972.9,33
2026-07-17T07:31:00+00:00,2973.3,2973.8,2973.2,2973.4,40
2026-07-17T07:32:00+00:00,2973.5,2973.5,2973.5,2973.5,1
2026-07-17T07:33:00+00:00,2973.2,2973.2,2971.6,2972.1,16
2026-07-17T07:34:00+00:00,2971.9,2972.3,2971.6,2971.7,13
2026-07-17T07:35:00+00:00,2971.4,2971.4,2970.6,2970.8,33
2026-07-17T07:36:00+00:00,2970.9,2971.3,2970.4,2970.5,24
2026-07-17T07:37:00+00:00,2971.2,2971.9,2970.8,2970.8,16
2026-07-17T07:38:00+00:00,2971.5,2971.9,2971.3,2971.3,45
2026-07-17T07:39:00+00:00,2972.0,2972.1,2971.8,2972.1,11
2026-07-17T07:40:00+00:00,2972.3,2972.6,2971.8,2971.8,13
2026-07-17T07:41:00+00:00,2971.9,2971.9,2971.3,2971.5,7
2026-07-17T07:42:00+00:00,2971.2,2971.2,2970.8,2970.9,3
2026-07-17T07:43:00+00:00,2972.2,2972.2,2972.2,2972.2,1
2026-07-17T07:44:00+00:00,2972.9,2972.9,2972.4,2972.4,13
2026-07-17T07:45:00+00:00,2972.4,2972.4,2970.5,2970.6,9
2026-07-17T07:46:00+00:00,2970.4,2971.1,2970.4,2971.1,3
2026-07-17T07:47:00+00:00,2970.7,2971.1,2970.7,2970.7,5
2026-07-17T07:48:00+00:00,2971.8,2972.0,2971.4,2972.0,17
2026-07-17T07:49:00+00:00,2971.4,2971.5,2971.2,2971.5,9
2026-07-17T07:50:00+00:00,2970.8,2971.0,2970.7,2970.8,9
2026-07-17T07:51:00+00:00,2970.7,2971.1,2970.4,2970.6,25
2026-07-17T07:52:00+00:00,2970.5,2971.0,2970.3,2971.0,17
2026-07-17T07:53:00+00:00,2971.7,2971.7,2971.0,2971.3,23
2026-07-17T07:54:00+00:00,2971.1,2971.4,2970.9,2971.4,16
2026-07-17T07:55:00+00:00,2970.8,2971.3,2970.7,2971.2,24
2026-07-17T07:56:00+00:00,2971.3,2972.0,2970.9,2971.0,19
2026-07-17T07:57:00+00:00,2971.1,2971.1,2969.6,2969.6,33
2026-07-17T07:58:00+00:00,2969.8,2970.2,2969.8,2969.8,11
2026-07-17T07:59:00+00:00,2970.3,2970.3,2970.3,2970.3,1
2026-07-17T08:00:00+00:00,2970.8,2971.7,2970.0,2971.7,26
2026-07-17T08:01:00+00:00,2971.7,2972.6,2971.7,2972.2,25
2026-07-17T08:02:00+00:00,2972.6,2973.3,2972.2,2973.2,68
2026-07-17T08:03:00+00:00,2973.4,2973.8,2972.9,2973.0,33
2026-07-17T08:04:00+00:00,2973.2,2974.5,2972.8,2974.3,61
2026-07-17T08:05:00+00:00,2974.3,2975.1,2974.0,2974.3,65
2026-07-17T08:06:00+00:00,2974.3,2974.5,2973.8,2973.9,26
2026-07-17T08:07:00+00:00,2973.9,2974.3,2972.9,2973.0,19
2026-07-17T08:08:00+00:00,2972.8,2973.0,2972.0,2972.0,14
2026-07-17T08:09:00+00:00,2971.7,2972.4,2971.3,2972.3,19
2026-07-17T08:10:00+00:00,2972.1,2972.1,2969.9,2970.2,97
2026-07-17T08:11:00+00:00,2970.2,2970.2,2969.6,2969.8,30
2026-07-17T08:12:00+00:00,2970.0,2970.7,2970.0,2970.3,17
2026-07-17T08:13:00+00:00,2970.2,2970.5,2969.7,2970.4,11
2026-07-17T08:14:00+00:00,2970.6,2970.6,2969.7,2970.2,17
2026-07-17T08:15:00+00:00,2970.2,2970.2,2969.5,2969.5,31
2026-07-17T08:16:00+00:00,2969.7,2969.7,2966.4,2966.9,130
2026-07-17T08:17:00+00:00,2967.1,2967.1,2965.6,2966.0,69
2026-07-17T08:18:00+00:00,2966.0,2967.6,2965.9,2967.2,66
2026-07-17T08:19:00+00:00,2967.3,2967.3,2966.4,2966.6,32
2026-07-17T08:20:00+00:00,2966.8,2967.1,2965.6,2965.8,52
2026-07-17T08:21:00+00:00,2966.1,2967.0,2965.8,2966.5,50
2026-07-17T08:22:00+00:00,2966.7,2966.7,2966.0,2966.0,8
2026-07-17T08:23:00+00:00,2966.1,2967.2,2966.1,2967.2,51
2026-07-17T08:24:00+00:00,2967.1,2967.2,2965.4,2966.1,29
2026-07-17T08:25:00+00:00,2965.9,2966.0,2965.3,2965.5,27
2026-07-17T08:26:00+00:00,2965.4,2966.3,2964.6,2966.0,66
2026-07-17T08:27:00+00:00,2966.8,2967.3,2966.7,2966.8,30
2026-07-17T08:28:00+00:00,2967.1,2967.7,2967.1,2967.4,20
2026-07-17T08:29:00+00:00,2967.3,2967.7,2967.2,2967.2,13
2026-07-17T08:30:00+00:00,2967.3,2968.0,2967.3,2967.5,13
2026-07-17T08:31:00+00:00,2967.2,2967.5,2965.5,2965.9,14
2026-07-17T08:32:00+00:00,2965.4,2965.6,2964.2,2964.2,24
2026-07-17T08:33:00+00:00,2964.3,2964.3,2963.5,2963.9,20
2026-07-17T08:34:00+00:00,2964.0,2964.3,2963.3,2963.4,34
2026-07-17T08:35:00+00:00,2963.4,2963.4,2962.9,2963.0,26
2026-07-17T08:36:00+00:00,2963.4,2963.9,2963.2,2963.2,8
2026-07-17T08:37:00+00:00,2963.3,2963.3,2962.1,2962.6,48
2026-07-17T08:38:00+00:00,2962.7,2962.7,2961.5,2961.7,90
2026-07-17T08:39:00+00:00,2961.7,2961.8,2961.0,2961.8,64
2026-07-17T08:40:00+00:00,2962.2,2962.2,2961.4,2962.1,13
2026-07-17T08:41:00+00:00,2962.4,2963.0,2962.1,2962.8,31
2026-07-17T08:42:00+00:00,2962.5,2963.2,2961.7,2963.2,32
2026-07-17T08:43:00+00:00,2962.6,2962.6,2961.9,2962.5,12
2026-07-17T08:44:00+00:00,2962.7,2963.7,2962.5,2963.7,23
2026-07-17T08:45:00+00:00,2963.6,2965.9,2963.4,2965.9,96
2026-07-17T08:46:00+00:00,2966.0,2966.2,2965.6,2965.6,10
2026-07-17T08:47:00+00:00,2965.5,2966.2,2965.5,2965.8,36
2026-07-17T08:48:00+00:00,2965.7,2966.4,2965.1,2965.1,29
2026-07-17T08:49:00+00:00,2965.0,2965.2,2964.4,2964.8,18
2026-07-17T08:50:00+00:00,2965.3,2966.3,2965.3,2965.6,53
2026-07-17T08:51:00+00:00,2965.2,2965.2,2964.1,2964.1,49
2026-07-17T08:52:00+00:00,2964.2,2964.3,2963.5,2963.6,34
2026-07-17T08:53:00+00:00,2963.9,2965.1,2963.9,2965.1,21
2026-07-17T08:54:00+00:00,2965.3,2966.3,2965.3,2966.0,16
2026-07-17T08:55:00+00:00,2965.8,2966.7,2965.5,2966.3,37
2026-07-17T08:56:00+00:00,2966.4,2966.9,2966.3,2966.9,18
2026-07-17T08:57:00+00:00,2967.1,2967.6,2966.7,2967.4,24
2026-07-17T08:58:00+00:00,2967.4,2968.3,2966.3,2966.3,38
2026-07-17T08:59:00+00:00,2966.1,2966.3,2965.9,2966.1,18
2026-07-17T09:00:00+00:00,2966.0,2966.7,2965.6,2966.7,16
2026-07-17T09:01:00+00:00,2967.1,2967.1,2965.2,2965.2,20
2026-07-17T09:02:00+00:00,2966.2,2966.6,2965.8,2966.1,10
2026-07-17T09:03:00+00:00,2966.1,2966.7,2966.1,2966.7,9
2026-07-17T09:04:00+00:00,2966.7,2966.8,2966.0,2966.8,19
2026-07-17T09:05:00+00:00,2967.4,2967.5,2966.8,2966.8,21
2026-07-17T09:06:00+00:00,2966.9,2966.9,2966.0,2966.4,16
2026-07-17T09:07:00+00:00,2966.2,2966.9,2966.2,2966.9,2
2026-07-17T09:08:00+00:00,2966.3,2967.1,2966.1,2966.9,11
2026-07-17T09:09:00+00:00,2966.9,2966.9,2966.7,2966.7,4
2026-07-17T09:10:00+00:00,2966.4,2967.0,2966.4,2966.7,8
2026-07-17T09:11:00+00:00,2966.5,2966.5,2966.3,2966.4,5
2026-07-17T09:12:00+00:00,2966.6,2967.2,2966.6,2966.9,14
2026-07-17T09:13:00+00:00,2967.5,2968.7,2967.5,2967.9,25
2026-07-17T09:14:00+00:00,2968.2,2969.7,2968.2,2969.5,23
2026-07-17T09:15:00+00:00,2969.1,2969.2,2968.5,2968.6,27
2026-07-17T09:16:00+00:00,2968.5,2968.5,2967.4,2967.7,60
2026-07-17T09:17:00+00:00,2968.0,2968.0,2967.4,2967.4,5
2026-07-17T09:18:00+00:00,2967.4,2967.4,2967.1,2967.1,2
2026-07-17T09:19:00+00:00,2967.4,2967.9,2966.9,2967.5,16
2026-07-17T09:20:00+00:00,2967.7,2968.3,2967.5,2968.0,17
2026-07-17T09:21:00+00:00,2968.3,2968.3,2967.9,2968.3,15
2026-07-17T09:22:00+00:00,2968.1,2968.2,2967.4,2967.8,15
2026-07-17T09:23:00+00:00,2967.5,2968.8,2967.5,2968.8,16
2026-07-17T09:24:00+00:00,2969.4,2969.7,2969.2,2969.7,19
2026-07-17T09:25:00+00:00,2970.0,2970.9,2970.0,2970.7,33
2026-07-17T09:26:00+00:00,2970.3,2970.3,2969.9,2970.0,21
2026-07-17T09:27:00+00:00,2970.1,2970.5,2969.8,2970.0,21
2026-07-17T09:28:00+00:00,2970.5,2970.7,2970.5,2970.7,6
2026-07-17T09:29:00+00:00,2970.7,2971.3,2970.7,2971.1,48
2026-07-17T09:30:00+00:00,2971.0,2971.0,2970.1,2970.4,16
2026-07-17T09:31:00+00:00,2971.1,2971.2,2970.7,2970.7,13
2026-07-17T09:32:00+00:00,2970.2,2970.2,2969.6,2969.9,11
2026-07-17T09:33:00+00:00,2969.9,2969.9,2969.9,2969.9,1
2026-07-17T09:34:00+00:00,2969.4,2969.7,2969.4,2969.4,7
2026-07-17T09:35:00+00:00,2969.5,2970.3,2969.3,2970.2,13
2026-07-17T09:36:00+00:00,2970.2,2970.2,2969.3,2969.7,12
2026-07-17T09:37:00+00:00,2969.7,2970.0,2969.1,2969.4,19
2026-07-17T09:38:00+00:00,2969.5,2969.8,2969.5,2969.6,12
2026-07-17T09:39:00+00:00,2969.8,2970.5,2969.6,2970.1,26
2026-07-17T09:40:00+00:00,2970.0,2970.1,2969.8,2970.0,16
2026-07-17T09:41:00+00:00,2970.3,2970.3,2969.9,2970.0,11
2026-07-17T09:42:00+00:00,2969.4,2969.4,2968.9,2969.2,27
2026-07-17T09:43:00+00:00,2969.0,2969.0,2968.5,2969.0,16
2026-07-17T09:44:00+00:00,2969.2,2969.3,2969.0,2969.0,9
2026-07-17T09:45:00+00:00,2969.3,2969.4,2968.8,2968.9,6
2026-07-17T09:46:00+00:00,2968.9,2969.8,2968.9,2969.4,15
2026-07-17T09:47:00+00:00,2969.1,2969.4,2969.1,2969.3,6
2026-07-17T09:48:00+00:00,2969.4,2969.8,2969.4,2969.6,8
2026-07-17T09:49:00+00:00,2969.4,2969.4,2967.7,2967.7,20
2026-07-17T09:50:00+00:00,2968.0,2969.4,2967.9,2968.9,23
2026-07-17T09:51:00+00:00,2968.9,2970.0,2968.8,2969.8,32
2026-07-17T09:52:00+00:00,2970.0,2970.2,2969.9,2970.1,8
2026-07-17T09:53:00+00:00,2970.4,2971.0,2970.4,2971.0,18
2026-07-17T09:54:00+00:00,2971.0,2971.6,2971.0,2971.3,28
2026-07-17T09:55:00+00:00,2971.6,2971.6,2971.4,2971.5,14
2026-07-17T09:56:00+00:00,2971.3,2972.0,2971.3,2971.8,34
2026-07-17T09:57:00+00:00,2971.8,2972.0,2971.8,2971.9,16
2026-07-17T09:58:00+00:00,2971.8,2972.3,2971.8,2972.1,36
2026-07-17T09:59:00+00:00,2972.1,2973.0,2972.1,2972.9,25
2026-07-17T10:00:00+00:00,2972.8,2973.2,2972.5,2972.7,37
2026-07-17T10:01:00+00:00,2972.8,2973.4,2972.7,2973.4,9
2026-07-17T10:02:00+00:00,2973.4,2973.5,2972.3,2972.6,27
2026-07-17T10:03:00+00:00,2972.5,2972.5,2971.6,2971.8,34
2026-07-17T10:04:00+00:00,2971.8,2972.1,2971.5,2971.5,25
2026-07-17T10:05:00+00:00,2971.2,2971.7,2970.5,2970.6,49
2026-07-17T10:06:00+00:00,2970.7,2971.0,2970.0,2970.0,107
2026-07-17T10:07:00+00:00,2970.5,2971.0,2970.0,2970.5,42
2026-07-17T10:08:00+00:00,2970.6,2972.0,2970.6,2971.2,27
2026-07-17T10:09:00+00:00,2971.5,2971.5,2970.8,2970.8,61
2026-07-17T10:10:00+00:00,2970.6,2971.4,2970.1,2971.4,28
2026-07-17T10:11:00+00:00,2971.5,2972.5,2970.8,2970.9,73
2026-07-17T10:12:00+00:00,2971.1,2972.5,2971.1,2972.5,30
2026-07-17T10:13:00+00:00,2972.5,2973.0,2972.0,2973.0,22
2026-07-17T10:14:00+00:00,2973.3,2974.5,2973.3,2974.1,33
2026-07-17T10:15:00+00:00,2974.3,2974.4,2974.0,2974.2,18
2026-07-17T10:16:00+00:00,2974.1,2974.1,2973.8,2973.9,9
2026-07-17T10:17:00+00:00,2974.0,2974.5,2973.9,2974.5,10
2026-07-17T10:18:00+00:00,2974.3,2974.4,2973.6,2974.0,74
2026-07-17T10:19:00+00:00,2974.2,2974.2,2973.1,2973.9,19
2026-07-17T10:20:00+00:00,2973.9,2974.0,2973.7,2974.0,12
2026-07-17T10:21:00+00:00,2974.1,2974.3,2972.7,2972.8,16
2026-07-17T10:22:00+00:00,2972.6,2972.7,2971.4,2972.6,27
2026-07-17T10:23:00+00:00,2972.8,2973.2,2972.8,2973.2,26
2026-07-17T10:24:00+00:00,2972.8,2973.0,2972.4,2972.4,26
2026-07-17T10:25:00+00:00,2972.3,2972.4,2971.9,2971.9,23
2026-07-17T10:26:00+00:00,2972.1,2973.1,2972.0,2973.1,13
2026-07-17T10:27:00+00:00,2973.1,2973.1,2972.7,2973.0,5
2026-07-17T10:28:00+00:00,2973.0,2973.4,2972.8,2972.8,17
2026-07-17T10:29:00+00:00,2972.9,2973.3,2972.6,2972.6,12
2026-07-17T10:30:00+00:00,2972.7,2974.2,2972.7,2974.2,31
2026-07-17T10:31:00+00:00,2973.9,2974.5,2973.9,2974.0,7
2026-07-17T10:32:00+00:00,2974.1,2974.1,2973.7,2973.7,10
2026-07-17T10:33:00+00:00,2974.1,2974.1,2973.2,2973.5,25
2026-07-17T10:34:00+00:00,2973.6,2973.9,2973.5,2973.7,15
2026-07-17T10:35:00+00:00,2974.2,2974.2,2973.2,2973.6,45
2026-07-17T10:36:00+00:00,2973.8,2974.4,2973.6,2974.4,12
2026-07-17T10:37:00+00:00,2974.4,2974.6,2973.9,2974.0,28
2026-07-17T10:38:00+00:00,2974.3,2974.8,2974.2,2974.8,7
2026-07-17T10:39:00+00:00,2974.8,2975.1,2974.8,2974.9,25
2026-07-17T10:40:00+00:00,2974.7,2975.1,2974.7,2975.0,13
2026-07-17T10:41:00+00:00,2975.3,2976.2,2975.3,2975.7,66
2026-07-17T10:42:00+00:00,2975.6,2975.6,2975.3,2975.3,11
2026-07-17T10:43:00+00:00,2975.2,2976.0,2975.0,2975.7,23
2026-07-17T10:44:00+00:00,2975.8,2975.8,2974.7,2975.1,27
2026-07-17T10:45:00+00:00,2975.1,2975.1,2974.7,2975.0,23
2026-07-17T10:46:00+00:00,2975.2,2975.2,2974.9,2975.2,10
2026-07-17T10:47:00+00:00,2974.9,2975.3,2974.7,2975.2,24
2026-07-17T10:48:00+00:00,2975.6,2975.6,2975.4,2975.4,8
2026-07-17T10:49:00+00:00,2975.7,2975.7,2975.7,2975.7,2
2026-07-17T10:50:00+00:00,2975.4,2975.6,2975.3,2975.6,11
2026-07-17T10:51:00+00:00,2974.7,2975.0,2974.6,2974.9,27
2026-07-17T10:52:00+00:00,2974.6,2974.7,2973.9,2973.9,33
2026-07-17T10:53:00+00:00,2974.5,2974.9,2974.3,2974.9,4
2026-07-17T10:54:00+00:00,2975.1,2975.5,2974.9,2975.3,15
2026-07-17T10:55:00+00:00,2975.1,2975.2,2974.4,2974.8,24
2026-07-17T10:56:00+00:00,2975.3,2975.3,2975.3,2975.3,2
2026-07-17T10:57:00+00:00,2975.6,2976.2,2975.5,2975.5,20
2026-07-17T10:58:00+00:00,2975.4,2975.4,2975.0,2975.0,24
2026-07-17T10:59:00+00:00,2974.7,2975.3,2974.1,2974.5,65
2026-07-17T11:00:00+00:00,2974.6,2975.5,2974.4,2975.5,26
2026-07-17T11:01:00+00:00,2975.5,2975.6,2975.2,2975.4,14
2026-07-17T11:02:00+00:00,2975.4,2975.6,2975.4,2975.4,18
2026-07-17T11:03:00+00:00,2975.3,2975.3,2974.5,2974.7,10
2026-07-17T11:04:00+00:00,2974.4,2974.5,2973.8,2974.2,23
2026-07-17T11:05:00+00:00,2974.4,2975.3,2974.3,2975.3,21
2026-07-17T11:06:00+00:00,2975.3,2975.4,2974.7,2974.8,25
2026-07-17T11:07:00+00:00,2974.9,2975.1,2974.4,2974.4,15
2026-07-17T11:08:00+00:00,2974.1,2974.1,2973.7,2973.7,4
2026-07-17T11:09:00+00:00,2973.8,2974.0,2973.4,2973.5,20
2026-07-17T11:10:00+00:00,2973.4,2973.7,2973.0,2973.6,31
2026-07-17T11:11:00+00:00,2973.3,2973.5,2973.2,2973.3,9
2026-07-17T11:12:00+00:00,2972.9,2973.2,2972.5,2973.2,11
2026-07-17T11:13:00+00:00,2973.1,2973.4,2973.1,2973.1,13
2026-07-17T11:14:00+00:00,2973.3,2973.3,2973.0,2973.2,13
2026-07-17T11:15:00+00:00,2973.0,2973.0,2972.7,2972.7,15
2026-07-17T11:16:00+00:00,2972.3,2972.3,2971.9,2972.3,10
2026-07-17T11:17:00+00:00,2972.2,2972.6,2972.0,2972.4,28
2026-07-17T11:18:00+00:00,2972.6,2973.6,2972.6,2973.6,10
2026-07-17T11:19:00+00:00,2973.3,2973.3,2972.5,2972.5,14
2026-07-17T11:20:00+00:00,2972.4,2972.4,2971.3,2971.3,31
2026-07-17T11:21:00+00:00,2971.2,2972.3,2971.2,2972.0,21
2026-07-17T11:22:00+00:00,2971.9,2972.4,2971.8,2972.2,24
2026-07-17T11:23:00+00:00,2972.3,2972.5,2971.6,2971.7,19
2026-07-17T11:24:00+00:00,2971.5,2972.0,2971.3,2972.0,14
2026-07-17T11:25:00+00:00,2971.9,2971.9,2971.5,2971.5,25
2026-07-17T11:26:00+00:00,2971.8,2972.5,2971.8,2972.5,16
2026-07-17T11:27:00+00:00,2972.9,2973.2,2972.8,2972.9,31
2026-07-17T11:28:00+00:00,2973.2,2973.5,2973.1,2973.2,21
2026-07-17T11:29:00+00:00,2973.1,2973.4,2972.9,2973.4,9
2026-07-17T11:30:00+00:00,2973.7,2973.8,2973.2,2973.8,9
2026-07-17T11:31:00+00:00,2973.6,2973.7,2973.4,2973.6,23
2026-07-17T11:32:00+00:00,2973.6,2974.0,2972.9,2973.0,17
2026-07-17T11:33:00+00:00,2972.5,2973.1,2972.5,2973.1,18
2026-07-17T11:34:00+00:00,2973.0,2973.2,2973.0,2973.0,4
2026-07-17T11:35:00+00:00,2972.7,2973.4,2972.7,2973.1,6
2026-07-17T11:36:00+00:00,2973.1,2973.2,2973.1,2973.2,2
2026-07-17T11:37:00+00:00,2973.5,2974.3,2973.5,2974.1,53
2026-07-17T11:38:00+00:00,2974.3,2974.4,2974.0,2974.2,16
2026-07-17T11:39:00+00:00,2974.0,2974.6,2973.7,2973.8,30
2026-07-17T11:40:00+00:00,2973.8,2973.8,2973.0,2973.2,16
2026-07-17T11:41:00+00:00,2972.9,2972.9,2972.4,2972.5,14
2026-07-17T11:42:00+00:00,2972.4,2973.3,2972.3,2972.9,32
2026-07-17T11:43:00+00:00,2972.4,2972.4,2971.2,2971.2,23
2026-07-17T11:44:00+00:00,2972.3,2972.3,2971.8,2972.0,20
2026-07-17T11:45:00+00:00,2971.8,2971.8,2971.4,2971.7,13
2026-07-17T11:46:00+00:00,2971.5,2971.7,2970.9,2971.6,11
2026-07-17T11:47:00+00:00,2971.6,2972.0,2971.6,2971.7,4
2026-07-17T11:48:00+00:00,2972.0,2973.0,2972.0,2972.9,28
2026-07-17T11:49:00+00:00,2972.7,2972.8,2972.1,2972.1,10
2026-07-17T11:50:00+00:00,2972.2,2972.4,2971.9,2972.1,13
2026-07-17T11:51:00+00:00,2971.7,2972.1,2971.7,2972.1,2
2026-07-17T11:52:00+00:00,2972.7,2973.0,2972.6,2973.0,19
2026-07-17T11:53:00+00:00,2973.0,2973.3,2972.9,2973.3,16
2026-07-17T11:54:00+00:00,2973.5,2974.8,2973.5,2974.3,31
2026-07-17T11:55:00+00:00,2974.4,2974.7,2973.6,2973.6,18
2026-07-17T11:56:00+00:00,2973.7,2973.8,2973.5,2973.5,10
2026-07-17T11:57:00+00:00,2973.4,2973.5,2973.4,2973.5,8
2026-07-17T11:58:00+00:00,2973.8,2974.1,2973.6,2974.0,15
2026-07-17T11:59:00+00:00,2973.9,2974.1,2973.4,2973.4,24
2026-07-17T12:00:00+00:00,2973.3,2974.2,2973.3,2973.8,28
2026-07-17T12:01:00+00:00,2973.7,2973.8,2972.5,2972.5,27
2026-07-17T12:02:00+00:00,2972.4,2972.4,2972.2,2972.2,11
2026-07-17T12:03:00+00:00,2972.2,2972.3,2971.8,2971.9,21
2026-07-17T12:04:00+00:00,2971.8,2972.0,2971.0,2971.1,25
2026-07-17T12:05:00+00:00,2971.2,2971.3,2970.4,2970.6,34
2026-07-17T12:06:00+00:00,2970.6,2970.8,2969.7,2970.0,61
2026-07-17T12:07:00+00:00,2970.2,2970.4,2969.6,2969.6,22
2026-07-17T12:08:00+00:00,2969.8,2969.9,2969.4,2969.8,55
2026-07-17T12:09:00+00:00,2969.5,2969.7,2968.6,2969.6,53
2026-07-17T12:10:00+00:00,2969.6,2969.8,2969.2,2969.2,31
2026-07-17T12:11:00+00:00,2969.0,2969.0,2968.4,2968.7,33
2026-07-17T12:12:00+00:00,2968.5,2968.9,2968.5,2968.9,18
2026-07-17T12:13:00+00:00,2969.0,2969.0,2968.3,2968.3,19
2026-07-17T12:14:00+00:00,2968.5,2968.8,2968.3,2968.8,27
2026-07-17T12:15:00+00:00,2969.1,2969.2,2968.8,2969.0,46
2026-07-17T12:16:00+00:00,2968.9,2969.1,2968.8,2969.0,23
2026-07-17T12:17:00+00:00,2969.0,2969.0,2968.3,2968.7,16
2026-07-17T12:18:00+00:00,2968.7,2968.9,2968.1,2968.1,53
2026-07-17T12:19:00+00:00,2968.4,2968.4,2967.7,2967.7,23
2026-07-17T12:20:00+00:00,2967.5,2967.6,2966.9,2967.4,47
2026-07-17T12:21:00+00:00,2967.4,2968.7,2967.4,2968.4,10
2026-07-17T12:22:00+00:00,2968.3,2968.5,2968.1,2968.4,10
2026-07-17T12:23:00+00:00,2968.3,2968.8,2968.3,2968.5,32
2026-07-17T12:24:00+00:00,2968.7,2968.7,2967.9,2967.9,27
2026-07-17T12:25:00+00:00,2967.9,2968.1,2967.5,2967.6,28
2026-07-17T12:26:00+00:00,2967.3,2967.3,2966.8,2966.8,39
2026-07-17T12:27:00+00:00,2966.8,2966.9,2966.4,2966.7,46
2026-07-17T12:28:00+00:00,2966.8,2967.1,2966.7,2966.9,17
2026-07-17T12:29:00+00:00,2967.0,2967.3,2967.0,2967.1,25
2026-07-17T12:30:00+00:00,2966.8,2966.8,2965.4,2966.3,107
2026-07-17T12:31:00+00:00,2966.3,2966.5,2965.6,2965.7,56
2026-07-17T12:32:00+00:00,2966.0,2966.3,2965.4,2965.4,30
2026-07-17T12:33:00+00:00,2965.8,2966.9,2965.6,2966.9,55
2026-07-17T12:34:00+00:00,2966.7,2966.9,2965.7,2965.7,20
2026-07-17T12:35:00+00:00,2965.6,2966.3,2965.3,2965.6,40
2026-07-17T12:36:00+00:00,2966.1,2966.9,2965.9,2966.3,75
2026-07-17T12:37:00+00:00,2966.2,2966.3,2964.6,2965.1,85
2026-07-17T12:38:00+00:00,2965.2,2966.1,2965.2,2966.0,31
2026-07-17T12:39:00+00:00,2966.0,2966.7,2965.9,2966.3,28
2026-07-17T12:40:00+00:00,2966.3,2966.3,2965.3,2965.9,23
2026-07-17T12:41:00+00:00,2965.7,2965.9,2965.4,2965.6,30
2026-07-17T12:42:00+00:00,2965.7,2965.8,2964.9,2965.6,34
2026-07-17T12:43:00+00:00,2965.7,2965.7,2965.1,2965.5,28
2026-07-17T12:44:00+00:00,2965.3,2966.5,2965.3,2966.2,109
2026-07-17T12:45:00+00:00,2965.7,2966.5,2965.6,2966.5,32
2026-07-17T12:46:00+00:00,2966.4,2966.5,2965.9,2966.0,61
2026-07-17T12:47:00+00:00,2966.3,2966.6,2965.3,2965.4,55
2026-07-17T12:48:00+00:00,2965.3,2965.3,2964.4,2964.7,49
2026-07-17T12:49:00+00:00,2965.3,2965.3,2964.3,2964.3,26
2026-07-17T12:50:00+00:00,2964.2,2964.2,2963.5,2964.0,119
2026-07-17T12:51:00+00:00,2964.0,2964.9,2963.9,2964.9,47
2026-07-17T12:52:00+00:00,2964.8,2965.4,2964.6,2965.2,49
2026-07-17T12:53:00+00:00,2965.1,2965.9,2965.0,2965.5,44
2026-07-17T12:54:00+00:00,2965.1,2965.6,2965.0,2965.2,19
2026-07-17T12:55:00+00:00,2965.4,2966.0,2964.7,2966.0,39
2026-07-17T12:56:00+00:00,2966.0,2966.5,2965.7,2965.7,52
2026-07-17T12:57:00+00:00,2965.7,2965.9,2965.1,2965.2,22
2026-07-17T12:58:00+00:00,2965.5,2965.7,2963.4,2963.8,36
2026-07-17T12:59:00+00:00,2963.9,2964.4,2963.8,2964.4,28
2026-07-17T13:00:00+00:00,2964.4,2964.5,2962.1,2962.2,132
2026-07-17T13:01:00+00:00,2962.3,2962.3,2959.5,2960.6,247
2026-07-17T13:02:00+00:00,2960.7,2961.4,2960.1,2961.3,54
2026-07-17T13:03:00+00:00,2961.4,2961.6,2960.1,2960.2,63
2026-07-17T13:04:00+00:00,2960.2,2960.2,2958.3,2959.2,128
2026-07-17T13:05:00+00:00,2959.1,2959.4,2958.1,2959.1,46
2026-07-17T13:06:00+00:00,2959.2,2959.5,2958.2,2958.3,71
2026-07-17T13:07:00+00:00,2958.2,2958.3,2957.0,2957.3,120
2026-07-17T13:08:00+00:00,2957.3,2958.3,2957.3,2958.1,92
2026-07-17T13:09:00+00:00,2957.7,2958.8,2957.7,2958.5,77
2026-07-17T13:10:00+00:00,2958.5,2958.7,2957.6,2958.6,38
2026-07-17T13:11:00+00:00,2958.6,2959.5,2958.1,2958.3,117
2026-07-17T13:12:00+00:00,2958.2,2958.5,2957.2,2957.2,100
2026-07-17T13:13:00+00:00,2957.3,2957.7,2956.7,2957.6,82
2026-07-17T13:14:00+00:00,2957.6,2957.7,2957.2,2957.2,68
2026-07-17T13:15:00+00:00,2957.0,2959.0,2957.0,2958.4,257
2026-07-17T13:16:00+00:00,2958.6,2959.6,2958.5,2958.9,92
2026-07-17T13:17:00+00:00,2958.8,2958.8,2957.3,2957.6,111
2026-07-17T13:18:00+00:00,2957.9,2959.6,2957.9,2958.9,60
2026-07-17T13:19:00+00:00,2959.3,2959.3,2957.8,2958.1,84
2026-07-17T13:20:00+00:00,2957.8,2958.8,2956.8,2958.8,121
2026-07-17T13:21:00+00:00,2958.8,2958.8,2957.1,2957.3,82
2026-07-17T13:22:00+00:00,2957.2,2957.5,2955.3,2955.3,174
2026-07-17T13:23:00+00:00,2955.2,2956.4,2954.6,2955.0,137
2026-07-17T13:24:00+00:00,2955.1,2955.1,2954.1,2954.6,88
2026-07-17T13:25:00+00:00,2954.5,2956.8,2953.2,2956.6,589
2026-07-17T13:26:00+00:00,2956.6,2957.8,2956.6,2957.1,102
2026-07-17T13:27:00+00:00,2956.9,2959.4,2956.5,2959.4,344
2026-07-17T13:28:00+00:00,2959.2,2960.1,2958.1,2958.8,497
2026-07-17T13:29:00+00:00,2958.7,2958.7,2952.9,2953.2,613
2026-07-17T13:30:00+00:00,2953.0,2955.3,2949.3,2952.6,2711
2026-07-17T13:31:00+00:00,2952.5,2955.4,2949.8,2955.3,1112
2026-07-17T13:32:00+00:00,2955.4,2959.0,2955.3,2956.2,774
2026-07-17T13:33:00+00:00,2956.1,2958.3,2954.2,2954.5,510
2026-07-17T13:34:00+00:00,2954.7,2955.2,2953.2,2953.6,645
2026-07-17T13:35:00+00:00,2953.4,2956.9,2953.4,2955.0,546
2026-07-17T13:36:00+00:00,2955.1,2958.6,2954.9,2957.5,549
2026-07-17T13:37:00+00:00,2957.6,2961.0,2957.6,2960.7,586
2026-07-17T13:38:00+00:00,2960.5,2962.0,2958.1,2958.4,458
2026-07-17T13:39:00+00:00,2958.6,2961.7,2957.1,2960.0,592
2026-07-17T13:40:00+00:00,2959.8,2969.5,2959.0,2967.0,1259
2026-07-17T13:41:00+00:00,2967.0,2974.6,2965.8,2974.2,1379
2026-07-17T13:42:00+00:00,2974.1,2975.4,2970.2,2973.3,968
2026-07-17T13:43:00+00:00,2973.4,2974.8,2971.1,2972.8,475
2026-07-17T13:44:00+00:00,2972.8,2972.9,2968.2,2969.9,727
2026-07-17T13:45:00+00:00,2970.0,2974.2,2967.7,2972.5,957
2026-07-17T13:46:00+00:00,2972.7,2975.2,2970.8,2971.0,540
2026-07-17T13:47:00+00:00,2971.2,2975.2,2970.2,2975.2,491
2026-07-17T13:48:00+00:00,2975.0,2977.3,2973.8,2975.2,836
2026-07-17T13:49:00+00:00,2975.7,2978.6,2974.2,2978.2,495
2026-07-17T13:50:00+00:00,2978.0,2981.9,2978.0,2981.5,790
2026-07-17T13:51:00+00:00,2981.7,2982.9,2979.4,2980.5,619
2026-07-17T13:52:00+00:00,2980.3,2982.8,2979.9,2980.7,418
2026-07-17T13:53:00+00:00,2980.6,2981.4,2979.6,2981.1,407
2026-07-17T13:54:00+00:00,2980.8,2981.3,2977.5,2977.8,493
2026-07-17T13:55:00+00:00,2977.5,2982.1,2976.3,2980.9,612
2026-07-17T13:56:00+00:00,2981.0,2981.8,2979.4,2980.4,371
2026-07-17T13:57:00+00:00,2980.5,2981.5,2979.0,2980.2,331
2026-07-17T13:58:00+00:00,2980.3,2982.1,2980.2,2981.7,280
2026-07-17T13:59:00+00:00,2981.5,2981.5,2979.0,2979.7,258
2026-07-17T14:00:00+00:00,2980.3,2981.8,2977.2,2980.8,778
2026-07-17T14:01:00+00:00,2980.7,2981.9,2978.7,2979.2,381
2026-07-17T14:02:00+00:00,2978.9,2981.9,2978.8,2980.2,528
2026-07-17T14:03:00+00:00,2980.2,2983.9,2979.0,2982.9,536
2026-07-17T14:04:00+00:00,2982.7,2984.8,2982.5,2983.4,459
2026-07-17T14:05:00+00:00,2983.4,2987.3,2983.3,2984.7,564
2026-07-17T14:06:00+00:00,2984.5,2989.8,2984.1,2988.8,508
2026-07-17T14:07:00+00:00,2988.9,2989.9,2986.3,2987.9,364
2026-07-17T14:08:00+00:00,2987.8,2991.2,2987.7,2989.3,515
2026-07-17T14:09:00+00:00,2989.4,2991.9,2988.4,2991.6,341
2026-07-17T14:10:00+00:00,2991.6,2994.8,2991.2,2992.4,543
2026-07-17T14:11:00+00:00,2992.6,2993.0,2990.5,2991.7,394
2026-07-17T14:12:00+00:00,2991.8,2992.2,2990.0,2991.2,397
2026-07-17T14:13:00+00:00,2991.3,2992.0,2989.3,2989.3,273
2026-07-17T14:14:00+00:00,2989.3,2989.5,2987.2,2987.9,452
2026-07-17T14:15:00+00:00,2987.9,2992.2,2987.2,2991.5,527
2026-07-17T14:16:00+00:00,2991.7,2992.7,2990.4,2991.6,313
2026-07-17T14:17:00+00:00,2991.5,2993.5,2990.2,2990.4,327
2026-07-17T14:18:00+00:00,2990.3,2991.9,2989.4,2991.0,280
2026-07-17T14:19:00+00:00,2991.1,2991.7,2988.9,2989.0,255
2026-07-17T14:20:00+00:00,2988.9,2990.9,2987.1,2987.2,284
2026-07-17T14:21:00+00:00,2987.2,2991.0,2986.9,2990.4,294
2026-07-17T14:22:00+00:00,2990.6,2991.9,2989.1,2990.5,235
2026-07-17T14:23:00+00:00,2990.3,2990.6,2988.8,2989.2,104
2026-07-17T14:24:00+00:00,2989.3,2990.9,2989.1,2990.1,104
2026-07-17T14:25:00+00:00,2990.1,2992.9,2990.1,2991.2,183
2026-07-17T14:26:00+00:00,2991.0,2991.0,2988.8,2990.0,270
2026-07-17T14:27:00+00:00,2990.1,2991.5,2989.1,2989.2,118
2026-07-17T14:28:00+00:00,2988.9,2989.7,2987.2,2987.8,250
2026-07-17T14:29:00+00:00,2987.7,2988.2,2986.6,2987.2,210
2026-07-17T14:30:00+00:00,2987.4,2987.8,2985.8,2986.9,374
2026-07-17T14:31:00+00:00,2986.8,2988.1,2985.3,2985.8,266
2026-07-17T14:32:00+00:00,2985.5,2987.1,2984.4,2984.5,261
2026-07-17T14:33:00+00:00,2984.4,2987.5,2983.5,2985.9,333
2026-07-17T14:34:00+00:00,2985.9,2988.4,2984.8,2984.9,279
2026-07-17T14:35:00+00:00,2984.8,2988.9,2984.7,2988.6,360
2026-07-17T14:36:00+00:00,2988.5,2989.8,2987.5,2988.2,191
2026-07-17T14:37:00+00:00,2988.1,2989.7,2987.0,2988.8,172
2026-07-17T14:38:00+00:00,2988.9,2991.0,2988.5,2989.5,204
2026-07-17T14:39:00+00:00,2989.5,2990.1,2987.8,2988.6,260
2026-07-17T14:40:00+00:00,2988.3,2989.2,2986.4,2986.5,216
2026-07-17T14:41:00+00:00,2986.5,2987.5,2985.7,2986.0,218
2026-07-17T14:42:00+00:00,2986.0,2986.6,2984.5,2985.1,239
2026-07-17T14:43:00+00:00,2985.2,2985.2,2983.4,2983.4,286
2026-07-17T14:44:00+00:00,2983.3,2984.5,2983.0,2983.2,164
2026-07-17T14:45:00+00:00,2983.2,2984.0,2982.3,2982.3,360
2026-07-17T14:46:00+00:00,2982.2,2983.6,2979.9,2983.6,556
2026-07-17T14:47:00+00:00,2983.4,2985.7,2982.8,2984.3,275
2026-07-17T14:48:00+00:00,2984.8,2985.0,2981.3,2981.5,198
2026-07-17T14:49:00+00:00,2981.5,2982.2,2980.8,2980.8,163
2026-07-17T14:50:00+00:00,2980.7,2982.8,2980.1,2982.1,194
2026-07-17T14:51:00+00:00,2982.0,2982.2,2980.1,2980.2,151
2026-07-17T14:52:00+00:00,2980.1,2985.0,2980.0,2982.6,720
2026-07-17T14:53:00+00:00,2982.4,2982.7,2980.8,2982.2,216
2026-07-17T14:54:00+00:00,2982.2,2982.7,2980.5,2981.3,159
2026-07-17T14:55:00+00:00,2981.0,2982.9,2980.3,2982.9,337
2026-07-17T14:56:00+00:00,2982.9,2983.3,2979.5,2980.3,353
2026-07-17T14:57:00+00:00,2980.5,2981.9,2980.2,2980.3,94
2026-07-17T14:58:00+00:00,2980.0,2980.3,2977.6,2978.4,389
2026-07-17T14:59:00+00:00,2978.6,2979.4,2978.4,2978.8,137
2026-07-17T15:00:00+00:00,2978.8,2979.7,2977.3,2977.5,201
2026-07-17T15:01:00+00:00,2977.6,2978.4,2976.1,2977.1,380
2026-07-17T15:02:00+00:00,2976.9,2979.9,2976.7,2979.5,168
2026-07-17T15:03:00+00:00,2979.4,2979.5,2977.3,2977.3,150
2026-07-17T15:04:00+00:00,2977.3,2978.2,2976.2,2977.5,154
2026-07-17T15:05:00+00:00,2977.4,2979.9,2977.4,2977.5,339
2026-07-17T15:06:00+00:00,2977.3,2977.4,2975.2,2976.6,379
2026-07-17T15:07:00+00:00,2976.6,2977.8,2972.5,2975.9,782
2026-07-17T15:08:00+00:00,2976.0,2978.2,2976.0,2977.4,286
2026-07-17T15:09:00+00:00,2977.2,2978.0,2975.2,2975.9,178
2026-07-17T15:10:00+00:00,2975.7,2977.3,2973.4,2973.7,434
2026-07-17T15:11:00+00:00,2973.7,2974.4,2972.5,2972.7,230
2026-07-17T15:12:00+00:00,2972.8,2973.8,2971.1,2971.7,428
2026-07-17T15:13:00+00:00,2971.7,2973.5,2971.3,2971.4,155
2026-07-17T15:14:00+00:00,2971.1,2972.3,2970.5,2971.9,337
2026-07-17T15:15:00+00:00,2971.9,2972.4,2969.9,2969.9,244
2026-07-17T15:16:00+00:00,2970.0,2971.3,2968.7,2970.0,408
2026-07-17T15:17:00+00:00,2970.1,2970.6,2968.9,2969.5,125
2026-07-17T15:18:00+00:00,2969.5,2971.4,2969.0,2971.0,220
2026-07-17T15:19:00+00:00,2971.0,2971.9,2970.1,2970.3,301
2026-07-17T15:20:00+00:00,2970.3,2970.7,2968.1,2969.9,414
2026-07-17T15:21:00+00:00,2969.9,2971.0,2968.9,2970.3,219
2026-07-17T15:22:00+00:00,2970.3,2970.8,2968.5,2968.7,180
2026-07-17T15:23:00+00:00,2968.8,2970.3,2967.3,2968.2,418
2026-07-17T15:24:00+00:00,2968.1,2968.8,2967.6,2968.8,122
2026-07-17T15:25:00+00:00,2968.9,2970.5,2968.2,2970.0,333
2026-07-17T15:26:00+00:00,2970.3,2973.0,2970.0,2972.8,427
2026-07-17T15:27:00+00:00,2973.0,2973.6,2972.0,2972.7,314
2026-07-17T15:28:00+00:00,2972.7,2974.2,2972.5,2973.2,205
2026-07-17T15:29:00+00:00,2973.4,2974.9,2973.0,2973.7,194
2026-07-17T15:30:00+00:00,2973.8,2975.4,2973.0,2974.0,415
2026-07-17T15:31:00+00:00,2973.8,2974.1,2971.4,2971.7,243
2026-07-17T15:32:00+00:00,2971.4,2972.0,2967.3,2971.6,1216
2026-07-17T15:33:00+00:00,2971.9,2972.5,2969.7,2969.8,204
2026-07-17T15:34:00+00:00,2969.7,2970.4,2967.9,2968.4,208
2026-07-17T15:35:00+00:00,2968.6,2968.8,2966.8,2968.0,351
2026-07-17T15:36:00+00:00,2968.0,2970.5,2967.8,2968.4,157
2026-07-17T15:37:00+00:00,2968.3,2970.2,2968.3,2969.1,147
2026-07-17T15:38:00+00:00,2969.1,2972.3,2968.4,2972.1,179
2026-07-17T15:39:00+00:00,2972.4,2973.0,2971.7,2972.5,159
2026-07-17T15:40:00+00:00,2972.8,2975.2,2972.8,2974.1,344
2026-07-17T15:41:00+00:00,2974.2,2974.2,2971.1,2971.7,205
2026-07-17T15:42:00+00:00,2971.4,2972.3,2970.0,2971.1,173
2026-07-17T15:43:00+00:00,2971.3,2971.3,2968.9,2969.5,127
2026-07-17T15:44:00+00:00,2969.5,2972.0,2968.7,2972.0,137
2026-07-17T15:45:00+00:00,2971.9,2972.4,2968.2,2968.6,477
2026-07-17T15:46:00+00:00,2968.4,2970.0,2968.3,2970.0,122
2026-07-17T15:47:00+00:00,2969.8,2970.4,2969.4,2969.5,76
2026-07-17T15:48:00+00:00,2969.3,2969.8,2967.8,2968.1,179
2026-07-17T15:49:00+00:00,2968.1,2969.9,2968.1,2969.8,116
2026-07-17T15:50:00+00:00,2969.8,2970.2,2968.8,2969.0,152
2026-07-17T15:51:00+00:00,2969.2,2970.5,2969.0,2969.7,91
2026-07-17T15:52:00+00:00,2969.7,2971.0,2969.5,2970.9,89
2026-07-17T15:53:00+00:00,2970.7,2971.9,2970.7,2971.0,90
2026-07-17T15:54:00+00:00,2971.2,2973.9,2971.1,2973.8,169
2026-07-17T15:55:00+00:00,2973.8,2976.2,2973.7,2976.1,321
2026-07-17T15:56:00+00:00,2976.3,2976.9,2975.5,2976.2,191
2026-07-17T15:57:00+00:00,2976.0,2976.6,2975.3,2975.4,173
2026-07-17T15:58:00+00:00,2975.3,2976.6,2975.3,2976.3,108
2026-07-17T15:59:00+00:00,2976.8,2977.8,2976.6,2976.7,237
2026-07-17T16:00:00+00:00,2976.7,2979.5,2976.3,2979.2,245
2026-07-17T16:01:00+00:00,2979.1,2979.9,2973.2,2974.3,1671
2026-07-17T16:02:00+00:00,2974.4,2976.1,2972.0,2973.3,593
2026-07-17T16:03:00+00:00,2973.2,2974.6,2971.2,2973.9,397
2026-07-17T16:04:00+00:00,2973.0,2974.6,2972.6,2974.6,149
2026-07-17T16:05:00+00:00,2974.6,2975.3,2972.9,2974.2,248
2026-07-17T16:06:00+00:00,2974.2,2975.8,2974.1,2975.8,172
2026-07-17T16:07:00+00:00,2975.7,2976.8,2974.0,2975.2,224
2026-07-17T16:08:00+00:00,2975.2,2976.7,2974.6,2976.2,107
2026-07-17T16:09:00+00:00,2976.1,2979.6,2976.1,2979.3,319
2026-07-17T16:10:00+00:00,2979.3,2979.7,2978.0,2978.8,232
2026-07-17T16:11:00+00:00,2978.6,2979.6,2977.1,2977.1,150
2026-07-17T16:12:00+00:00,2977.0,2978.4,2976.4,2976.4,229
2026-07-17T16:13:00+00:00,2976.8,2977.9,2976.3,2977.7,127
2026-07-17T16:14:00+00:00,2977.4,2979.0,2977.2,2978.9,101
2026-07-17T16:15:00+00:00,2979.1,2979.7,2978.6,2978.9,237
2026-07-17T16:16:00+00:00,2978.8,2979.3,2977.8,2978.4,113
2026-07-17T16:17:00+00:00,2978.7,2981.7,2978.7,2979.8,433
2026-07-17T16:18:00+00:00,2979.5,2980.7,2979.3,2979.6,78
2026-07-17T16:19:00+00:00,2979.7,2981.0,2979.6,2980.8,91
2026-07-17T16:20:00+00:00,2980.6,2981.0,2978.6,2978.6,120
2026-07-17T16:21:00+00:00,2978.6,2979.1,2975.8,2976.3,263
2026-07-17T16:22:00+00:00,2976.4,2977.7,2975.3,2975.3,168
2026-07-17T16:23:00+00:00,2975.3,2975.4,2974.0,2974.7,215
2026-07-17T16:24:00+00:00,2974.3,2975.3,2973.2,2973.3,124
2026-07-17T16:25:00+00:00,2973.1,2974.4,2972.4,2974.1,105
2026-07-17T16:26:00+00:00,2973.9,2975.1,2972.8,2975.0,125
2026-07-17T16:27:00+00:00,2974.9,2977.5,2974.9,2976.6,200
2026-07-17T16:28:00+00:00,2976.5,2977.2,2976.2,2976.3,83
2026-07-17T16:29:00+00:00,2976.0,2976.6,2975.4,2975.5,81
2026-07-17T16:30:00+00:00,2975.5,2977.0,2974.2,2974.2,102
2026-07-17T16:31:00+00:00,2974.4,2975.4,2974.3,2974.7,109
2026-07-17T16:32:00+00:00,2975.0,2975.5,2973.9,2975.3,56
2026-07-17T16:33:00+00:00,2975.6,2975.7,2973.9,2974.9,94
2026-07-17T16:34:00+00:00,2974.6,2974.8,2973.7,2974.0,76
2026-07-17T16:35:00+00:00,2973.8,2975.5,2973.7,2974.3,79
2026-07-17T16:36:00+00:00,2974.8,2975.6,2974.2,2975.6,52
2026-07-17T16:37:00+00:00,2975.8,2976.3,2973.9,2974.0,83
2026-07-17T16:38:00+00:00,2974.0,2974.3,2972.9,2974.2,108
2026-07-17T16:39:00+00:00,2974.1,2975.1,2973.3,2973.7,70
2026-07-17T16:40:00+00:00,2973.8,2974.5,2972.8,2973.1,74
2026-07-17T16:41:00+00:00,2973.3,2974.3,2972.6,2974.3,77
2026-07-17T16:42:00+00:00,2974.5,2976.0,2974.4,2975.7,100
2026-07-17T16:43:00+00:00,2975.6,2976.7,2975.6,2975.9,146
2026-07-17T16:44:00+00:00,2976.2,2978.0,2975.5,2978.0,112
2026-07-17T16:45:00+00:00,2978.0,2978.5,2977.6,2977.7,158
2026-07-17T16:46:00+00:00,2977.8,2978.1,2977.4,2977.6,51
2026-07-17T16:47:00+00:00,2977.7,2979.6,2977.6,2979.6,132
2026-07-17T16:48:00+00:00,2979.7,2981.1,2979.5,2980.4,284
2026-07-17T16:49:00+00:00,2980.3,2981.1,2980.0,2980.8,118
2026-07-17T16:50:00+00:00,2981.1,2982.3,2980.2,2980.9,156
2026-07-17T16:51:00+00:00,2981.0,2983.5,2980.9,2982.8,278
2026-07-17T16:52:00+00:00,2982.9,2983.3,2980.9,2981.5,140
2026-07-17T16:53:00+00:00,2981.3,2981.6,2979.7,2979.7,117
2026-07-17T16:54:00+00:00,2979.9,2981.0,2979.3,2980.8,134
2026-07-17T16:55:00+00:00,2980.9,2981.0,2980.0,2980.5,73
2026-07-17T16:56:00+00:00,2980.6,2980.8,2978.9,2980.4,177
2026-07-17T16:57:00+00:00,2980.3,2980.8,2979.5,2980.6,102
2026-07-17T16:58:00+00:00,2980.2,2981.5,2980.0,2981.2,129
2026-07-17T16:59:00+00:00,2981.2,2981.7,2980.9,2981.3,71
2026-07-17T17:00:00+00:00,2981.5,2983.7,2980.6,2983.6,248
2026-07-17T17:01:00+00:00,2983.5,2985.0,2983.4,2984.0,285
2026-07-17T17:02:00+00:00,2984.0,2984.3,2982.5,2983.6,167
2026-07-17T17:03:00+00:00,2983.7,2984.2,2982.8,2983.4,66
2026-07-17T17:04:00+00:00,2983.3,2983.4,2982.2,2983.1,146
2026-07-17T17:05:00+00:00,2982.9,2983.5,2982.7,2983.5,56
2026-07-17T17:06:00+00:00,2983.5,2985.6,2983.5,2985.6,113
2026-07-17T17:07:00+00:00,2985.6,2985.9,2984.3,2984.5,141
2026-07-17T17:08:00+00:00,2984.6,2985.2,2984.0,2984.9,86
2026-07-17T17:09:00+00:00,2985.1,2985.5,2984.8,2985.3,41
2026-07-17T17:10:00+00:00,2985.4,2986.0,2984.6,2985.9,70
2026-07-17T17:11:00+00:00,2985.9,2986.7,2985.1,2985.5,134
2026-07-17T17:12:00+00:00,2985.4,2985.8,2983.7,2984.1,168
2026-07-17T17:13:00+00:00,2984.0,2984.5,2983.5,2984.0,153
2026-07-17T17:14:00+00:00,2984.0,2984.4,2983.3,2983.4,101
2026-07-17T17:15:00+00:00,2983.2,2984.3,2982.5,2984.2,126
2026-07-17T17:16:00+00:00,2984.0,2985.7,2983.9,2985.7,123
2026-07-17T17:17:00+00:00,2985.7,2986.5,2985.0,2985.5,166
2026-07-17T17:18:00+00:00,2985.5,2986.0,2984.5,2984.8,75
2026-07-17T17:19:00+00:00,2984.7,2985.0,2983.0,2983.3,160
2026-07-17T17:20:00+00:00,2983.3,2983.7,2982.9,2983.7,130
2026-07-17T17:21:00+00:00,2983.7,2984.1,2983.3,2984.1,57
2026-07-17T17:22:00+00:00,2984.2,2985.7,2984.0,2985.5,98
2026-07-17T17:23:00+00:00,2985.6,2985.6,2984.6,2984.9,51
2026-07-17T17:24:00+00:00,2985.0,2985.2,2984.4,2985.2,51
2026-07-17T17:25:00+00:00,2985.6,2986.4,2985.3,2986.2,106
2026-07-17T17:26:00+00:00,2986.3,2987.1,2986.3,2987.1,115
2026-07-17T17:27:00+00:00,2987.0,2987.1,2986.3,2986.9,61
2026-07-17T17:28:00+00:00,2987.0,2987.7,2986.8,2987.0,130
2026-07-17T17:29:00+00:00,2986.9,2987.6,2986.6,2986.9,61
2026-07-17T17:30:00+00:00,2986.9,2987.5,2986.4,2987.4,85
2026-07-17T17:31:00+00:00,2987.3,2987.3,2986.7,2987.0,43
2026-07-17T17:32:00+00:00,2986.8,2987.3,2986.5,2986.6,47
2026-07-17T17:33:00+00:00,2986.8,2987.2,2986.6,2986.8,44
2026-07-17T17:34:00+00:00,2986.9,2986.9,2986.0,2986.1,59
2026-07-17T17:35:00+00:00,2986.3,2986.6,2985.0,2985.2,91
2026-07-17T17:36:00+00:00,2985.2,2985.8,2984.1,2984.8,144
2026-07-17T17:37:00+00:00,2984.7,2985.6,2984.7,2985.1,99
2026-07-17T17:38:00+00:00,2985.2,2985.5,2984.3,2984.5,109
2026-07-17T17:39:00+00:00,2984.4,2984.9,2984.3,2984.4,98
2026-07-17T17:40:00+00:00,2984.2,2984.4,2982.4,2982.9,189
2026-07-17T17:41:00+00:00,2982.9,2983.4,2982.0,2983.4,137
2026-07-17T17:42:00+00:00,2983.4,2984.1,2982.8,2983.0,76
2026-07-17T17:43:00+00:00,2982.8,2983.0,2981.8,2982.3,102
2026-07-17T17:44:00+00:00,2982.2,2982.2,2981.6,2982.2,95
2026-07-17T17:45:00+00:00,2982.2,2983.6,2981.7,2983.6,102
2026-07-17T17:46:00+00:00,2983.5,2983.5,2982.3,2982.6,66
2026-07-17T17:47:00+00:00,2982.7,2983.2,2982.2,2983.0,64
2026-07-17T17:48:00+00:00,2983.2,2984.0,2983.1,2983.2,76
2026-07-17T17:50:00+00:00,2983.1,2983.1,2980.6,2980.8,106
2026-07-17T17:51:00+00:00,2980.8,2980.9,2979.5,2979.8,152
2026-07-17T17:52:00+00:00,2979.6,2980.4,2979.2,2979.5,117
2026-07-17T17:53:00+00:00,2979.4,2979.5,2978.6,2978.8,210
2026-07-17T17:54:00+00:00,2979.0,2980.4,2978.5,2978.6,91
2026-07-17T17:55:00+00:00,2978.6,2979.0,2977.5,2977.7,162
2026-07-17T17:56:00+00:00,2977.5,2977.7,2975.6,2975.8,251
2026-07-17T17:57:00+00:00,2975.8,2977.2,2975.0,2976.4,241
2026-07-17T17:58:00+00:00,2976.5,2976.5,2975.1,2976.0,102
2026-07-17T17:59:00+00:00,2976.2,2976.4,2975.6,2975.6,99
2026-07-17T18:00:00+00:00,2975.6,2976.2,2974.2,2974.4,261
2026-07-17T18:01:00+00:00,2974.6,2976.0,2974.4,2974.7,66
2026-07-17T18:02:00+00:00,2975.0,2976.1,2974.9,2976.1,91
2026-07-17T18:03:00+00:00,2975.9,2977.4,2975.7,2977.1,168
2026-07-17T18:04:00+00:00,2977.2,2977.4,2974.7,2974.8,140
2026-07-17T18:05:00+00:00,2974.6,2974.6,2973.4,2973.9,123
2026-07-17T18:06:00+00:00,2973.9,2974.0,2972.4,2973.4,183
2026-07-17T18:07:00+00:00,2973.3,2975.1,2973.1,2974.8,72
2026-07-17T18:08:00+00:00,2974.8,2975.4,2974.2,2975.1,61
2026-07-17T18:09:00+00:00,2975.3,2975.5,2974.3,2974.6,63
2026-07-17T18:10:00+00:00,2974.8,2975.5,2974.1,2974.2,73
2026-07-17T18:11:00+00:00,2974.2,2974.3,2973.3,2974.3,55
2026-07-17T18:12:00+00:00,2973.9,2974.0,2972.7,2972.9,149
2026-07-17T18:13:00+00:00,2972.8,2973.5,2972.7,2972.9,66
2026-07-17T18:14:00+00:00,2973.2,2973.4,2972.3,2972.5,88
2026-07-17T18:15:00+00:00,2972.5,2973.6,2970.8,2970.9,244
2026-07-17T18:16:00+00:00,2970.7,2971.1,2970.1,2970.1,185
2026-07-17T18:17:00+00:00,2970.5,2970.9,2969.7,2970.0,276
2026-07-17T18:18:00+00:00,2970.2,2970.9,2969.6,2969.6,186
2026-07-17T18:19:00+00:00,2969.8,2970.3,2969.1,2970.1,120
2026-07-17T18:20:00+00:00,2970.2,2970.6,2968.5,2969.9,390
2026-07-17T18:21:00+00:00,2970.2,2971.1,2969.6,2970.4,121
2026-07-17T18:22:00+00:00,2970.8,2972.0,2970.5,2971.0,188
2026-07-17T18:23:00+00:00,2970.7,2972.8,2970.5,2972.4,171
2026-07-17T18:24:00+00:00,2972.5,2973.2,2971.0,2971.5,189
2026-07-17T18:25:00+00:00,2971.1,2971.2,2969.7,2970.1,83
2026-07-17T18:26:00+00:00,2970.2,2970.7,2970.0,2970.0,80
2026-07-17T18:27:00+00:00,2970.0,2970.3,2969.2,2969.2,49
2026-07-17T18:28:00+00:00,2969.4,2970.4,2968.7,2970.3,133
2026-07-17T18:29:00+00:00,2970.6,2970.8,2969.8,2970.0,89
2026-07-17T18:30:00+00:00,2969.9,2973.4,2969.4,2972.5,255
2026-07-17T18:31:00+00:00,2972.7,2973.0,2970.9,2970.9,88
2026-07-17T18:32:00+00:00,2970.8,2971.5,2969.7,2969.9,80
2026-07-17T18:33:00+00:00,2970.0,2970.7,2968.2,2968.2,106
2026-07-17T18:34:00+00:00,2968.2,2969.4,2967.8,2969.2,96
2026-07-17T18:35:00+00:00,2969.3,2969.4,2968.3,2968.8,52
2026-07-17T18:36:00+00:00,2969.1,2970.6,2969.1,2969.6,108
2026-07-17T18:37:00+00:00,2969.5,2970.0,2969.0,2969.6,48
2026-07-17T18:38:00+00:00,2969.8,2970.9,2969.2,2970.5,147
2026-07-17T18:39:00+00:00,2970.7,2970.7,2969.6,2969.9,46
2026-07-17T18:40:00+00:00,2970.1,2970.3,2968.3,2968.4,116
2026-07-17T18:41:00+00:00,2968.4,2969.1,2968.2,2968.5,119
2026-07-17T18:42:00+00:00,2968.4,2968.8,2966.9,2967.0,174
2026-07-17T18:43:00+00:00,2967.1,2967.7,2966.7,2966.9,96
2026-07-17T18:44:00+00:00,2967.0,2968.1,2966.8,2967.7,90
2026-07-17T18:45:00+00:00,2967.5,2969.0,2967.0,2968.5,129
2026-07-17T18:46:00+00:00,2968.4,2969.1,2967.4,2969.1,113
2026-07-17T18:47:00+00:00,2969.3,2970.4,2968.4,2970.2,87
2026-07-17T18:48:00+00:00,2970.4,2972.1,2969.9,2971.9,339
2026-07-17T18:49:00+00:00,2971.6,2972.4,2970.2,2970.3,136
2026-07-17T18:50:00+00:00,2970.3,2971.2,2969.4,2970.7,79
2026-07-17T18:51:00+00:00,2970.8,2971.7,2970.6,2970.7,52
2026-07-17T18:52:00+00:00,2970.2,2970.6,2969.9,2970.2,85
2026-07-17T18:53:00+00:00,2970.5,2971.6,2970.3,2971.1,73
2026-07-17T18:54:00+00:00,2971.0,2972.4,2970.5,2972.4,73
2026-07-17T18:55:00+00:00,2972.4,2973.3,2972.1,2972.2,106
2026-07-17T18:56:00+00:00,2972.2,2972.5,2971.8,2971.9,63
2026-07-17T18:57:00+00:00,2972.1,2973.0,2971.0,2972.9,63
2026-07-17T18:58:00+00:00,2972.6,2973.2,2972.6,2973.2,49
2026-07-17T18:59:00+00:00,2973.0,2973.5,2970.9,2971.1,181
2026-07-17T19:00:00+00:00,2971.1,2971.5,2969.1,2969.3,145
2026-07-17T19:01:00+00:00,2969.4,2969.8,2968.3,2969.3,122
2026-07-17T19:02:00+00:00,2969.2,2969.7,2968.8,2968.9,183
2026-07-17T19:03:00+00:00,2968.8,2969.5,2968.4,2969.5,332
2026-07-17T19:04:00+00:00,2969.5,2969.9,2968.9,2969.0,375
2026-07-17T19:05:00+00:00,2969.4,2969.6,2967.4,2967.7,217
2026-07-17T19:06:00+00:00,2967.5,2968.8,2967.3,2967.9,116
2026-07-17T19:07:00+00:00,2967.8,2967.9,2966.8,2966.9,102
2026-07-17T19:08:00+00:00,2966.9,2967.1,2965.6,2965.8,186
2026-07-17T19:09:00+00:00,2965.6,2966.6,2965.4,2966.0,71
2026-07-17T19:10:00+00:00,2965.9,2966.1,2964.8,2965.6,171
2026-07-17T19:11:00+00:00,2965.6,2965.9,2964.7,2965.8,108
2026-07-17T19:12:00+00:00,2966.0,2966.0,2964.8,2965.4,80
2026-07-17T19:13:00+00:00,2965.4,2965.5,2964.3,2964.4,103
2026-07-17T19:14:00+00:00,2964.5,2964.9,2963.8,2963.9,126
2026-07-17T19:15:00+00:00,2963.8,2964.7,2963.5,2964.2,170
2026-07-17T19:16:00+00:00,2964.3,2965.5,2964.1,2965.2,161
2026-07-17T19:17:00+00:00,2965.2,2966.1,2964.7,2965.8,120
2026-07-17T19:18:00+00:00,2965.8,2966.8,2965.2,2965.6,150
2026-07-17T19:19:00+00:00,2965.5,2967.2,2965.5,2966.5,86
2026-07-17T19:20:00+00:00,2966.3,2966.4,2965.1,2965.9,78
2026-07-17T19:21:00+00:00,2965.9,2965.9,2965.1,2965.4,49
2026-07-17T19:22:00+00:00,2965.3,2965.5,2964.7,2964.9,62
2026-07-17T19:23:00+00:00,2965.0,2965.7,2964.6,2964.6,30
2026-07-17T19:24:00+00:00,2964.4,2964.5,2962.9,2962.9,137
2026-07-17T19:25:00+00:00,2962.9,2963.0,2962.1,2962.6,164
2026-07-17T19:26:00+00:00,2962.6,2964.6,2962.6,2964.5,111
2026-07-17T19:27:00+00:00,2964.4,2966.4,2964.2,2966.0,113
2026-07-17T19:28:00+00:00,2966.3,2968.0,2966.2,2967.7,151
2026-07-17T19:29:00+00:00,2967.8,2968.0,2966.3,2966.9,89
2026-07-17T19:30:00+00:00,2967.0,2969.9,2967.0,2967.8,477
2026-07-17T19:31:00+00:00,2967.4,2968.3,2966.8,2968.2,135
2026-07-17T19:32:00+00:00,2968.0,2968.0,2966.0,2966.6,80
2026-07-17T19:33:00+00:00,2966.0,2966.9,2965.9,2966.9,63
2026-07-17T19:34:00+00:00,2967.4,2967.9,2966.2,2967.2,56
2026-07-17T19:35:00+00:00,2966.9,2967.5,2966.6,2967.3,41
2026-07-17T19:36:00+00:00,2967.4,2968.8,2967.0,2968.6,52
2026-07-17T19:37:00+00:00,2968.8,2970.7,2968.5,2969.3,146
2026-07-17T19:38:00+00:00,2969.5,2969.5,2968.3,2968.3,111
2026-07-17T19:39:00+00:00,2968.2,2968.5,2967.2,2968.1,128
2026-07-17T19:40:00+00:00,2968.1,2969.6,2967.2,2968.7,89
2026-07-17T19:41:00+00:00,2968.7,2970.9,2968.4,2970.8,161
2026-07-17T19:42:00+00:00,2970.7,2971.0,2969.2,2970.5,201
2026-07-17T19:43:00+00:00,2970.5,2971.1,2970.2,2970.4,65
2026-07-17T19:44:00+00:00,2970.8,2971.3,2970.4,2971.2,79
2026-07-17T19:45:00+00:00,2971.1,2973.5,2971.0,2972.5,268
2026-07-17T19:46:00+00:00,2972.3,2972.9,2971.5,2972.1,117
2026-07-17T19:47:00+00:00,2972.5,2973.7,2972.4,2973.4,135
2026-07-17T19:48:00+00:00,2973.4,2974.3,2973.3,2973.7,132
2026-07-17T19:49:00+00:00,2973.8,2974.4,2973.6,2973.9,109
2026-07-17T19:50:00+00:00,2973.8,2974.9,2972.8,2972.9,433
2026-07-17T19:51:00+00:00,2973.0,2975.0,2972.4,2974.6,267
2026-07-17T19:52:00+00:00,2974.6,2974.7,2972.6,2973.2,182
2026-07-17T19:53:00+00:00,2973.0,2973.2,2972.1,2972.4,190
2026-07-17T19:54:00+00:00,2972.3,2974.3,2971.9,2974.2,385
2026-07-17T19:55:00+00:00,2974.1,2974.5,2972.5,2973.0,338
2026-07-17T19:56:00+00:00,2973.2,2976.0,2973.2,2975.8,313
2026-07-17T19:57:00+00:00,2975.9,2976.4,2975.0,2975.2,228
2026-07-17T19:58:00+00:00,2975.2,2975.6,2974.7,2975.0,280
2026-07-17T19:59:00+00:00,2974.9,2974.9,2972.4,2973.7,1392
2026-07-17T20:00:00+00:00,2973.8,2973.8,2970.3,2971.0,609
2026-07-17T20:01:00+00:00,2970.9,2972.4,2970.7,2971.5,264
2026-07-17T20:02:00+00:00,2971.4,2972.1,2970.0,2970.9,184
2026-07-17T20:03:00+00:00,2971.0,2971.2,2969.7,2969.7,90
2026-07-17T20:04:00+00:00,2969.5,2970.4,2969.3,2970.3,55
2026-07-17T20:05:00+00:00,2970.2,2971.4,2970.0,2971.1,94
2026-07-17T20:06:00+00:00,2971.1,2971.6,2970.9,2970.9,69
2026-07-17T20:07:00+00:00,2971.2,2971.2,2970.3,2971.0,15
2026-07-17T20:08:00+00:00,2970.5,2971.4,2970.4,2971.1,53
2026-07-17T20:09:00+00:00,2971.1,2971.2,2970.5,2970.8,24
2026-07-17T20:10:00+00:00,2970.5,2970.5,2969.0,2969.6,65
2026-07-17T20:11:00+00:00,2969.4,2969.9,2969.3,2969.9,21
2026-07-17T20:12:00+00:00,2969.8,2970.1,2968.8,2969.3,64
2026-07-17T20:13:00+00:00,2969.3,2969.8,2969.0,2969.3,47
2026-07-17T20:14:00+00:00,2969.4,2969.9,2969.4,2969.5,61
2026-07-17T20:15:00+00:00,2969.2,2969.2,2968.2,2968.2,76
2026-07-17T20:16:00+00:00,2968.2,2968.9,2968.2,2968.5,34
2026-07-17T20:17:00+00:00,2968.4,2968.9,2968.0,2968.9,68
2026-07-17T20:18:00+00:00,2969.0,2969.1,2967.8,2968.5,131
2026-07-17T20:19:00+00:00,2968.8,2969.1,2968.6,2969.1,23
2026-07-17T20:20:00+00:00,2968.9,2969.1,2968.8,2969.0,15
2026-07-17T20:21:00+00:00,2969.2,2969.6,2969.2,2969.2,16
2026-07-17T20:22:00+00:00,2969.0,2969.7,2969.0,2969.5,33
2026-07-17T20:23:00+00:00,2969.2,2969.4,2968.9,2969.3,18
2026-07-17T20:24:00+00:00,2969.2,2969.2,2969.1,2969.1,11
2026-07-17T20:25:00+00:00,2969.7,2970.1,2969.7,2970.1,17
2026-07-17T20:26:00+00:00,2970.3,2970.3,2969.2,2969.3,23
2026-07-17T20:27:00+00:00,2970.4,2970.8,2970.4,2970.8,33
2026-07-17T20:28:00+00:00,2970.8,2970.8,2970.4,2970.8,18
2026-07-17T20:29:00+00:00,2971.0,2971.0,2970.4,2970.5,27
2026-07-17T20:30:00+00:00,2970.4,2971.2,2970.4,2971.0,46
2026-07-17T20:31:00+00:00,2970.7,2971.4,2970.6,2971.1,33
2026-07-17T20:32:00+00:00,2971.2,2971.2,2970.4,2970.5,25
2026-07-17T20:33:00+00:00,2970.6,2971.4,2970.6,2971.4,30
2026-07-17T20:34:00+00:00,2971.3,2972.0,2971.3,2971.8,26
2026-07-17T20:35:00+00:00,2971.7,2972.0,2971.2,2971.9,36
2026-07-17T20:36:00+00:00,2971.5,2971.7,2971.5,2971.5,18
2026-07-17T20:37:00+00:00,2972.3,2973.3,2972.3,2972.8,52
2026-07-17T20:38:00+00:00,2973.0,2973.5,2972.6,2973.5,61
2026-07-17T20:39:00+00:00,2973.5,2973.8,2972.2,2972.3,41
2026-07-17T20:40:00+00:00,2972.6,2973.1,2972.4,2972.9,27
2026-07-17T20:41:00+00:00,2973.0,2973.3,2972.6,2973.2,14
2026-07-17T20:42:00+00:00,2973.0,2973.0,2972.8,2972.8,7
2026-07-17T20:43:00+00:00,2972.9,2973.0,2972.5,2972.5,15
2026-07-17T20:44:00+00:00,2972.6,2972.8,2972.3,2972.7,21
2026-07-17T20:45:00+00:00,2973.0,2973.2,2972.3,2972.3,19
2026-07-17T20:46:00+00:00,2972.2,2972.6,2972.2,2972.6,19
2026-07-17T20:47:00+00:00,2972.7,2972.9,2972.5,2972.9,21
2026-07-17T20:48:00+00:00,2972.8,2972.8,2972.3,2972.6,38
2026-07-17T20:49:00+00:00,2972.5,2972.8,2972.3,2972.8,15
2026-07-17T20:50:00+00:00,2972.7,2973.7,2972.7,2973.3,23
2026-07-17T20:51:00+00:00,2973.3,2973.6,2973.3,2973.4,8
2026-07-17T20:52:00+00:00,2973.1,2973.4,2972.3,2973.0,60
2026-07-17T20:53:00+00:00,2972.4,2972.9,2972.4,2972.9,14
2026-07-17T20:54:00+00:00,2972.6,2972.8,2972.1,2972.8,28
2026-07-17T20:55:00+00:00,2972.9,2973.0,2971.6,2971.6,32
2026-07-17T20:56:00+00:00,2971.4,2972.4,2971.4,2971.8,38
2026-07-17T20:57:00+00:00,2971.8,2972.6,2971.8,2972.2,44
2026-07-17T20:58:00+00:00,2972.3,2972.3,2971.1,2971.1,25
2026-07-17T20:59:00+00:00,2971.0,2971.8,2970.8,2970.8,58
2026-07-19T22:00:00+00:00,2964.6,2969.6,2962.2,2968.6,204
2026-07-19T22:01:00+00:00,2969.5,2970.3,2968.8,2969.7,51
2026-07-19T22:02:00+00:00,2970.3,2970.5,2965.8,2967.0,89
2026-07-19T22:03:00+00:00,2967.4,2969.0,2966.0,2966.2,37
2026-07-19T22:04:00+00:00,2966.4,2966.6,2964.5,2965.9,107
2026-07-19T22:05:00+00:00,2966.2,2966.5,2964.6,2964.9,58
2026-07-19T22:06:00+00:00,2964.9,2964.9,2961.1,2961.2,146
2026-07-19T22:07:00+00:00,2961.4,2962.6,2961.0,2962.4,62
2026-07-19T22:08:00+00:00,2962.5,2964.2,2961.7,2963.2,59
2026-07-19T22:09:00+00:00,2963.8,2965.3,2963.8,2965.3,69
2026-07-19T22:10:00+00:00,2965.0,2965.3,2962.5,2962.8,57
2026-07-19T22:11:00+00:00,2962.5,2964.2,2962.5,2963.9,38
2026-07-19T22:12:00+00:00,2963.9,2964.4,2963.4,2964.4,29
2026-07-19T22:13:00+00:00,2964.3,2964.3,2962.8,2963.1,21
2026-07-19T22:14:00+00:00,2962.9,2964.0,2962.8,2962.8,32
2026-07-19T22:15:00+00:00,2963.3,2964.7,2962.9,2964.4,30
2026-07-19T22:16:00+00:00,2964.4,2965.8,2964.3,2964.3,30
2026-07-19T22:17:00+00:00,2964.3,2965.0,2964.3,2964.6,26
2026-07-19T22:18:00+00:00,2964.7,2965.4,2964.5,2964.5,29
2026-07-19T22:19:00+00:00,2964.9,2966.2,2964.9,2965.7,30
2026-07-19T22:20:00+00:00,2965.8,2967.8,2965.8,2967.8,85
2026-07-19T22:21:00+00:00,2968.0,2968.2,2967.8,2967.9,23
2026-07-19T22:22:00+00:00,2967.9,2968.0,2967.3,2967.5,22
2026-07-19T22:23:00+00:00,2967.3,2967.5,2966.8,2967.1,14
2026-07-19T22:24:00+00:00,2967.0,2967.0,2965.9,2966.0,16
2026-07-19T22:25:00+00:00,2965.5,2965.7,2965.4,2965.4,15
2026-07-19T22:26:00+00:00,2965.2,2965.4,2963.9,2964.1,19
2026-07-19T22:27:00+00:00,2964.0,2964.6,2963.5,2963.6,31
2026-07-19T22:28:00+00:00,2964.4,2964.8,2964.4,2964.8,16
2026-07-19T22:29:00+00:00,2964.7,2964.8,2963.9,2963.9,27
2026-07-19T22:30:00+00:00,2963.4,2963.8,2963.2,2963.8,30
2026-07-19T22:31:00+00:00,2964.4,2965.0,2964.4,2964.8,12
2026-07-19T22:32:00+00:00,2964.9,2966.2,2964.6,2966.2,18
2026-07-19T22:33:00+00:00,2967.0,2968.8,2967.0,2968.8,42
2026-07-19T22:34:00+00:00,2968.9,2969.3,2968.4,2969.1,19
2026-07-19T22:35:00+00:00,2969.1,2969.9,2968.9,2968.9,43
2026-07-19T22:36:00+00:00,2969.0,2969.3,2969.0,2969.1,24
2026-07-19T22:37:00+00:00,2969.1,2969.1,2967.4,2967.4,19
2026-07-19T22:38:00+00:00,2967.8,2968.6,2967.7,2968.6,8
2026-07-19T22:39:00+00:00,2968.2,2968.6,2968.1,2968.3,15
2026-07-19T22:40:00+00:00,2968.2,2969.1,2968.2,2969.1,7
2026-07-19T22:41:00+00:00,2969.3,2970.7,2969.3,2970.7,64
2026-07-19T22:42:00+00:00,2970.5,2970.9,2970.3,2970.8,34
2026-07-19T22:43:00+00:00,2970.7,2971.9,2970.3,2971.8,35
2026-07-19T22:44:00+00:00,2971.8,2971.8,2971.3,2971.5,14
2026-07-19T22:45:00+00:00,2971.0,2971.4,2970.8,2970.9,20
2026-07-19T22:46:00+00:00,2971.2,2971.8,2970.5,2971.1,25
2026-07-19T22:47:00+00:00,2970.6,2971.2,2970.4,2970.4,22
2026-07-19T22:48:00+00:00,2970.1,2970.5,2970.1,2970.2,16
2026-07-19T22:49:00+00:00,2970.3,2970.9,2970.3,2970.9,16
2026-07-19T22:50:00+00:00,2971.0,2971.0,2969.8,2969.8,12
2026-07-19T22:51:00+00:00,2969.8,2970.3,2969.7,2970.2,38
2026-07-19T22:52:00+00:00,2969.5,2969.7,2969.4,2969.4,4
2026-07-19T22:53:00+00:00,2969.3,2969.7,2969.3,2969.4,10
2026-07-19T22:54:00+00:00,2969.7,2969.8,2969.3,2969.5,10
2026-07-19T22:55:00+00:00,2969.5,2970.0,2969.5,2970.0,7
2026-07-19T22:56:00+00:00,2969.6,2969.6,2969.2,2969.2,12
2026-07-19T22:57:00+00:00,2969.5,2969.7,2969.1,2969.1,23
2026-07-19T22:58:00+00:00,2969.2,2969.3,2968.5,2968.7,27
2026-07-19T22:59:00+00:00,2969.0,2969.1,2969.0,2969.1,5
2026-07-19T23:00:00+00:00,2969.5,2969.5,2968.6,2969.0,13
2026-07-19T23:01:00+00:00,2969.1,2969.1,2968.5,2968.6,11
2026-07-19T23:02:00+00:00,2968.4,2968.5,2968.1,2968.2,17
2026-07-19T23:03:00+00:00,2967.8,2967.8,2967.2,2967.2,35
2026-07-19T23:04:00+00:00,2967.4,2968.6,2967.4,2968.3,12
2026-07-19T23:05:00+00:00,2968.5,2968.5,2967.8,2967.8,11
2026-07-19T23:06:00+00:00,2968.6,2968.9,2968.0,2968.0,12
2026-07-19T23:08:00+00:00,2968.9,2968.9,2968.5,2968.8,3
2026-07-19T23:09:00+00:00,2968.7,2968.9,2968.6,2968.9,5
2026-07-19T23:10:00+00:00,2968.8,2968.9,2967.8,2968.2,20
2026-07-19T23:11:00+00:00,2968.1,2968.7,2967.6,2968.6,18
2026-07-19T23:12:00+00:00,2968.4,2968.5,2968.2,2968.2,9
2026-07-19T23:13:00+00:00,2968.3,2969.3,2968.3,2968.3,14
2026-07-19T23:14:00+00:00,2968.0,2968.7,2967.8,2968.7,9
2026-07-19T23:15:00+00:00,2968.1,2968.3,2968.1,2968.1,28
2026-07-19T23:16:00+00:00,2967.7,2967.7,2967.3,2967.3,4
2026-07-19T23:17:00+00:00,2967.3,2967.3,2966.6,2967.0,34
2026-07-19T23:18:00+00:00,2967.1,2967.8,2967.1,2967.4,28
2026-07-19T23:19:00+00:00,2967.6,2967.6,2967.2,2967.4,9
2026-07-19T23:20:00+00:00,2967.5,2967.5,2966.9,2966.9,6
2026-07-19T23:21:00+00:00,2966.4,2966.4,2965.9,2966.1,11
2026-07-19T23:22:00+00:00,2966.3,2967.1,2966.3,2967.1,14
2026-07-19T23:23:00+00:00,2967.1,2968.0,2966.8,2967.8,28
2026-07-19T23:24:00+00:00,2968.0,2968.0,2967.8,2967.8,8
2026-07-19T23:25:00+00:00,2968.2,2969.8,2968.2,2969.3,49
2026-07-19T23:26:00+00:00,2968.8,2968.8,2966.7,2966.8,27
2026-07-19T23:27:00+00:00,2966.9,2967.1,2966.4,2966.8,15
2026-07-19T23:28:00+00:00,2967.1,2967.1,2966.6,2966.6,8
2026-07-19T23:29:00+00:00,2966.8,2967.5,2966.8,2967.3,22
2026-07-19T23:30:00+00:00,2966.9,2966.9,2966.2,2966.3,11
2026-07-19T23:31:00+00:00,2966.8,2967.3,2966.8,2967.2,6
2026-07-19T23:32:00+00:00,2967.0,2967.4,2967.0,2967.4,34
2026-07-19T23:33:00+00:00,2967.4,2967.7,2967.4,2967.7,7
2026-07-19T23:34:00+00:00,2968.0,2969.2,2967.1,2969.0,70
2026-07-19T23:35:00+00:00,2969.3,2970.5,2969.1,2969.8,32
2026-07-19T23:36:00+00:00,2969.6,2970.2,2969.4,2969.8,55
2026-07-19T23:37:00+00:00,2969.8,2970.2,2968.7,2970.2,54
2026-07-19T23:38:00+00:00,2970.3,2970.7,2970.2,2970.7,15
2026-07-19T23:39:00+00:00,2970.4,2970.5,2969.9,2969.9,40
2026-07-19T23:40:00+00:00,2969.4,2970.1,2969.3,2970.1,30
2026-07-19T23:41:00+00:00,2969.9,2970.3,2969.6,2969.6,13
2026-07-19T23:42:00+00:00,2969.7,2970.9,2969.5,2970.9,25
2026-07-19T23:43:00+00:00,2970.7,2971.4,2970.5,2970.5,37
2026-07-19T23:44:00+00:00,2970.6,2971.2,2970.6,2970.9,20
2026-07-19T23:45:00+00:00,2970.9,2970.9,2967.5,2968.6,72
2026-07-19T23:46:00+00:00,2968.5,2968.7,2967.1,2967.6,131
2026-07-19T23:47:00+00:00,2967.2,2968.1,2967.2,2967.6,36
2026-07-19T23:48:00+00:00,2968.2,2969.4,2968.2,2969.0,24
2026-07-19T23:49:00+00:00,2968.8,2968.8,2967.8,2967.8,18
2026-07-19T23:50:00+00:00,2968.1,2969.2,2968.1,2969.0,36
2026-07-19T23:51:00+00:00,2968.9,2971.2,2968.9,2971.2,33
2026-07-19T23:52:00+00:00,2970.9,2971.3,2970.9,2971.1,18
2026-07-19T23:53:00+00:00,2971.2,2971.3,2970.9,2971.3,12
2026-07-19T23:54:00+00:00,2971.1,2971.3,2970.3,2970.5,43
2026-07-19T23:55:00+00:00,2970.6,2971.2,2970.3,2971.0,32
2026-07-19T23:56:00+00:00,2971.3,2971.6,2971.1,2971.6,48
2026-07-19T23:57:00+00:00,2971.4,2971.7,2971.4,2971.7,15
2026-07-19T23:58:00+00:00,2971.6,2972.4,2971.5,2971.9,62
2026-07-19T23:59:00+00:00,2972.0,2972.4,2971.5,2971.9,23
2026-07-20T00:00:00+00:00,2972.1,2972.7,2968.1,2969.6,147
2026-07-20T00:01:00+00:00,2969.1,2969.1,2967.5,2967.5,57
2026-07-20T00:02:00+00:00,2967.7,2969.9,2967.5,2969.7,52
2026-07-20T00:03:00+00:00,2969.6,2969.7,2969.0,2969.7,26
2026-07-20T00:04:00+00:00,2970.0,2971.1,2970.0,2971.1,19
2026-07-20T00:05:00+00:00,2971.2,2972.5,2971.2,2972.2,91
2026-07-20T00:06:00+00:00,2972.0,2974.1,2972.0,2973.0,116
2026-07-20T00:07:00+00:00,2973.0,2975.0,2972.9,2973.0,62
2026-07-20T00:08:00+00:00,2972.8,2975.1,2972.8,2975.0,53
2026-07-20T00:09:00+00:00,2974.9,2975.2,2973.9,2973.9,42
2026-07-20T00:10:00+00:00,2973.8,2974.7,2973.4,2974.4,41
2026-07-20T00:11:00+00:00,2974.3,2976.1,2974.3,2975.2,51
2026-07-20T00:12:00+00:00,2975.1,2975.4,2974.6,2974.8,31
2026-07-20T00:13:00+00:00,2975.1,2975.3,2974.8,2975.2,37
2026-07-20T00:14:00+00:00,2975.1,2975.3,2974.0,2974.0,23
2026-07-20T00:15:00+00:00,2973.8,2975.3,2973.8,2974.8,52
2026-07-20T00:16:00+00:00,2975.0,2975.9,2974.9,2975.3,29
2026-07-20T00:17:00+00:00,2975.0,2975.9,2974.9,2975.2,33
2026-07-20T00:18:00+00:00,2975.2,2975.8,2975.0,2975.8,45
2026-07-20T00:19:00+00:00,2975.8,2976.7,2975.8,2976.2,64
2026-07-20T00:20:00+00:00,2976.0,2976.1,2975.2,2976.0,57
2026-07-20T00:21:00+00:00,2975.9,2977.5,2975.8,2975.8,119
2026-07-20T00:22:00+00:00,2975.7,2975.9,2975.1,2975.2,39
2026-07-20T00:23:00+00:00,2975.6,2976.6,2975.4,2976.6,52
2026-07-20T00:24:00+00:00,2976.7,2976.7,2975.5,2976.4,28
2026-07-20T00:25:00+00:00,2975.5,2975.6,2974.8,2974.8,12
2026-07-20T00:26:00+00:00,2975.2,2976.5,2975.1,2976.2,27
2026-07-20T00:27:00+00:00,2976.6,2976.6,2975.7,2976.2,31
2026-07-20T00:28:00+00:00,2976.2,2976.4,2976.1,2976.1,7
2026-07-20T00:29:00+00:00,2976.6,2976.6,2975.5,2976.0,23
2026-07-20T00:30:00+00:00,2976.0,2976.2,2974.4,2974.7,59
2026-07-20T00:31:00+00:00,2974.5,2975.1,2974.5,2974.7,35
2026-07-20T00:32:00+00:00,2975.1,2975.1,2973.8,2974.0,60
2026-07-20T00:33:00+00:00,2973.9,2974.0,2973.2,2973.6,40
2026-07-20T00:34:00+00:00,2973.6,2974.2,2972.5,2972.5,46
2026-07-20T00:35:00+00:00,2972.6,2973.5,2972.4,2973.5,47
2026-07-20T00:36:00+00:00,2973.7,2975.0,2973.1,2974.5,38
2026-07-20T00:37:00+00:00,2974.8,2975.2,2974.6,2974.6,29
2026-07-20T00:38:00+00:00,2974.6,2974.8,2974.2,2974.8,19
2026-07-20T00:39:00+00:00,2974.8,2974.9,2972.9,2973.2,63
2026-07-20T00:40:00+00:00,2973.3,2973.6,2972.9,2973.5,9
2026-07-20T00:41:00+00:00,2973.6,2975.3,2973.4,2975.0,31
2026-07-20T00:42:00+00:00,2975.3,2976.1,2975.0,2975.6,34
2026-07-20T00:43:00+00:00,2975.4,2975.4,2973.8,2973.9,19
2026-07-20T00:44:00+00:00,2974.1,2974.1,2973.5,2973.5,11
2026-07-20T00:45:00+00:00,2973.5,2973.5,2972.5,2973.4,75
2026-07-20T00:46:00+00:00,2973.4,2974.8,2973.3,2974.7,59
2026-07-20T00:47:00+00:00,2974.6,2974.7,2973.8,2973.9,13
2026-07-20T00:48:00+00:00,2973.4,2973.8,2973.4,2973.8,8
2026-07-20T00:49:00+00:00,2974.0,2974.3,2974.0,2974.1,4
2026-07-20T00:50:00+00:00,2974.2,2974.2,2973.8,2973.8,6
2026-07-20T00:51:00+00:00,2973.7,2975.0,2973.7,2975.0,12
2026-07-20T00:52:00+00:00,2974.9,2974.9,2973.5,2973.5,18
2026-07-20T00:53:00+00:00,2973.7,2974.2,2973.7,2973.9,8
2026-07-20T00:54:00+00:00,2973.7,2973.8,2973.7,2973.8,6
2026-07-20T00:55:00+00:00,2973.5,2974.8,2973.5,2974.6,8
2026-07-20T00:56:00+00:00,2975.0,2975.0,2974.5,2974.6,17
2026-07-20T00:57:00+00:00,2974.7,2974.7,2973.8,2973.9,17
2026-07-20T00:58:00+00:00,2974.3,2974.3,2973.7,2973.7,6
2026-07-20T00:59:00+00:00,2974.0,2974.0,2973.6,2974.0,19
2026-07-20T01:00:00+00:00,2974.1,2975.6,2974.1,2975.6,38
2026-07-20T01:01:00+00:00,2975.5,2976.2,2975.5,2975.7,36
2026-07-20T01:02:00+00:00,2975.4,2975.7,2974.9,2975.1,33
2026-07-20T01:03:00+00:00,2974.8,2975.2,2974.5,2974.6,35
2026-07-20T01:04:00+00:00,2974.6,2975.1,2974.2,2975.1,33
2026-07-20T01:05:00+00:00,2974.8,2976.0,2974.8,2976.0,35
2026-07-20T01:06:00+00:00,2976.4,2976.7,2975.5,2976.7,29
2026-07-20T01:07:00+00:00,2976.8,2977.7,2976.3,2976.5,56
2026-07-20T01:08:00+00:00,2976.4,2976.9,2976.2,2976.4,17
2026-07-20T01:09:00+00:00,2976.7,2977.4,2976.7,2977.2,12
2026-07-20T01:10:00+00:00,2977.2,2978.1,2977.1,2977.1,55
2026-07-20T01:11:00+00:00,2977.8,2977.9,2975.5,2975.7,38
2026-07-20T01:12:00+00:00,2975.5,2975.7,2974.6,2975.0,51
2026-07-20T01:13:00+00:00,2974.8,2974.8,2974.4,2974.4,9
2026-07-20T01:14:00+00:00,2974.4,2974.5,2973.4,2973.4,32
2026-07-20T01:15:00+00:00,2974.0,2974.0,2973.3,2974.0,7
2026-07-20T01:16:00+00:00,2974.0,2974.6,2974.0,2974.6,17
2026-07-20T01:17:00+00:00,2974.8,2974.8,2974.6,2974.7,5
2026-07-20T01:18:00+00:00,2974.0,2974.1,2973.5,2974.1,21
2026-07-20T01:19:00+00:00,2974.1,2974.1,2973.3,2973.6,15
2026-07-20T01:20:00+00:00,2973.6,2973.6,2972.8,2973.5,52
2026-07-20T01:21:00+00:00,2974.2,2975.0,2973.8,2974.1,25
2026-07-20T01:22:00+00:00,2974.8,2975.7,2974.8,2975.1,26
2026-07-20T01:23:00+00:00,2975.1,2976.6,2975.1,2975.6,36
2026-07-20T01:24:00+00:00,2976.1,2976.5,2976.0,2976.5,8
2026-07-20T01:25:00+00:00,2975.4,2976.6,2975.3,2976.6,26
2026-07-20T01:26:00+00:00,2976.7,2976.8,2975.7,2976.8,18
2026-07-20T01:27:00+00:00,2976.3,2976.3,2974.9,2974.9,22
2026-07-20T01:28:00+00:00,2975.0,2975.0,2973.4,2973.4,32
2026-07-20T01:29:00+00:00,2973.4,2973.4,2972.2,2972.6,123
2026-07-20T01:30:00+00:00,2972.6,2972.6,2971.8,2972.3,85
2026-07-20T01:31:00+00:00,2972.0,2973.0,2972.0,2972.6,32
2026-07-20T01:32:00+00:00,2972.5,2972.8,2972.1,2972.7,33
2026-07-20T01:33:00+00:00,2972.8,2973.0,2972.7,2972.8,10
2026-07-20T01:34:00+00:00,2972.3,2973.0,2972.0,2973.0,5
2026-07-20T01:35:00+00:00,2972.5,2972.8,2971.3,2971.6,56
2026-07-20T01:36:00+00:00,2971.8,2972.1,2971.2,2971.6,36
2026-07-20T01:37:00+00:00,2971.9,2972.3,2971.4,2971.4,43
2026-07-20T01:38:00+00:00,2971.9,2972.6,2971.8,2972.6,26
2026-07-20T01:39:00+00:00,2971.9,2972.4,2971.5,2972.2,5
2026-07-20T01:40:00+00:00,2971.9,2972.3,2971.7,2971.7,9
2026-07-20T01:41:00+00:00,2971.9,2972.3,2971.6,2971.6,19
2026-07-20T01:42:00+00:00,2971.5,2971.5,2969.3,2969.9,88
2026-07-20T01:43:00+00:00,2969.5,2969.6,2967.9,2968.7,87
2026-07-20T01:44:00+00:00,2968.5,2969.8,2968.4,2969.3,64
2026-07-20T01:45:00+00:00,2969.0,2969.5,2968.0,2969.0,185
2026-07-20T01:46:00+00:00,2969.1,2969.4,2968.7,2968.7,12
2026-07-20T01:47:00+00:00,2968.8,2968.9,2968.8,2968.9,4
2026-07-20T01:48:00+00:00,2969.1,2970.0,2969.1,2969.9,21
2026-07-20T01:49:00+00:00,2970.0,2970.8,2969.9,2970.3,20
2026-07-20T01:50:00+00:00,2970.4,2970.5,2969.6,2970.0,33
2026-07-20T01:51:00+00:00,2969.6,2969.6,2968.0,2968.0,60
2026-07-20T01:52:00+00:00,2968.0,2968.2,2967.5,2968.1,92
2026-07-20T01:53:00+00:00,2967.9,2967.9,2967.1,2967.1,29
2026-07-20T01:54:00+00:00,2967.2,2967.2,2966.6,2966.9,35
2026-07-20T01:55:00+00:00,2966.9,2967.5,2966.7,2967.0,27
2026-07-20T01:56:00+00:00,2967.1,2968.0,2966.8,2967.8,20
2026-07-20T01:57:00+00:00,2968.3,2969.0,2967.8,2968.8,44
2026-07-20T01:58:00+00:00,2968.8,2969.2,2968.7,2968.9,26
2026-07-20T01:59:00+00:00,2968.9,2969.9,2968.9,2969.0,40
2026-07-20T02:00:00+00:00,2969.2,2971.1,2968.5,2970.8,66
2026-07-20T02:01:00+00:00,2970.7,2972.3,2970.7,2972.2,57
2026-07-20T02:02:00+00:00,2972.0,2973.4,2972.0,2973.2,41
2026-07-20T02:03:00+00:00,2973.3,2973.3,2971.9,2971.9,21
2026-07-20T02:04:00+00:00,2971.6,2973.0,2971.6,2972.9,22
2026-07-20T02:05:00+00:00,2972.6,2973.4,2972.6,2973.1,26
2026-07-20T02:06:00+00:00,2973.0,2973.2,2973.0,2973.0,6
2026-07-20T02:07:00+00:00,2972.7,2972.7,2971.9,2972.3,38
2026-07-20T02:09:00+00:00,2972.8,2972.8,2972.4,2972.5,15
2026-07-20T02:10:00+00:00,2972.4,2972.4,2971.8,2971.8,15
2026-07-20T02:11:00+00:00,2971.5,2971.7,2971.0,2971.4,21
2026-07-20T02:12:00+00:00,2971.3,2971.6,2971.3,2971.3,10
2026-07-20T02:13:00+00:00,2971.1,2971.1,2970.1,2970.1,50
2026-07-20T02:14:00+00:00,2970.1,2970.5,2969.7,2970.2,82
2026-07-20T02:15:00+00:00,2970.4,2970.4,2968.8,2969.0,62
2026-07-20T02:16:00+00:00,2969.1,2970.0,2968.7,2970.0,17
2026-07-20T02:17:00+00:00,2969.7,2970.3,2969.3,2969.3,10
2026-07-20T02:18:00+00:00,2969.3,2969.3,2968.1,2968.4,45
2026-07-20T02:19:00+00:00,2968.4,2968.6,2967.8,2968.1,43
2026-07-20T02:20:00+00:00,2968.2,2968.3,2967.9,2968.1,20
2026-07-20T02:21:00+00:00,2967.6,2968.4,2967.5,2968.4,13
2026-07-20T02:22:00+00:00,2968.5,2968.6,2968.0,2968.1,12
2026-07-20T02:23:00+00:00,2967.8,2968.1,2967.7,2967.9,8
2026-07-20T02:24:00+00:00,2967.9,2968.3,2967.5,2967.8,55
2026-07-20T02:25:00+00:00,2967.9,2968.1,2967.4,2967.4,9
2026-07-20T02:26:00+00:00,2967.3,2967.5,2967.0,2967.3,22
2026-07-20T02:27:00+00:00,2967.5,2967.6,2967.5,2967.5,5
2026-07-20T02:28:00+00:00,2967.9,2968.1,2967.5,2967.6,7
2026-07-20T02:29:00+00:00,2967.5,2968.0,2967.1,2967.5,44
2026-07-20T02:30:00+00:00,2967.3,2969.2,2967.3,2969.2,51
2026-07-20T02:31:00+00:00,2969.4,2969.6,2969.0,2969.3,16
2026-07-20T02:32:00+00:00,2969.4,2970.8,2969.4,2970.7,34
2026-07-20T02:33:00+00:00,2970.4,2971.1,2970.0,2970.0,27
2026-07-20T02:34:00+00:00,2969.8,2970.4,2969.5,2970.3,12
2026-07-20T02:35:00+00:00,2970.7,2970.7,2969.8,2970.2,23
2026-07-20T02:36:00+00:00,2970.5,2971.4,2970.5,2970.8,20
2026-07-20T02:37:00+00:00,2971.0,2971.2,2970.5,2970.5,9
2026-07-20T02:38:00+00:00,2970.6,2970.7,2970.5,2970.5,4
2026-07-20T02:39:00+00:00,2970.5,2970.5,2970.4,2970.4,2
2026-07-20T02:40:00+00:00,2970.0,2970.7,2970.0,2970.6,12
2026-07-20T02:41:00+00:00,2970.0,2971.3,2969.9,2971.3,11
2026-07-20T02:42:00+00:00,2971.2,2972.7,2971.2,2972.2,15
2026-07-20T02:43:00+00:00,2972.1,2972.6,2972.1,2972.6,10
2026-07-20T02:44:00+00:00,2972.6,2972.7,2971.7,2971.7,11
2026-07-20T02:45:00+00:00,2971.9,2972.6,2971.6,2972.6,35
2026-07-20T02:46:00+00:00,2972.5,2972.8,2972.2,2972.2,7
2026-07-20T02:47:00+00:00,2972.0,2972.0,2971.5,2971.7,17
2026-07-20T02:48:00+00:00,2972.2,2972.6,2972.2,2972.6,7
2026-07-20T02:49:00+00:00,2972.9,2972.9,2972.5,2972.8,21
2026-07-20T02:50:00+00:00,2973.0,2973.2,2972.7,2972.8,23
2026-07-20T02:51:00+00:00,2972.6,2972.6,2972.3,2972.3,2
2026-07-20T02:52:00+00:00,2972.3,2972.3,2971.9,2972.0,14
2026-07-20T02:53:00+00:00,2972.0,2972.0,2971.9,2971.9,6
2026-07-20T02:54:00+00:00,2972.2,2972.3,2972.1,2972.1,14
2026-07-20T02:55:00+00:00,2972.1,2972.3,2971.5,2971.5,6
2026-07-20T02:56:00+00:00,2971.7,2972.7,2971.5,2972.7,15
2026-07-20T02:57:00+00:00,2972.2,2972.2,2971.6,2971.6,7
2026-07-20T02:58:00+00:00,2972.0,2972.1,2971.9,2971.9,3
2026-07-20T02:59:00+00:00,2971.9,2971.9,2971.9,2971.9,1
2026-07-20T03:00:00+00:00,2971.9,2972.1,2971.9,2972.1,14
2026-07-20T03:01:00+00:00,2972.4,2972.9,2972.4,2972.4,9
2026-07-20T03:02:00+00:00,2972.2,2972.2,2971.9,2971.9,6
2026-07-20T03:03:00+00:00,2971.4,2971.9,2971.4,2971.9,6
2026-07-20T03:05:00+00:00,2971.5,2971.5,2970.5,2970.5,32
2026-07-20T03:06:00+00:00,2970.4,2970.5,2969.9,2970.2,22
2026-07-20T03:07:00+00:00,2970.0,2970.1,2969.6,2970.0,8
2026-07-20T03:08:00+00:00,2970.2,2970.2,2970.0,2970.0,5
2026-07-20T03:09:00+00:00,2970.0,2970.6,2970.0,2970.3,11
2026-07-20T03:10:00+00:00,2970.4,2970.5,2970.3,2970.3,4
2026-07-20T03:11:00+00:00,2970.5,2970.5,2970.0,2970.0,14
2026-07-20T03:12:00+00:00,2969.8,2969.8,2969.6,2969.8,9
2026-07-20T03:14:00+00:00,2969.9,2970.2,2969.9,2970.2,14
2026-07-20T03:15:00+00:00,2969.8,2971.5,2969.8,2971.4,15
2026-07-20T03:16:00+00:00,2971.4,2971.4,2971.0,2971.2,4
2026-07-20T03:17:00+00:00,2971.5,2971.5,2971.5,2971.5,1
2026-07-20T03:18:00+00:00,2970.8,2971.1,2970.7,2971.1,5
2026-07-20T03:19:00+00:00,2971.1,2971.1,2970.9,2970.9,5
2026-07-20T03:20:00+00:00,2970.9,2971.1,2970.9,2971.1,2
2026-07-20T03:21:00+00:00,2970.7,2971.2,2970.7,2971.2,2
2026-07-20T03:22:00+00:00,2971.1,2971.1,2970.6,2970.7,4
2026-07-20T03:23:00+00:00,2970.8,2970.8,2970.4,2970.4,13
2026-07-20T03:24:00+00:00,2971.1,2972.0,2971.1,2971.9,8
2026-07-20T03:25:00+00:00,2971.6,2971.8,2971.3,2971.7,8
2026-07-20T03:26:00+00:00,2971.7,2971.7,2971.4,2971.4,4
2026-07-20T03:27:00+00:00,2970.4,2970.9,2970.3,2970.9,4
2026-07-20T03:28:00+00:00,2971.1,2971.1,2971.1,2971.1,1
2026-07-20T03:29:00+00:00,2971.1,2971.2,2970.8,2970.8,5
2026-07-20T03:31:00+00:00,2972.0,2972.2,2972.0,2972.2,3
2026-07-20T03:32:00+00:00,2971.7,2971.7,2971.0,2971.0,6
2026-07-20T03:33:00+00:00,2971.0,2971.9,2971.0,2971.6,22
2026-07-20T03:34:00+00:00,2971.4,2971.4,2971.4,2971.4,2
2026-07-20T03:35:00+00:00,2971.3,2971.3,2970.3,2970.3,10
2026-07-20T03:36:00+00:00,2970.5,2970.9,2970.4,2970.9,12
2026-07-20T03:37:00+00:00,2971.6,2972.3,2971.6,2972.3,5
2026-07-20T03:38:00+00:00,2972.2,2972.2,2971.9,2971.9,5
2026-07-20T03:39:00+00:00,2972.0,2972.0,2972.0,2972.0,1
2026-07-20T03:40:00+00:00,2972.0,2972.1,2971.6,2971.6,8
2026-07-20T03:41:00+00:00,2971.7,2971.7,2971.7,2971.7,1
2026-07-20T03:42:00+00:00,2972.4,2972.9,2972.4,2972.9,28
2026-07-20T03:43:00+00:00,2972.9,2972.9,2971.9,2972.5,49
2026-07-20T03:44:00+00:00,2972.4,2972.6,2972.4,2972.6,3
2026-07-20T03:45:00+00:00,2972.7,2972.7,2972.4,2972.4,2
2026-07-20T03:47:00+00:00,2972.3,2972.3,2971.9,2971.9,5
2026-07-20T03:49:00+00:00,2972.0,2972.0,2972.0,2972.0,1
2026-07-20T03:50:00+00:00,2972.3,2973.3,2972.3,2973.3,12
2026-07-20T03:51:00+00:00,2973.3,2973.4,2973.1,2973.3,9
2026-07-20T03:52:00+00:00,2973.5,2973.5,2973.3,2973.3,3
2026-07-20T03:53:00+00:00,2973.8,2974.0,2973.7,2973.8,9
2026-07-20T03:54:00+00:00,2973.5,2973.8,2973.4,2973.4,8
2026-07-20T03:55:00+00:00,2973.4,2973.7,2973.0,2973.0,18
2026-07-20T03:56:00+00:00,2972.6,2973.0,2972.3,2972.4,8
2026-07-20T03:57:00+00:00,2972.0,2972.0,2972.0,2972.0,8
2026-07-20T03:58:00+00:00,2971.6,2971.6,2971.0,2971.2,7
2026-07-20T03:59:00+00:00,2971.7,2971.8,2971.4,2971.4,7
2026-07-20T04:00:00+00:00,2972.1,2972.3,2971.9,2972.3,5
2026-07-20T04:01:00+00:00,2972.3,2972.9,2971.9,2972.5,40
2026-07-20T04:02:00+00:00,2972.3,2972.4,2972.0,2972.4,9
2026-07-20T04:03:00+00:00,2972.2,2972.5,2971.9,2971.9,16
2026-07-20T04:04:00+00:00,2972.3,2972.5,2972.1,2972.5,6
2026-07-20T04:05:00+00:00,2972.2,2972.3,2971.8,2971.8,4
2026-07-20T04:06:00+00:00,2972.0,2972.1,2971.8,2972.0,12
2026-07-20T04:07:00+00:00,2971.4,2971.4,2970.9,2971.1,28
2026-07-20T04:08:00+00:00,2971.3,2971.6,2971.3,2971.5,3
2026-07-20T04:09:00+00:00,2971.5,2971.5,2971.3,2971.3,2
2026-07-20T04:10:00+00:00,2971.4,2971.4,2971.2,2971.2,2
2026-07-20T04:11:00+00:00,2971.3,2972.1,2971.3,2972.1,8
2026-07-20T04:12:00+00:00,2971.8,2971.8,2971.3,2971.3,7
2026-07-20T04:13:00+00:00,2971.0,2971.2,2970.7,2970.8,23
2026-07-20T04:14:00+00:00,2970.3,2970.4,2969.9,2970.2,12
2026-07-20T04:15:00+00:00,2970.2,2970.2,2969.7,2970.0,30
2026-07-20T04:16:00+00:00,2969.8,2970.0,2969.8,2969.8,4
2026-07-20T04:17:00+00:00,2969.8,2969.9,2969.2,2969.2,20
2026-07-20T04:18:00+00:00,2969.8,2969.9,2969.7,2969.8,9
2026-07-20T04:19:00+00:00,2969.7,2970.2,2969.7,2970.2,12
2026-07-20T04:20:00+00:00,2970.0,2970.8,2970.0,2970.8,26
2026-07-20T04:21:00+00:00,2971.0,2971.3,2970.5,2970.5,16
2026-07-20T04:22:00+00:00,2970.6,2970.6,2970.3,2970.3,3
2026-07-20T04:25:00+00:00,2971.6,2972.0,2971.6,2971.7,8
2026-07-20T04:26:00+00:00,2971.8,2972.6,2971.8,2972.6,7
2026-07-20T04:27:00+00:00,2972.7,2973.3,2972.6,2973.2,17
2026-07-20T04:28:00+00:00,2973.5,2973.8,2973.3,2973.6,48
2026-07-20T04:29:00+00:00,2973.6,2974.1,2973.6,2974.1,32
2026-07-20T04:30:00+00:00,2973.7,2974.1,2973.4,2973.4,23
2026-07-20T04:31:00+00:00,2973.7,2974.0,2973.7,2973.8,6
2026-07-20T04:32:00+00:00,2974.2,2974.8,2974.2,2974.8,19
2026-07-20T04:33:00+00:00,2975.0,2975.3,2974.4,2974.4,59
2026-07-20T04:34:00+00:00,2974.7,2974.7,2974.7,2974.7,1
2026-07-20T04:35:00+00:00,2974.2,2974.5,2974.2,2974.5,6
2026-07-20T04:36:00+00:00,2974.5,2974.5,2973.8,2973.8,8
2026-07-20T04:37:00+00:00,2974.4,2974.4,2974.4,2974.4,2
2026-07-20T04:38:00+00:00,2974.5,2975.1,2974.5,2975.1,8
2026-07-20T04:39:00+00:00,2975.4,2975.8,2975.3,2975.4,12
2026-07-20T04:40:00+00:00,2975.5,2975.8,2975.4,2975.5,12
2026-07-20T04:41:00+00:00,2975.8,2976.2,2975.5,2975.5,33
2026-07-20T04:42:00+00:00,2976.0,2977.0,2976.0,2976.6,27
2026-07-20T04:43:00+00:00,2976.7,2976.7,2976.3,2976.3,32
2026-07-20T04:44:00+00:00,2976.4,2976.9,2976.4,2976.5,8
2026-07-20T04:45:00+00:00,2976.4,2976.6,2976.0,2976.4,8
2026-07-20T04:46:00+00:00,2976.4,2977.0,2976.4,2977.0,4
2026-07-20T04:47:00+00:00,2976.9,2977.2,2976.9,2977.1,6
2026-07-20T04:48:00+00:00,2977.1,2977.2,2977.0,2977.2,6
2026-07-20T04:49:00+00:00,2977.2,2977.2,2977.1,2977.1,9
2026-07-20T04:50:00+00:00,2977.3,2977.6,2976.7,2977.1,23
2026-07-20T04:51:00+00:00,2977.1,2977.9,2977.0,2977.9,28
2026-07-20T04:52:00+00:00,2977.8,2977.8,2977.1,2977.1,15
2026-07-20T04:53:00+00:00,2977.2,2977.2,2977.1,2977.1,2
2026-07-20T04:54:00+00:00,2976.5,2976.5,2976.1,2976.5,17
2026-07-20T04:55:00+00:00,2976.4,2976.7,2975.9,2975.9,7
2026-07-20T04:56:00+00:00,2975.7,2976.2,2975.6,2976.0,19
2026-07-20T04:57:00+00:00,2975.7,2975.7,2975.6,2975.6,8
2026-07-20T04:58:00+00:00,2975.5,2975.5,2974.9,2974.9,15
2026-07-20T04:59:00+00:00,2975.2,2975.3,2974.6,2975.2,21
2026-07-20T05:00:00+00:00,2975.5,2975.5,2974.9,2974.9,24
2026-07-20T05:01:00+00:00,2975.5,2975.5,2975.2,2975.2,8
2026-07-20T05:02:00+00:00,2974.8,2974.8,2974.6,2974.6,3
2026-07-20T05:03:00+00:00,2974.5,2974.7,2974.1,2974.7,97
2026-07-20T05:04:00+00:00,2974.7,2974.7,2974.5,2974.5,5
2026-07-20T05:05:00+00:00,2974.2,2974.2,2973.6,2973.6,13
2026-07-20T05:06:00+00:00,2973.6,2973.7,2973.3,2973.6,8
2026-07-20T05:07:00+00:00,2973.7,2973.7,2973.3,2973.3,16
2026-07-20T05:08:00+00:00,2973.2,2973.2,2972.9,2973.1,43
2026-07-20T05:09:00+00:00,2972.9,2972.9,2972.4,2972.5,16
2026-07-20T05:10:00+00:00,2972.8,2972.8,2971.6,2971.6,26
2026-07-20T05:11:00+00:00,2971.5,2971.8,2970.0,2970.5,126
2026-07-20T05:12:00+00:00,2970.5,2970.7,2969.8,2970.1,29
2026-07-20T05:13:00+00:00,2970.0,2971.8,2969.9,2971.6,29
2026-07-20T05:14:00+00:00,2971.8,2972.1,2971.8,2971.9,9
2026-07-20T05:15:00+00:00,2972.0,2972.2,2971.9,2972.1,13
2026-07-20T05:16:00+00:00,2971.9,2972.1,2971.9,2972.1,51
2026-07-20T05:17:00+00:00,2972.0,2972.2,2971.5,2971.5,47
2026-07-20T05:18:00+00:00,2971.3,2971.6,2971.0,2971.6,49
2026-07-20T05:19:00+00:00,2972.0,2972.4,2972.0,2972.4,14
2026-07-20T05:20:00+00:00,2972.4,2972.7,2971.8,2972.0,43
2026-07-20T05:21:00+00:00,2971.9,2972.3,2971.8,2971.8,9
2026-07-20T05:22:00+00:00,2971.7,2972.0,2971.6,2972.0,8
2026-07-20T05:23:00+00:00,2971.4,2971.4,2971.2,2971.2,7
2026-07-20T05:24:00+00:00,2971.4,2971.9,2971.2,2971.9,17
2026-07-20T05:25:00+00:00,2971.9,2971.9,2971.2,2971.2,3
2026-07-20T05:26:00+00:00,2971.9,2972.0,2971.9,2972.0,9
2026-07-20T05:27:00+00:00,2971.5,2972.1,2971.5,2972.1,15
2026-07-20T05:28:00+00:00,2972.2,2972.2,2971.8,2971.9,3
2026-07-20T05:29:00+00:00,2971.6,2971.7,2971.4,2971.7,17
2026-07-20T05:30:00+00:00,2971.1,2971.6,2971.0,2971.4,9
2026-07-20T05:31:00+00:00,2971.7,2971.9,2971.2,2971.8,12
2026-07-20T05:32:00+00:00,2971.4,2971.4,2971.4,2971.4,1
2026-07-20T05:33:00+00:00,2971.6,2971.9,2971.6,2971.9,2
2026-07-20T05:34:00+00:00,2971.2,2971.5,2970.8,2971.5,18
2026-07-20T05:35:00+00:00,2971.3,2971.6,2971.2,2971.3,16
2026-07-20T05:36:00+00:00,2971.9,2971.9,2971.2,2971.3,8
2026-07-20T05:37:00+00:00,2971.7,2972.1,2971.7,2972.0,6
2026-07-20T05:38:00+00:00,2971.7,2971.7,2971.7,2971.7,1
2026-07-20T05:39:00+00:00,2971.6,2971.6,2971.6,2971.6,1
2026-07-20T05:40:00+00:00,2971.4,2972.3,2971.3,2972.3,7
2026-07-20T05:41:00+00:00,2972.0,2972.2,2971.5,2971.5,7
2026-07-20T05:42:00+00:00,2971.2,2971.5,2970.8,2971.5,12
2026-07-20T05:43:00+00:00,2971.0,2971.6,2970.9,2971.5,10
2026-07-20T05:44:00+00:00,2971.0,2971.0,2970.8,2970.8,5
2026-07-20T05:45:00+00:00,2970.5,2970.5,2970.5,2970.5,2
2026-07-20T05:46:00+00:00,2970.2,2970.4,2970.0,2970.4,7
2026-07-20T05:47:00+00:00,2970.9,2971.0,2970.9,2970.9,4
2026-07-20T05:48:00+00:00,2971.1,2971.3,2970.4,2970.6,15
2026-07-20T05:49:00+00:00,2970.0,2970.2,2970.0,2970.1,8
2026-07-20T05:50:00+00:00,2970.4,2970.4,2969.6,2969.9,6
2026-07-20T05:51:00+00:00,2970.0,2970.0,2969.9,2970.0,12
2026-07-20T05:52:00+00:00,2969.9,2970.5,2969.6,2970.5,25
2026-07-20T05:53:00+00:00,2970.3,2970.3,2970.1,2970.2,12
2026-07-20T05:54:00+00:00,2970.1,2970.1,2969.9,2969.9,4
2026-07-20T05:55:00+00:00,2969.1,2969.3,2968.7,2969.3,51
2026-07-20T05:56:00+00:00,2969.4,2970.1,2969.4,2969.8,20
2026-07-20T05:57:00+00:00,2970.1,2970.2,2970.1,2970.2,11
2026-07-20T05:58:00+00:00,2970.3,2970.4,2970.3,2970.3,11
2026-07-20T05:59:00+00:00,2969.3,2969.3,2968.9,2969.3,15
2026-07-20T06:00:00+00:00,2969.7,2970.2,2969.7,2970.2,36
2026-07-20T06:01:00+00:00,2970.0,2970.9,2969.9,2970.8,41
2026-07-20T06:02:00+00:00,2970.5,2970.5,2969.7,2970.3,33
2026-07-20T06:03:00+00:00,2970.0,2970.5,2969.8,2970.0,12
2026-07-20T06:04:00+00:00,2970.1,2970.5,2970.1,2970.5,5
2026-07-20T06:05:00+00:00,2970.4,2970.4,2970.0,2970.0,4
2026-07-20T06:06:00+00:00,2970.2,2970.2,2969.8,2969.8,5
2026-07-20T06:07:00+00:00,2970.0,2970.2,2969.8,2970.2,4
2026-07-20T06:08:00+00:00,2970.1,2971.1,2970.1,2971.1,47
2026-07-20T06:09:00+00:00,2971.1,2971.5,2970.0,2970.0,41
2026-07-20T06:10:00+00:00,2969.4,2969.5,2968.7,2968.8,15
2026-07-20T06:11:00+00:00,2968.7,2969.0,2968.5,2968.5,10
2026-07-20T06:12:00+00:00,2968.5,2968.8,2968.4,2968.8,11
2026-07-20T06:13:00+00:00,2969.2,2969.2,2968.5,2968.5,11
2026-07-20T06:14:00+00:00,2968.5,2968.7,2968.5,2968.7,8
2026-07-20T06:15:00+00:00,2968.5,2968.9,2968.5,2968.9,19
2026-07-20T06:16:00+00:00,2969.4,2970.0,2969.3,2969.5,14
2026-07-20T06:17:00+00:00,2969.5,2969.8,2968.5,2968.5,54
2026-07-20T06:18:00+00:00,2968.7,2969.0,2968.3,2968.9,12
2026-07-20T06:19:00+00:00,2968.3,2968.9,2968.3,2968.9,32
2026-07-20T06:20:00+00:00,2969.3,2969.8,2969.2,2969.8,12
2026-07-20T06:21:00+00:00,2969.8,2969.8,2969.5,2969.5,7
2026-07-20T06:22:00+00:00,2969.0,2969.3,2968.9,2969.3,6
2026-07-20T06:23:00+00:00,2969.4,2970.0,2969.4,2969.8,10
2026-07-20T06:24:00+00:00,2969.7,2969.7,2968.2,2968.2,9
2026-07-20T06:25:00+00:00,2968.4,2968.7,2968.3,2968.7,9
2026-07-20T06:26:00+00:00,2968.6,2969.1,2968.6,2969.1,5
2026-07-20T06:27:00+00:00,2969.1,2969.1,2968.7,2968.8,9
2026-07-20T06:28:00+00:00,2968.8,2968.8,2968.8,2968.8,2
2026-07-20T06:29:00+00:00,2969.1,2969.2,2968.7,2968.7,11
2026-07-20T06:30:00+00:00,2968.9,2969.0,2968.4,2969.0,13
2026-07-20T06:31:00+00:00,2969.3,2969.3,2969.1,2969.1,6
2026-07-20T06:32:00+00:00,2968.6,2968.6,2967.5,2967.9,16
2026-07-20T06:33:00+00:00,2967.9,2968.5,2967.7,2967.8,15
2026-07-20T06:34:00+00:00,2967.9,2968.0,2967.6,2967.9,12
2026-07-20T06:35:00+00:00,2967.7,2967.8,2966.8,2966.9,55
2026-07-20T06:36:00+00:00,2966.9,2967.4,2966.9,2967.2,21
2026-07-20T06:37:00+00:00,2967.2,2967.6,2966.7,2967.1,32
2026-07-20T06:38:00+00:00,2967.1,2967.8,2967.1,2967.3,13
2026-07-20T06:39:00+00:00,2967.3,2967.5,2966.9,2967.5,6
2026-07-20T06:40:00+00:00,2967.4,2968.0,2967.4,2968.0,3
2026-07-20T06:41:00+00:00,2968.1,2970.3,2968.0,2970.3,253
2026-07-20T06:42:00+00:00,2970.3,2970.5,2968.2,2968.2,328
2026-07-20T06:43:00+00:00,2968.2,2968.8,2967.9,2968.4,57
2026-07-20T06:44:00+00:00,2968.5,2969.0,2968.4,2969.0,10
2026-07-20T06:45:00+00:00,2968.8,2968.9,2968.4,2968.7,9
2026-07-20T06:46:00+00:00,2968.9,2969.3,2968.6,2968.9,32
2026-07-20T06:47:00+00:00,2969.1,2969.1,2967.9,2967.9,7
2026-07-20T06:48:00+00:00,2967.9,2968.8,2967.9,2967.9,48
2026-07-20T06:49:00+00:00,2968.3,2968.6,2968.1,2968.1,12
2026-07-20T06:50:00+00:00,2968.5,2969.1,2968.5,2968.6,23
2026-07-20T06:51:00+00:00,2969.2,2969.4,2969.2,2969.4,3
2026-07-20T06:52:00+00:00,2969.6,2969.6,2969.2,2969.2,29
2026-07-20T06:53:00+00:00,2968.5,2969.0,2968.5,2969.0,20
2026-07-20T06:54:00+00:00,2969.0,2969.0,2968.6,2968.8,19
2026-07-20T06:55:00+00:00,2968.9,2968.9,2968.2,2968.9,7
2026-07-20T06:56:00+00:00,2968.9,2968.9,2968.6,2968.6,4
2026-07-20T06:57:00+00:00,2968.4,2968.4,2968.0,2968.0,4
2026-07-20T06:58:00+00:00,2968.0,2968.0,2967.6,2967.7,6
2026-07-20T06:59:00+00:00,2967.5,2968.5,2967.2,2968.5,48
2026-07-20T07:00:00+00:00,2968.8,2970.0,2968.6,2969.8,85
2026-07-20T07:01:00+00:00,2969.7,2971.8,2969.7,2971.6,27
2026-07-20T07:02:00+00:00,2971.7,2971.7,2970.9,2970.9,21
2026-07-20T07:03:00+00:00,2970.9,2971.6,2970.8,2971.5,19
2026-07-20T07:04:00+00:00,2972.0,2972.2,2971.0,2971.0,19
2026-07-20T07:05:00+00:00,2971.0,2971.1,2970.5,2970.5,8
2026-07-20T07:06:00+00:00,2970.3,2971.3,2970.3,2970.7,6
2026-07-20T07:07:00+00:00,2970.3,2970.8,2970.3,2970.8,6
2026-07-20T07:08:00+00:00,2970.9,2971.0,2970.7,2970.8,17
2026-07-20T07:09:00+00:00,2970.6,2971.3,2970.4,2971.3,23
2026-07-20T07:10:00+00:00,2971.3,2971.8,2971.1,2971.4,24
2026-07-20T07:11:00+00:00,2971.2,2971.5,2971.0,2971.0,12
2026-07-20T07:12:00+00:00,2970.5,2970.5,2970.3,2970.3,5
2026-07-20T07:13:00+00:00,2970.9,2971.0,2970.5,2971.0,6
2026-07-20T07:14:00+00:00,2970.6,2971.1,2970.6,2971.1,10
2026-07-20T07:15:00+00:00,2971.1,2971.1,2970.7,2971.0,10
2026-07-20T07:16:00+00:00,2970.7,2970.9,2970.7,2970.8,4
2026-07-20T07:17:00+00:00,2970.9,2970.9,2969.5,2969.5,62
2026-07-20T07:18:00+00:00,2969.4,2970.4,2969.4,2970.3,13
2026-07-20T07:19:00+00:00,2970.0,2970.2,2969.8,2970.2,7
2026-07-20T07:20:00+00:00,2970.3,2971.2,2970.0,2970.7,10
2026-07-20T07:21:00+00:00,2970.5,2970.9,2970.4,2970.4,10
2026-07-20T07:22:00+00:00,2970.6,2974.0,2970.6,2974.0,138
2026-07-20T07:23:00+00:00,2973.5,2973.5,2972.5,2972.6,56
2026-07-20T07:24:00+00:00,2973.0,2973.5,2972.8,2973.3,20
2026-07-20T07:25:00+00:00,2973.1,2974.0,2973.0,2973.9,32
2026-07-20T07:26:00+00:00,2973.7,2975.5,2973.7,2975.5,36
2026-07-20T07:27:00+00:00,2975.4,2976.4,2975.0,2975.2,68
2026-07-20T07:28:00+00:00,2975.1,2975.6,2975.0,2975.1,15
2026-07-20T07:29:00+00:00,2975.1,2976.0,2975.1,2975.9,15
2026-07-20T07:30:00+00:00,2976.0,2979.2,2976.0,2977.7,164
2026-07-20T07:31:00+00:00,2977.7,2978.4,2976.9,2977.9,73
2026-07-20T07:32:00+00:00,2977.8,2978.2,2977.5,2977.5,12
2026-07-20T07:33:00+00:00,2977.6,2979.5,2977.6,2979.3,15
2026-07-20T07:34:00+00:00,2979.0,2980.8,2978.9,2979.7,69
2026-07-20T07:35:00+00:00,2979.6,2979.9,2979.3,2979.3,33
2026-07-20T07:36:00+00:00,2979.5,2980.8,2979.4,2979.7,47
2026-07-20T07:37:00+00:00,2979.1,2979.7,2979.1,2979.4,16
2026-07-20T07:38:00+00:00,2979.6,2980.4,2978.6,2979.7,52
2026-07-20T07:39:00+00:00,2979.7,2980.0,2979.2,2979.2,35
2026-07-20T07:40:00+00:00,2979.6,2980.2,2979.5,2980.2,27
2026-07-20T07:41:00+00:00,2980.2,2981.7,2979.8,2979.8,88
2026-07-20T07:42:00+00:00,2979.5,2981.1,2979.0,2980.1,48
2026-07-20T07:43:00+00:00,2980.3,2980.4,2979.8,2980.4,20
2026-07-20T07:44:00+00:00,2980.3,2981.5,2980.3,2981.4,18
2026-07-20T07:45:00+00:00,2981.5,2982.0,2980.5,2981.8,52
2026-07-20T07:46:00+00:00,2982.0,2982.3,2981.2,2981.7,36
2026-07-20T07:47:00+00:00,2981.6,2981.6,2979.7,2980.0,64
2026-07-20T07:48:00+00:00,2979.8,2980.1,2979.2,2979.4,24
2026-07-20T07:49:00+00:00,2979.6,2979.6,2978.3,2978.5,24
2026-07-20T07:50:00+00:00,2978.4,2978.5,2977.4,2977.4,59
2026-07-20T07:51:00+00:00,2977.7,2979.0,2977.7,2979.0,8
2026-07-20T07:52:00+00:00,2979.2,2979.6,2978.9,2979.2,12
2026-07-20T07:53:00+00:00,2979.1,2979.3,2979.0,2979.0,40
2026-07-20T07:54:00+00:00,2978.6,2979.4,2978.6,2978.8,45
2026-07-20T07:55:00+00:00,2978.6,2979.4,2978.6,2979.4,6
2026-07-20T07:56:00+00:00,2979.3,2980.6,2979.3,2980.6,48
2026-07-20T07:57:00+00:00,2980.8,2981.3,2980.3,2980.4,17
2026-07-20T07:58:00+00:00,2980.7,2980.7,2980.4,2980.6,9
2026-07-20T07:59:00+00:00,2980.3,2980.3,2979.7,2980.0,46
2026-07-20T08:00:00+00:00,2980.0,2981.7,2979.9,2981.4,111
2026-07-20T08:01:00+00:00,2981.0,2981.9,2980.7,2981.6,58
2026-07-20T08:02:00+00:00,2981.5,2983.0,2981.5,2982.6,100
2026-07-20T08:03:00+00:00,2982.4,2982.7,2981.9,2982.5,25
2026-07-20T08:04:00+00:00,2982.7,2982.7,2981.8,2981.8,13
2026-07-20T08:05:00+00:00,2981.6,2982.1,2980.6,2980.7,60
2026-07-20T08:06:00+00:00,2980.9,2981.3,2980.6,2980.6,28
2026-07-20T08:07:00+00:00,2980.5,2980.6,2980.0,2980.5,36
2026-07-20T08:08:00+00:00,2980.5,2980.5,2979.7,2980.2,10
2026-07-20T08:09:00+00:00,2980.7,2980.7,2980.4,2980.5,4
2026-07-20T08:10:00+00:00,2980.6,2980.8,2980.6,2980.8,2
2026-07-20T08:11:00+00:00,2980.6,2981.0,2980.5,2981.0,10
2026-07-20T08:12:00+00:00,2981.3,2983.1,2981.3,2982.9,38
2026-07-20T08:13:00+00:00,2982.7,2982.8,2982.5,2982.8,19
2026-07-20T08:14:00+00:00,2982.9,2983.2,2982.9,2983.2,5
2026-07-20T08:15:00+00:00,2983.0,2983.6,2983.0,2983.5,70
2026-07-20T08:16:00+00:00,2983.5,2983.5,2983.1,2983.5,26
2026-07-20T08:17:00+00:00,2983.5,2983.5,2982.4,2982.4,30
2026-07-20T08:18:00+00:00,2982.2,2982.8,2982.2,2982.5,6
2026-07-20T08:19:00+00:00,2982.5,2982.9,2982.5,2982.5,15
2026-07-20T08:20:00+00:00,2982.4,2982.4,2981.6,2982.0,8
2026-07-20T08:21:00+00:00,2982.0,2982.3,2981.9,2982.0,16
2026-07-20T08:22:00+00:00,2982.0,2982.5,2982.0,2982.5,8
2026-07-20T08:23:00+00:00,2982.2,2982.2,2981.9,2982.1,8
2026-07-20T08:24:00+00:00,2981.6,2982.5,2981.6,2982.5,11
2026-07-20T08:25:00+00:00,2982.1,2982.5,2982.1,2982.4,16
2026-07-20T08:26:00+00:00,2982.6,2982.6,2982.0,2982.2,7
2026-07-20T08:27:00+00:00,2982.1,2982.3,2981.9,2982.2,6
2026-07-20T08:28:00+00:00,2982.2,2982.6,2982.2,2982.5,3
2026-07-20T08:29:00+00:00,2982.9,2982.9,2982.1,2982.1,32
2026-07-20T08:30:00+00:00,2982.1,2982.3,2980.6,2980.8,34
2026-07-20T08:31:00+00:00,2981.0,2981.5,2981.0,2981.5,7
2026-07-20T08:32:00+00:00,2981.6,2981.8,2980.7,2981.0,24
2026-07-20T08:33:00+00:00,2981.1,2981.1,2980.2,2980.7,9
2026-07-20T08:34:00+00:00,2980.9,2981.0,2980.6,2981.0,4
2026-07-20T08:35:00+00:00,2981.1,2981.1,2980.5,2981.0,7
2026-07-20T08:36:00+00:00,2980.6,2981.0,2980.1,2980.8,25
2026-07-20T08:37:00+00:00,2980.6,2980.6,2980.2,2980.4,15
2026-07-20T08:38:00+00:00,2980.8,2981.3,2980.6,2981.3,6
2026-07-20T08:39:00+00:00,2981.1,2981.5,2981.1,2981.5,4
2026-07-20T08:40:00+00:00,2981.4,2981.6,2981.3,2981.5,9
2026-07-20T08:41:00+00:00,2981.6,2981.6,2981.5,2981.5,3
2026-07-20T08:42:00+00:00,2981.3,2981.7,2981.1,2981.3,9
2026-07-20T08:43:00+00:00,2981.3,2981.3,2980.2,2980.2,14
2026-07-20T08:44:00+00:00,2980.3,2980.3,2979.9,2980.2,22
2026-07-20T08:45:00+00:00,2980.3,2980.7,2980.1,2980.5,17
2026-07-20T08:46:00+00:00,2980.4,2980.7,2980.3,2980.7,8
2026-07-20T08:47:00+00:00,2980.4,2980.6,2980.4,2980.5,7
2026-07-20T08:48:00+00:00,2980.8,2980.8,2980.4,2980.7,13
2026-07-20T08:49:00+00:00,2981.0,2981.6,2981.0,2981.6,13
2026-07-20T08:50:00+00:00,2981.6,2981.6,2981.2,2981.4,14
2026-07-20T08:51:00+00:00,2981.3,2981.4,2981.0,2981.1,9
2026-07-20T08:52:00+00:00,2981.3,2981.3,2980.6,2980.6,7
2026-07-20T08:53:00+00:00,2980.9,2980.9,2980.8,2980.8,2
2026-07-20T08:54:00+00:00,2981.0,2981.0,2980.4,2980.4,7
2026-07-20T08:55:00+00:00,2980.8,2980.9,2980.8,2980.9,4
2026-07-20T08:56:00+00:00,2980.7,2981.2,2980.7,2981.2,2
2026-07-20T08:57:00+00:00,2981.3,2981.5,2980.7,2980.9,16
2026-07-20T08:58:00+00:00,2981.2,2981.4,2981.1,2981.4,17
2026-07-20T08:59:00+00:00,2981.0,2981.3,2981.0,2981.1,29
2026-07-20T09:00:00+00:00,2981.2,2981.6,2981.1,2981.3,24
2026-07-20T09:01:00+00:00,2981.6,2981.9,2981.3,2981.3,20
2026-07-20T09:02:00+00:00,2981.5,2981.5,2980.8,2980.8,27
2026-07-20T09:03:00+00:00,2980.5,2981.2,2980.5,2981.0,18
2026-07-20T09:04:00+00:00,2980.9,2981.2,2980.8,2980.8,13
2026-07-20T09:05:00+00:00,2980.5,2981.2,2980.5,2980.6,38
2026-07-20T09:06:00+00:00,2981.1,2981.2,2980.9,2981.1,17
2026-07-20T09:07:00+00:00,2981.3,2981.4,2980.6,2981.1,60
2026-07-20T09:08:00+00:00,2981.1,2981.9,2981.0,2981.6,9
2026-07-20T09:09:00+00:00,2981.4,2982.0,2981.4,2981.8,11
2026-07-20T09:10:00+00:00,2981.9,2982.5,2981.8,2982.2,22
2026-07-20T09:11:00+00:00,2982.5,2982.6,2982.3,2982.3,36
2026-07-20T09:12:00+00:00,2982.2,2982.4,2982.2,2982.4,3
2026-07-20T09:13:00+00:00,2982.3,2982.3,2982.0,2982.0,5
2026-07-20T09:14:00+00:00,2981.7,2981.8,2981.7,2981.8,3
2026-07-20T09:15:00+00:00,2981.7,2983.1,2981.7,2982.8,14
2026-07-20T09:16:00+00:00,2982.8,2983.0,2982.8,2982.8,8
2026-07-20T09:17:00+00:00,2982.9,2983.4,2982.9,2983.1,16
2026-07-20T09:18:00+00:00,2983.3,2983.3,2981.4,2981.6,13
2026-07-20T09:19:00+00:00,2981.6,2981.6,2980.5,2980.5,6
2026-07-20T09:20:00+00:00,2980.4,2981.3,2980.4,2980.9,9
2026-07-20T09:21:00+00:00,2981.0,2981.8,2981.0,2981.8,12
2026-07-20T09:22:00+00:00,2981.8,2981.9,2981.8,2981.9,4
2026-07-20T09:23:00+00:00,2982.2,2982.3,2982.2,2982.2,5
2026-07-20T09:24:00+00:00,2981.8,2981.9,2981.8,2981.9,2
2026-07-20T09:25:00+00:00,2981.8,2981.8,2981.5,2981.7,11
2026-07-20T09:26:00+00:00,2981.9,2981.9,2981.8,2981.8,4
2026-07-20T09:27:00+00:00,2981.5,2981.5,2981.5,2981.5,1
2026-07-20T09:28:00+00:00,2981.6,2981.7,2981.5,2981.5,4
2026-07-20T09:29:00+00:00,2981.6,2981.7,2981.5,2981.5,6
2026-07-20T09:30:00+00:00,2981.3,2981.3,2980.7,2980.7,22
2026-07-20T09:31:00+00:00,2981.0,2981.8,2981.0,2981.6,27
2026-07-20T09:33:00+00:00,2981.2,2982.1,2981.2,2981.9,17
2026-07-20T09:35:00+00:00,2981.7,2981.7,2981.7,2981.7,2
2026-07-20T09:37:00+00:00,2981.4,2981.4,2981.1,2981.2,7
2026-07-20T09:38:00+00:00,2981.2,2981.7,2981.1,2981.3,34
2026-07-20T09:39:00+00:00,2981.2,2981.2,2980.8,2980.8,13
2026-07-20T09:40:00+00:00,2981.0,2981.0,2980.5,2981.0,21
2026-07-20T09:41:00+00:00,2981.2,2982.0,2981.2,2981.7,7
2026-07-20T09:42:00+00:00,2981.5,2981.7,2981.1,2981.5,16
2026-07-20T09:43:00+00:00,2981.4,2981.6,2981.4,2981.6,6
2026-07-20T09:44:00+00:00,2981.9,2981.9,2981.9,2981.9,1
2026-07-20T09:45:00+00:00,2981.8,2982.3,2981.6,2982.1,18
2026-07-20T09:46:00+00:00,2982.1,2982.9,2982.1,2982.9,27
2026-07-20T09:47:00+00:00,2983.0,2983.3,2983.0,2983.0,27
2026-07-20T09:48:00+00:00,2983.0,2983.2,2982.6,2982.7,24
2026-07-20T09:49:00+00:00,2983.0,2983.5,2982.8,2983.3,58
2026-07-20T09:50:00+00:00,2983.3,2983.3,2983.1,2983.1,4
2026-07-20T09:51:00+00:00,2983.2,2983.7,2983.2,2983.5,24
2026-07-20T09:52:00+00:00,2983.6,2985.0,2983.6,2984.8,153
2026-07-20T09:53:00+00:00,2985.0,2985.1,2983.8,2983.8,48
2026-07-20T09:54:00+00:00,2984.0,2984.0,2983.9,2983.9,3
2026-07-20T09:55:00+00:00,2983.5,2983.5,2982.4,2982.4,19
2026-07-20T09:56:00+00:00,2982.3,2982.5,2982.1,2982.3,23
2026-07-20T09:57:00+00:00,2982.6,2982.6,2982.4,2982.4,6
2026-07-20T09:58:00+00:00,2982.8,2982.8,2982.6,2982.6,3
2026-07-20T09:59:00+00:00,2982.3,2982.8,2982.2,2982.8,11
2026-07-20T10:00:00+00:00,2982.7,2982.9,2982.4,2982.4,32
2026-07-20T10:01:00+00:00,2982.2,2982.4,2982.1,2982.1,12
2026-07-20T10:02:00+00:00,2982.2,2982.8,2982.2,2982.5,6
2026-07-20T10:03:00+00:00,2982.3,2982.4,2982.2,2982.4,3
2026-07-20T10:04:00+00:00,2982.4,2982.8,2982.4,2982.6,17
2026-07-20T10:05:00+00:00,2982.5,2982.5,2982.2,2982.2,2
2026-07-20T10:06:00+00:00,2982.3,2982.3,2981.5,2981.5,14
2026-07-20T10:07:00+00:00,2981.6,2981.8,2981.5,2981.8,5
2026-07-20T10:08:00+00:00,2981.9,2981.9,2981.3,2981.3,18
2026-07-20T10:09:00+00:00,2981.3,2981.3,2981.1,2981.1,14
2026-07-20T10:10:00+00:00,2981.2,2981.8,2981.2,2981.8,8
2026-07-20T10:11:00+00:00,2981.7,2981.9,2981.5,2981.8,8
2026-07-20T10:12:00+00:00,2981.4,2981.7,2981.2,2981.2,17
2026-07-20T10:13:00+00:00,2981.1,2981.2,2980.7,2981.2,17
2026-07-20T10:14:00+00:00,2981.2,2981.2,2981.2,2981.2,1
2026-07-20T10:15:00+00:00,2981.0,2981.0,2980.1,2980.3,18
2026-07-20T10:16:00+00:00,2980.6,2980.6,2980.2,2980.2,5
2026-07-20T10:17:00+00:00,2980.4,2980.4,2979.5,2979.7,33
2026-07-20T10:18:00+00:00,2980.0,2980.4,2979.9,2980.4,8
2026-07-20T10:19:00+00:00,2980.3,2980.8,2979.8,2980.6,53
2026-07-20T10:20:00+00:00,2980.6,2981.6,2980.6,2981.6,17
2026-07-20T10:21:00+00:00,2982.1,2982.2,2982.0,2982.0,4
2026-07-20T10:22:00+00:00,2981.8,2982.5,2981.8,2982.5,2
2026-07-20T10:23:00+00:00,2982.7,2982.9,2982.7,2982.8,8
2026-07-20T10:24:00+00:00,2982.7,2982.7,2982.6,2982.6,2
2026-07-20T10:25:00+00:00,2982.9,2983.4,2982.2,2982.2,22
2026-07-20T10:26:00+00:00,2981.9,2982.6,2981.9,2982.4,12
2026-07-20T10:27:00+00:00,2982.4,2982.8,2982.3,2982.8,7
2026-07-20T10:28:00+00:00,2982.7,2982.7,2982.7,2982.7,1
2026-07-20T10:29:00+00:00,2983.1,2983.1,2983.1,2983.1,4
2026-07-20T10:30:00+00:00,2982.7,2983.7,2982.4,2982.6,61
2026-07-20T10:31:00+00:00,2982.6,2982.6,2981.8,2982.3,30
2026-07-20T10:32:00+00:00,2982.4,2982.7,2982.4,2982.7,8
2026-07-20T10:33:00+00:00,2982.8,2982.8,2982.8,2982.8,1
2026-07-20T10:34:00+00:00,2983.0,2983.4,2982.8,2983.4,13
2026-07-20T10:35:00+00:00,2983.1,2983.1,2981.9,2982.1,38
2026-07-20T10:36:00+00:00,2982.4,2983.2,2982.3,2983.2,17
2026-07-20T10:37:00+00:00,2983.5,2983.5,2982.7,2983.1,29
2026-07-20T10:38:00+00:00,2982.9,2982.9,2982.2,2982.5,6
2026-07-20T10:39:00+00:00,2983.0,2983.1,2983.0,2983.1,3
2026-07-20T10:40:00+00:00,2983.1,2983.1,2981.7,2982.1,20
2026-07-20T10:41:00+00:00,2981.9,2982.6,2981.8,2982.5,20
2026-07-20T10:42:00+00:00,2982.4,2982.5,2982.4,2982.5,6
2026-07-20T10:43:00+00:00,2982.4,2982.6,2982.4,2982.5,7
2026-07-20T10:44:00+00:00,2982.7,2983.2,2982.7,2982.9,13
2026-07-20T10:45:00+00:00,2982.8,2983.4,2982.6,2983.4,9
2026-07-20T10:46:00+00:00,2983.4,2984.2,2983.4,2984.2,24
2026-07-20T10:47:00+00:00,2984.0,2984.1,2984.0,2984.0,6
2026-07-20T10:48:00+00:00,2984.0,2984.4,2983.7,2984.3,13
2026-07-20T10:49:00+00:00,2984.3,2984.3,2983.8,2983.8,9
2026-07-20T10:50:00+00:00,2984.0,2984.5,2983.9,2984.5,7
2026-07-20T10:51:00+00:00,2984.1,2984.4,2984.1,2984.3,4
2026-07-20T10:52:00+00:00,2984.2,2984.4,2984.2,2984.4,2
2026-07-20T10:53:00+00:00,2984.5,2985.3,2984.5,2985.0,39
2026-07-20T10:54:00+00:00,2984.9,2985.7,2984.9,2985.6,25
2026-07-20T10:55:00+00:00,2985.6,2985.6,2985.0,2985.0,20
2026-07-20T10:56:00+00:00,2984.5,2984.5,2984.1,2984.1,12
2026-07-20T10:57:00+00:00,2984.2,2984.4,2984.2,2984.4,9
2026-07-20T10:58:00+00:00,2983.8,2984.1,2983.8,2983.9,7
2026-07-20T10:59:00+00:00,2983.8,2983.8,2983.5,2983.8,6
2026-07-20T11:00:00+00:00,2984.0,2985.6,2983.9,2985.4,26
2026-07-20T11:01:00+00:00,2985.7,2986.5,2985.2,2985.2,62
2026-07-20T11:02:00+00:00,2985.4,2985.4,2985.1,2985.3,8
2026-07-20T11:03:00+00:00,2985.3,2986.7,2985.3,2986.7,44
2026-07-20T11:04:00+00:00,2986.6,2987.9,2986.3,2987.5,87
2026-07-20T11:05:00+00:00,2987.9,2988.4,2987.7,2988.1,61
2026-07-20T11:06:00+00:00,2987.9,2988.0,2987.4,2987.7,15
2026-07-20T11:07:00+00:00,2987.6,2987.9,2987.1,2987.2,24
2026-07-20T11:08:00+00:00,2987.2,2987.5,2987.0,2987.5,29
2026-07-20T11:09:00+00:00,2987.3,2987.4,2987.1,2987.1,14
2026-07-20T11:10:00+00:00,2986.7,2987.0,2986.7,2987.0,7
2026-07-20T11:11:00+00:00,2987.0,2987.3,2986.7,2987.0,18
2026-07-20T11:12:00+00:00,2986.9,2987.0,2986.7,2986.9,19
2026-07-20T11:13:00+00:00,2987.3,2988.0,2987.0,2987.9,21
2026-07-20T11:14:00+00:00,2987.0,2987.0,2986.9,2986.9,3
2026-07-20T11:15:00+00:00,2986.7,2986.9,2986.6,2986.6,16
2026-07-20T11:16:00+00:00,2986.3,2987.0,2986.3,2986.6,21
2026-07-20T11:17:00+00:00,2986.4,2986.4,2985.8,2986.0,6
2026-07-20T11:18:00+00:00,2986.0,2986.4,2985.8,2985.9,19
2026-07-20T11:19:00+00:00,2986.0,2986.5,2985.8,2986.1,11
2026-07-20T11:20:00+00:00,2985.9,2986.1,2985.9,2986.1,7
2026-07-20T11:21:00+00:00,2986.0,2986.0,2984.8,2985.1,19
2026-07-20T11:22:00+00:00,2985.1,2985.3,2985.0,2985.0,8
2026-07-20T11:23:00+00:00,2985.2,2985.3,2985.0,2985.2,9
2026-07-20T11:24:00+00:00,2985.3,2985.7,2985.3,2985.4,15
2026-07-20T11:25:00+00:00,2985.2,2985.2,2985.1,2985.2,5
2026-07-20T11:26:00+00:00,2985.1,2985.1,2985.0,2985.1,8
2026-07-20T11:27:00+00:00,2984.8,2985.4,2984.8,2985.3,37
2026-07-20T11:28:00+00:00,2985.3,2985.6,2985.3,2985.6,10
2026-07-20T11:29:00+00:00,2985.9,2986.0,2985.7,2985.7,8
2026-07-20T11:30:00+00:00,2985.6,2993.4,2985.6,2991.1,916
2026-07-20T11:31:00+00:00,2990.7,2995.1,2990.3,2993.8,444
2026-07-20T11:32:00+00:00,2993.5,2997.1,2993.2,2996.0,296
2026-07-20T11:33:00+00:00,2995.9,2998.5,2994.9,2995.8,342
2026-07-20T11:34:00+00:00,2995.6,2997.8,2995.1,2996.2,179
2026-07-20T11:35:00+00:00,2996.0,2997.9,2995.6,2995.9,116
2026-07-20T11:36:00+00:00,2996.0,2996.2,2994.8,2995.3,85
2026-07-20T11:37:00+00:00,2995.1,2996.0,2995.1,2995.6,46
2026-07-20T11:38:00+00:00,2995.8,2996.2,2994.7,2995.1,40
2026-07-20T11:39:00+00:00,2994.8,2995.0,2994.0,2994.4,33
2026-07-20T11:40:00+00:00,2994.3,2994.3,2993.0,2994.0,128
2026-07-20T11:41:00+00:00,2993.8,2995.9,2993.8,2995.0,152
2026-07-20T11:43:00+00:00,2995.0,2996.3,2994.2,2994.2,32
2026-07-20T11:44:00+00:00,2993.9,2993.9,2993.0,2993.4,58
2026-07-20T11:45:00+00:00,2993.6,2994.0,2992.9,2992.9,31
2026-07-20T11:46:00+00:00,2992.7,2993.0,2991.7,2991.9,54
2026-07-20T11:47:00+00:00,2991.9,2992.3,2990.9,2991.7,90
2026-07-20T11:48:00+00:00,2991.6,2991.7,2990.1,2990.6,92
2026-07-20T11:49:00+00:00,2990.5,2991.1,2990.4,2990.4,52
2026-07-20T11:50:00+00:00,2990.3,2990.3,2989.1,2989.7,70
2026-07-20T11:51:00+00:00,2989.6,2990.1,2989.0,2989.6,93
2026-07-20T11:52:00+00:00,2990.1,2990.5,2989.9,2990.2,42
2026-07-20T11:53:00+00:00,2990.3,2990.3,2988.5,2989.2,69
2026-07-20T11:54:00+00:00,2989.2,2989.7,2989.0,2989.4,65
2026-07-20T11:55:00+00:00,2989.3,2989.4,2988.4,2988.8,77
2026-07-20T11:56:00+00:00,2989.0,2989.0,2988.3,2988.3,56
2026-07-20T11:57:00+00:00,2988.2,2989.8,2988.1,2989.6,65
2026-07-20T11:58:00+00:00,2990.0,2990.2,2989.4,2990.0,37
2026-07-20T11:59:00+00:00,2989.6,2990.6,2989.6,2990.4,111
2026-07-20T12:00:00+00:00,2990.6,2990.9,2987.6,2988.1,172
2026-07-20T12:01:00+00:00,2988.1,2988.4,2987.3,2987.3,33
2026-07-20T12:02:00+00:00,2987.3,2987.9,2981.9,2982.5,564
2026-07-20T12:03:00+00:00,2982.3,2983.9,2981.2,2982.0,383
2026-07-20T12:04:00+00:00,2982.1,2984.1,2981.4,2983.1,269
2026-07-20T12:05:00+00:00,2982.8,2984.6,2982.5,2984.6,90
2026-07-20T12:06:00+00:00,2984.5,2986.1,2984.5,2985.0,153
2026-07-20T12:07:00+00:00,2985.0,2986.7,2984.2,2986.4,150
2026-07-20T12:08:00+00:00,2986.4,2986.4,2983.8,2985.7,96
2026-07-20T12:09:00+00:00,2985.3,2985.8,2985.2,2985.3,16
2026-07-20T12:10:00+00:00,2985.4,2986.2,2985.3,2985.8,27
2026-07-20T12:11:00+00:00,2985.8,2985.8,2984.7,2985.5,23
2026-07-20T12:12:00+00:00,2985.6,2985.6,2983.7,2984.5,108
2026-07-20T12:13:00+00:00,2984.7,2985.1,2984.4,2985.1,25
2026-07-20T12:14:00+00:00,2985.1,2986.3,2985.0,2985.8,27
2026-07-20T12:15:00+00:00,2985.4,2985.5,2984.6,2985.1,23
2026-07-20T12:16:00+00:00,2985.0,2986.4,2985.0,2986.4,23
2026-07-20T12:17:00+00:00,2986.3,2986.3,2985.7,2985.7,20
2026-07-20T12:18:00+00:00,2985.9,2986.0,2985.4,2985.5,34
2026-07-20T12:19:00+00:00,2985.7,2985.7,2984.7,2984.9,23
2026-07-20T12:20:00+00:00,2985.0,2985.2,2983.8,2984.1,24
2026-07-20T12:21:00+00:00,2984.0,2984.6,2983.8,2983.8,40
2026-07-20T12:22:00+00:00,2984.1,2984.1,2983.2,2983.2,29
2026-07-20T12:23:00+00:00,2983.5,2983.7,2983.5,2983.7,15
2026-07-20T12:24:00+00:00,2984.1,2984.7,2983.7,2983.7,40
2026-07-20T12:25:00+00:00,2983.5,2983.6,2983.0,2983.4,24
2026-07-20T12:26:00+00:00,2984.1,2985.1,2984.0,2985.1,23
2026-07-20T12:27:00+00:00,2984.8,2985.6,2984.8,2985.6,16
2026-07-20T12:28:00+00:00,2985.5,2986.4,2985.4,2985.6,90
2026-07-20T12:29:00+00:00,2985.5,2986.1,2985.3,2986.0,23
2026-07-20T12:30:00+00:00,2986.0,2987.0,2985.8,2986.1,256
2026-07-20T12:31:00+00:00,2986.5,2986.6,2985.4,2985.4,36
2026-07-20T12:32:00+00:00,2985.2,2985.4,2984.5,2985.0,34
2026-07-20T12:33:00+00:00,2984.6,2984.6,2983.1,2983.1,45
2026-07-20T12:34:00+00:00,2983.2,2983.6,2982.4,2983.4,24
2026-07-20T12:35:00+00:00,2983.5,2984.9,2983.1,2984.8,69
2026-07-20T12:36:00+00:00,2985.1,2985.1,2984.7,2984.8,13
2026-07-20T12:37:00+00:00,2984.8,2984.8,2984.6,2984.6,2
2026-07-20T12:38:00+00:00,2984.4,2984.6,2983.7,2983.9,31
2026-07-20T12:39:00+00:00,2984.1,2984.1,2982.6,2982.7,42
2026-07-20T12:40:00+00:00,2982.6,2982.6,2982.3,2982.3,30
2026-07-20T12:41:00+00:00,2982.2,2982.2,2981.0,2981.9,123
2026-07-20T12:42:00+00:00,2982.0,2982.4,2981.5,2981.6,42
2026-07-20T12:43:00+00:00,2981.7,2981.8,2980.9,2981.6,89
2026-07-20T12:44:00+00:00,2981.5,2981.5,2980.6,2981.2,54
2026-07-20T12:45:00+00:00,2981.2,2981.9,2981.2,2981.9,21
2026-07-20T12:46:00+00:00,2981.9,2982.3,2981.5,2981.5,50
2026-07-20T12:47:00+00:00,2981.7,2983.0,2981.5,2983.0,42
2026-07-20T12:48:00+00:00,2983.0,2983.4,2982.6,2982.9,36
2026-07-20T12:49:00+00:00,2982.9,2983.0,2982.6,2982.8,18
2026-07-20T12:50:00+00:00,2982.7,2982.8,2982.1,2982.6,28
2026-07-20T12:51:00+00:00,2982.2,2982.7,2981.5,2981.7,22
2026-07-20T12:52:00+00:00,2981.7,2982.0,2981.1,2981.1,31
2026-07-20T12:53:00+00:00,2981.2,2981.9,2981.2,2981.6,59
2026-07-20T12:54:00+00:00,2981.6,2982.2,2980.5,2980.6,71
2026-07-20T12:55:00+00:00,2980.9,2980.9,2979.9,2980.1,87
2026-07-20T12:56:00+00:00,2980.0,2980.2,2979.3,2979.8,142
2026-07-20T12:57:00+00:00,2979.9,2979.9,2979.5,2979.6,32
2026-07-20T12:58:00+00:00,2979.7,2980.7,2979.7,2980.5,62
2026-07-20T12:59:00+00:00,2980.5,2981.1,2980.0,2980.9,45
2026-07-20T13:00:00+00:00,2981.2,2981.6,2980.6,2981.2,129
2026-07-20T13:01:00+00:00,2980.9,2980.9,2980.3,2980.3,34
2026-07-20T13:02:00+00:00,2980.6,2980.6,2980.1,2980.3,39
2026-07-20T13:03:00+00:00,2980.3,2980.6,2980.1,2980.4,63
2026-07-20T13:04:00+00:00,2980.5,2980.7,2980.0,2980.4,62
2026-07-20T13:05:00+00:00,2980.4,2980.5,2979.8,2980.3,35
2026-07-20T13:06:00+00:00,2980.0,2980.6,2979.8,2980.3,43
2026-07-20T13:07:00+00:00,2980.5,2980.5,2980.1,2980.1,17
2026-07-20T13:08:00+00:00,2980.2,2980.3,2979.7,2980.2,21
2026-07-20T13:09:00+00:00,2980.1,2980.3,2979.9,2980.1,25
2026-07-20T13:10:00+00:00,2980.2,2980.5,2980.0,2980.3,35
2026-07-20T13:11:00+00:00,2980.5,2981.5,2980.3,2981.2,59
2026-07-20T13:12:00+00:00,2981.3,2981.3,2980.3,2980.3,33
2026-07-20T13:13:00+00:00,2980.2,2980.2,2978.9,2979.0,69
2026-07-20T13:14:00+00:00,2979.0,2979.0,2978.1,2978.3,121
2026-07-20T13:15:00+00:00,2978.6,2979.7,2978.5,2979.4,67
2026-07-20T13:16:00+00:00,2979.4,2980.6,2979.2,2980.3,138
2026-07-20T13:17:00+00:00,2980.3,2980.8,2980.2,2980.6,78
2026-07-20T13:18:00+00:00,2980.9,2981.0,2980.2,2980.2,57
2026-07-20T13:19:00+00:00,2980.3,2980.4,2979.5,2979.5,39
2026-07-20T13:20:00+00:00,2979.7,2980.2,2979.7,2979.9,69
2026-07-20T13:21:00+00:00,2980.0,2980.1,2979.6,2979.6,22
2026-07-20T13:22:00+00:00,2979.6,2980.1,2979.4,2979.4,53
2026-07-20T13:23:00+00:00,2979.2,2979.6,2978.7,2979.5,63
2026-07-20T13:24:00+00:00,2979.5,2981.0,2979.5,2980.6,53
2026-07-20T13:25:00+00:00,2980.5,2981.0,2980.1,2981.0,118
2026-07-20T13:26:00+00:00,2980.8,2981.7,2980.6,2980.9,168
2026-07-20T13:27:00+00:00,2981.3,2981.9,2980.6,2981.4,118
2026-07-20T13:28:00+00:00,2981.5,2981.5,2980.0,2980.5,238
2026-07-20T13:29:00+00:00,2980.1,2983.1,2979.3,2982.4,379
2026-07-20T13:30:00+00:00,2982.4,2991.8,2981.4,2991.6,2173
2026-07-20T13:31:00+00:00,2991.6,2992.6,2989.3,2991.1,982
2026-07-20T13:32:00+00:00,2991.0,2991.1,2986.6,2988.4,975
2026-07-20T13:33:00+00:00,2988.2,2988.6,2983.1,2983.3,729
2026-07-20T13:34:00+00:00,2983.6,2985.6,2983.2,2983.3,451
2026-07-20T13:35:00+00:00,2983.6,2986.0,2982.1,2982.5,534
2026-07-20T13:36:00+00:00,2982.7,2984.9,2981.8,2983.0,460
2026-07-20T13:37:00+00:00,2982.9,2984.4,2981.9,2982.7,498
2026-07-20T13:38:00+00:00,2982.6,2986.6,2982.2,2983.1,562
2026-07-20T13:39:00+00:00,2983.0,2986.8,2982.5,2986.8,343
2026-07-20T13:40:00+00:00,2986.9,2988.7,2986.1,2986.1,495
2026-07-20T13:41:00+00:00,2986.1,2987.9,2984.2,2984.7,385
2026-07-20T13:42:00+00:00,2984.6,2987.7,2983.3,2987.4,481
2026-07-20T13:43:00+00:00,2987.3,2987.8,2986.1,2986.5,290
2026-07-20T13:44:00+00:00,2986.5,2987.6,2985.0,2986.5,246
2026-07-20T13:45:00+00:00,2986.4,2989.0,2985.6,2985.7,479
2026-07-20T13:46:00+00:00,2985.5,2985.8,2983.0,2983.0,376
2026-07-20T13:47:00+00:00,2983.1,2987.0,2982.6,2985.0,472
2026-07-20T13:48:00+00:00,2985.2,2987.3,2984.8,2985.6,415
2026-07-20T13:49:00+00:00,2985.7,2986.5,2984.7,2986.2,239
2026-07-20T13:50:00+00:00,2986.3,2989.5,2985.7,2987.9,507
2026-07-20T13:51:00+00:00,2987.6,2987.7,2985.6,2986.0,244
2026-07-20T13:52:00+00:00,2986.3,2986.6,2981.9,2984.0,929
2026-07-20T13:53:00+00:00,2984.0,2984.7,2980.5,2980.7,583
2026-07-20T13:54:00+00:00,2980.8,2983.4,2980.2,2983.0,592
2026-07-20T13:55:00+00:00,2983.1,2984.3,2981.2,2982.1,288
2026-07-20T13:56:00+00:00,2982.1,2983.1,2981.3,2982.8,289
2026-07-20T13:57:00+00:00,2982.6,2983.6,2981.7,2982.1,201
2026-07-20T13:58:00+00:00,2982.1,2983.9,2980.1,2980.1,290
2026-07-20T13:59:00+00:00,2980.0,2982.0,2979.7,2979.7,302
2026-07-20T14:00:00+00:00,2979.9,2982.4,2979.4,2980.1,354
2026-07-20T14:01:00+00:00,2979.8,2981.3,2977.0,2978.4,609
2026-07-20T14:02:00+00:00,2978.2,2979.9,2977.4,2979.7,371
2026-07-20T14:03:00+00:00,2979.8,2980.8,2978.4,2979.6,300
2026-07-20T14:04:00+00:00,2979.6,2980.0,2977.0,2977.0,314
2026-07-20T14:05:00+00:00,2977.1,2977.5,2974.9,2974.9,544
2026-07-20T14:06:00+00:00,2975.0,2976.5,2974.4,2976.1,386
2026-07-20T14:07:00+00:00,2976.2,2976.6,2973.8,2974.8,261
2026-07-20T14:08:00+00:00,2974.8,2977.2,2973.7,2974.0,466
2026-07-20T14:09:00+00:00,2974.0,2975.4,2973.7,2974.7,210
2026-07-20T14:10:00+00:00,2974.5,2974.8,2971.6,2971.8,365
2026-07-20T14:11:00+00:00,2972.0,2973.1,2971.1,2971.9,281
2026-07-20T14:12:00+00:00,2971.8,2972.3,2970.8,2972.0,206
2026-07-20T14:13:00+00:00,2972.0,2974.4,2971.9,2974.2,284
2026-07-20T14:14:00+00:00,2974.2,2974.6,2970.6,2972.1,521
2026-07-20T14:15:00+00:00,2972.3,2974.9,2971.9,2973.5,386
2026-07-20T14:16:00+00:00,2973.4,2974.8,2971.1,2971.2,275
2026-07-20T14:17:00+00:00,2971.5,2973.0,2971.1,2971.8,199
2026-07-20T14:18:00+00:00,2971.6,2972.0,2970.8,2971.3,229
2026-07-20T14:19:00+00:00,2971.3,2972.6,2970.3,2971.5,220
2026-07-20T14:20:00+00:00,2971.3,2971.3,2968.9,2969.5,663
2026-07-20T14:21:00+00:00,2969.2,2969.2,2967.2,2968.7,421
2026-07-20T14:22:00+00:00,2968.6,2970.7,2968.2,2970.3,269
2026-07-20T14:23:00+00:00,2970.2,2972.8,2970.1,2972.1,311
2026-07-20T14:24:00+00:00,2972.3,2973.7,2972.0,2972.0,203
2026-07-20T14:25:00+00:00,2971.9,2973.9,2971.4,2973.2,397
2026-07-20T14:26:00+00:00,2973.2,2975.5,2973.0,2975.2,303
2026-07-20T14:27:00+00:00,2975.3,2976.2,2972.6,2973.0,224
2026-07-20T14:28:00+00:00,2972.9,2973.7,2971.5,2971.9,199
2026-07-20T14:29:00+00:00,2972.1,2974.9,2972.0,2974.4,205
2026-07-20T14:30:00+00:00,2974.4,2975.7,2973.6,2975.1,545
2026-07-20T14:31:00+00:00,2975.4,2975.5,2972.9,2974.7,220
2026-07-20T14:32:00+00:00,2974.7,2975.1,2971.4,2971.9,186
2026-07-20T14:33:00+00:00,2971.9,2971.9,2970.4,2971.2,195
2026-07-20T14:34:00+00:00,2971.2,2971.9,2970.1,2970.3,242
2026-07-20T14:35:00+00:00,2970.3,2970.4,2968.8,2969.7,375
2026-07-20T14:36:00+00:00,2969.6,2969.6,2967.6,2968.2,353
2026-07-20T14:37:00+00:00,2968.0,2969.7,2967.8,2969.1,142
2026-07-20T14:38:00+00:00,2969.3,2969.9,2968.5,2969.6,158
2026-07-20T14:39:00+00:00,2969.5,2970.8,2969.0,2969.6,119
2026-07-20T14:40:00+00:00,2969.6,2970.7,2969.3,2969.8,140
2026-07-20T14:41:00+00:00,2969.8,2969.8,2966.5,2966.5,313
2026-07-20T14:42:00+00:00,2966.7,2967.7,2966.3,2967.3,205
2026-07-20T14:43:00+00:00,2967.1,2968.5,2966.1,2966.2,173
2026-07-20T14:44:00+00:00,2966.1,2967.2,2965.6,2966.2,184
2026-07-20T14:45:00+00:00,2966.0,2968.4,2964.8,2968.2,502
2026-07-20T14:46:00+00:00,2968.1,2969.6,2968.0,2968.6,228
2026-07-20T14:47:00+00:00,2968.7,2969.4,2966.3,2966.5,119
2026-07-20T14:48:00+00:00,2966.3,2966.6,2964.7,2965.6,267
2026-07-20T14:49:00+00:00,2965.3,2966.1,2963.8,2964.3,270
2026-07-20T14:50:00+00:00,2964.3,2965.6,2964.0,2964.6,165
2026-07-20T14:51:00+00:00,2964.7,2966.2,2964.2,2965.4,279
2026-07-20T14:52:00+00:00,2965.4,2966.2,2963.8,2964.0,229
2026-07-20T14:53:00+00:00,2963.9,2964.3,2963.0,2963.4,242
2026-07-20T14:54:00+00:00,2963.3,2964.5,2962.9,2963.0,184
2026-07-20T14:55:00+00:00,2962.9,2964.0,2962.2,2963.9,258
2026-07-20T14:56:00+00:00,2963.7,2964.6,2961.2,2961.7,289
2026-07-20T14:57:00+00:00,2961.7,2962.0,2960.2,2961.8,386
2026-07-20T14:58:00+00:00,2961.6,2962.1,2958.9,2959.1,495
2026-07-20T14:59:00+00:00,2959.0,2961.2,2957.8,2960.8,429
2026-07-20T15:00:00+00:00,2961.1,2961.1,2958.3,2960.5,596
2026-07-20T15:01:00+00:00,2960.6,2964.3,2960.5,2964.2,359
2026-07-20T15:02:00+00:00,2964.2,2965.2,2963.2,2965.2,227
2026-07-20T15:03:00+00:00,2965.1,2966.4,2963.8,2964.1,230
2026-07-20T15:04:00+00:00,2964.1,2965.3,2963.9,2964.7,154
2026-07-20T15:05:00+00:00,2964.6,2965.3,2961.4,2962.0,262
2026-07-20T15:06:00+00:00,2962.1,2964.1,2962.1,2963.6,130
2026-07-20T15:07:00+00:00,2963.8,2967.6,2963.8,2967.1,404
2026-07-20T15:08:00+00:00,2966.9,2970.0,2966.7,2968.6,540
2026-07-20T15:09:00+00:00,2968.4,2971.4,2968.2,2970.8,531
2026-07-20T15:10:00+00:00,2970.6,2971.8,2967.6,2967.7,406
2026-07-20T15:11:00+00:00,2967.7,2968.2,2966.4,2967.7,227
2026-07-20T15:12:00+00:00,2967.6,2969.4,2967.1,2967.3,113
2026-07-20T15:13:00+00:00,2967.4,2969.4,2967.0,2969.3,158
2026-07-20T15:14:00+00:00,2969.3,2969.6,2967.9,2968.8,235
2026-07-20T15:15:00+00:00,2968.7,2970.6,2967.6,2970.6,148
2026-07-20T15:16:00+00:00,2970.6,2970.7,2969.6,2970.4,159
2026-07-20T15:17:00+00:00,2970.7,2971.6,2970.0,2971.5,108
2026-07-20T15:18:00+00:00,2971.5,2972.2,2970.5,2971.4,192
2026-07-20T15:19:00+00:00,2971.4,2971.5,2969.6,2970.8,156
2026-07-20T15:20:00+00:00,2970.4,2970.5,2968.7,2970.5,210
2026-07-20T15:21:00+00:00,2970.5,2971.8,2970.2,2971.2,175
2026-07-20T15:22:00+00:00,2971.1,2972.4,2971.0,2972.3,89
2026-07-20T15:23:00+00:00,2972.2,2973.6,2971.9,2972.0,246
2026-07-20T15:24:00+00:00,2971.9,2973.1,2971.9,2972.4,101
2026-07-20T15:25:00+00:00,2972.4,2973.5,2971.8,2973.0,199
2026-07-20T15:26:00+00:00,2973.2,2974.0,2971.9,2971.9,116
2026-07-20T15:27:00+00:00,2971.8,2972.9,2971.6,2971.6,105
2026-07-20T15:28:00+00:00,2971.4,2972.1,2970.5,2970.8,111
2026-07-20T15:29:00+00:00,2970.6,2973.0,2970.6,2972.7,96
2026-07-20T15:30:00+00:00,2972.7,2973.3,2971.6,2972.8,196
2026-07-20T15:31:00+00:00,2973.0,2973.4,2972.4,2973.0,43
2026-07-20T15:32:00+00:00,2972.8,2972.8,2971.2,2971.2,92
2026-07-20T15:33:00+00:00,2971.4,2972.1,2970.2,2970.9,116
2026-07-20T15:34:00+00:00,2970.3,2972.5,2970.3,2972.2,236
2026-07-20T15:35:00+00:00,2972.1,2972.2,2970.2,2970.7,205
2026-07-20T15:36:00+00:00,2970.4,2970.6,2970.0,2970.4,62
2026-07-20T15:37:00+00:00,2970.2,2970.5,2968.3,2968.4,316
2026-07-20T15:38:00+00:00,2968.4,2969.3,2968.2,2969.1,159
2026-07-20T15:39:00+00:00,2969.4,2970.0,2968.4,2968.8,94
2026-07-20T15:40:00+00:00,2969.0,2969.0,2968.0,2968.7,90
2026-07-20T15:41:00+00:00,2968.9,2971.1,2968.9,2970.4,166
2026-07-20T15:42:00+00:00,2970.5,2971.5,2970.0,2970.5,91
2026-07-20T15:43:00+00:00,2970.6,2971.2,2969.9,2970.0,88
2026-07-20T15:44:00+00:00,2969.9,2971.8,2969.1,2971.8,139
2026-07-20T15:45:00+00:00,2971.9,2972.1,2970.7,2971.1,182
2026-07-20T15:46:00+00:00,2971.0,2971.8,2970.7,2971.8,85
2026-07-20T15:47:00+00:00,2972.1,2972.5,2970.7,2971.5,105
2026-07-20T15:48:00+00:00,2971.2,2971.3,2970.4,2970.9,161
2026-07-20T15:49:00+00:00,2970.9,2972.9,2970.8,2972.1,201
2026-07-20T15:50:00+00:00,2972.0,2972.4,2970.5,2971.5,235
2026-07-20T15:51:00+00:00,2971.6,2973.1,2971.0,2971.3,197
2026-07-20T15:52:00+00:00,2971.1,2971.1,2969.6,2970.1,333
2026-07-20T15:53:00+00:00,2970.1,2971.6,2969.4,2971.3,132
2026-07-20T15:54:00+00:00,2971.4,2973.0,2971.3,2971.9,124
2026-07-20T15:55:00+00:00,2972.1,2973.0,2972.0,2972.7,73
2026-07-20T15:56:00+00:00,2972.5,2973.4,2972.1,2973.1,73
2026-07-20T15:57:00+00:00,2973.2,2973.2,2970.7,2970.8,110
2026-07-20T15:58:00+00:00,2970.9,2971.7,2970.0,2970.0,171
2026-07-20T15:59:00+00:00,2970.3,2970.3,2968.8,2968.8,73
2026-07-20T16:00:00+00:00,2969.1,2970.1,2968.5,2970.1,104
2026-07-20T16:01:00+00:00,2970.6,2972.0,2970.1,2970.6,117
2026-07-20T16:02:00+00:00,2970.5,2970.6,2969.2,2970.2,130
2026-07-20T16:03:00+00:00,2970.3,2972.0,2969.8,2972.0,118
2026-07-20T16:04:00+00:00,2972.1,2973.0,2971.6,2971.6,148
2026-07-20T16:05:00+00:00,2971.5,2973.7,2971.4,2973.3,136
2026-07-20T16:06:00+00:00,2973.6,2974.1,2972.4,2974.0,83
2026-07-20T16:07:00+00:00,2974.0,2975.3,2973.9,2974.5,235
2026-07-20T16:08:00+00:00,2974.8,2975.3,2974.5,2974.6,85
2026-07-20T16:09:00+00:00,2975.0,2975.6,2974.7,2975.4,373
2026-07-20T16:10:00+00:00,2975.3,2977.4,2975.1,2976.8,392
2026-07-20T16:11:00+00:00,2977.0,2977.0,2976.2,2976.6,101
2026-07-20T16:12:00+00:00,2976.7,2977.2,2975.7,2975.7,184
2026-07-20T16:13:00+00:00,2975.6,2976.5,2975.2,2975.8,93
2026-07-20T16:14:00+00:00,2975.7,2976.3,2975.2,2976.1,80
2026-07-20T16:15:00+00:00,2976.1,2976.4,2974.3,2974.7,84
2026-07-20T16:16:00+00:00,2974.4,2974.8,2973.9,2974.1,155
2026-07-20T16:17:00+00:00,2974.1,2974.8,2973.9,2974.8,59
2026-07-20T16:18:00+00:00,2974.7,2974.9,2973.7,2974.0,57
2026-07-20T16:19:00+00:00,2974.1,2974.6,2973.8,2974.6,33
2026-07-20T16:20:00+00:00,2974.9,2975.4,2974.6,2974.9,84
2026-07-20T16:21:00+00:00,2975.1,2975.2,2974.1,2974.1,56
2026-07-20T16:22:00+00:00,2974.2,2974.7,2974.0,2974.0,36
2026-07-20T16:23:00+00:00,2974.2,2975.9,2974.2,2975.3,113
2026-07-20T16:24:00+00:00,2975.3,2975.8,2975.0,2975.3,56
2026-07-20T16:25:00+00:00,2975.5,2976.0,2973.3,2973.3,112
2026-07-20T16:26:00+00:00,2973.6,2973.7,2972.8,2973.5,150
2026-07-20T16:27:00+00:00,2973.5,2974.8,2973.5,2974.2,56
2026-07-20T16:28:00+00:00,2974.1,2974.3,2973.5,2973.5,70
2026-07-20T16:29:00+00:00,2973.7,2974.6,2973.7,2974.4,62
2026-07-20T16:30:00+00:00,2974.5,2975.6,2974.3,2974.5,107
2026-07-20T16:31:00+00:00,2974.6,2974.6,2972.7,2973.7,233
2026-07-20T16:32:00+00:00,2973.8,2974.1,2972.8,2973.0,154
2026-07-20T16:33:00+00:00,2972.9,2973.1,2971.0,2971.1,335
2026-07-20T16:34:00+00:00,2971.0,2972.5,2971.0,2971.8,113
2026-07-20T16:35:00+00:00,2971.7,2972.7,2971.5,2971.8,133
2026-07-20T16:36:00+00:00,2971.7,2971.9,2970.5,2971.0,91
2026-07-20T16:37:00+00:00,2970.8,2972.0,2970.1,2972.0,94
2026-07-20T16:38:00+00:00,2971.9,2972.1,2970.9,2971.3,38
2026-07-20T16:39:00+00:00,2971.4,2972.1,2971.3,2972.1,55
2026-07-20T16:40:00+00:00,2972.0,2973.0,2970.8,2970.9,92
2026-07-20T16:41:00+00:00,2970.8,2972.1,2963.7,2967.6,2218
2026-07-20T16:42:00+00:00,2967.6,2969.5,2967.0,2968.3,296
2026-07-20T16:43:00+00:00,2968.6,2969.5,2968.3,2969.2,160
2026-07-20T16:44:00+00:00,2969.0,2969.4,2967.2,2968.0,213
2026-07-20T16:45:00+00:00,2967.9,2968.9,2967.5,2968.8,226
2026-07-20T16:46:00+00:00,2968.8,2971.4,2968.3,2971.4,302
2026-07-20T16:47:00+00:00,2971.2,2972.0,2970.3,2970.3,195
2026-07-20T16:48:00+00:00,2970.4,2970.6,2969.8,2970.1,90
2026-07-20T16:49:00+00:00,2970.2,2971.7,2970.1,2971.4,63
2026-07-20T16:50:00+00:00,2971.7,2971.8,2969.9,2970.6,142
2026-07-20T16:51:00+00:00,2970.8,2971.1,2968.9,2969.2,124
2026-07-20T16:52:00+00:00,2969.3,2970.8,2968.7,2970.8,193
2026-07-20T16:53:00+00:00,2970.6,2970.8,2969.8,2970.7,50
2026-07-20T16:54:00+00:00,2970.5,2970.5,2968.2,2968.3,156
2026-07-20T16:55:00+00:00,2968.1,2969.2,2967.7,2969.2,90
2026-07-20T16:56:00+00:00,2969.0,2969.0,2967.7,2967.7,108
2026-07-20T16:57:00+00:00,2968.0,2969.1,2967.9,2968.5,104
2026-07-20T16:58:00+00:00,2968.7,2968.9,2967.8,2967.8,77
2026-07-20T16:59:00+00:00,2967.8,2968.7,2967.5,2968.7,77
2026-07-20T17:00:00+00:00,2968.8,2970.9,2968.7,2970.8,115
2026-07-20T17:01:00+00:00,2970.7,2971.1,2968.5,2968.8,104
2026-07-20T17:02:00+00:00,2968.7,2969.1,2968.1,2969.0,82
2026-07-20T17:03:00+00:00,2969.3,2969.4,2968.3,2968.7,60
2026-07-20T17:04:00+00:00,2968.7,2969.2,2968.4,2969.0,38
2026-07-20T17:05:00+00:00,2968.9,2969.0,2967.0,2967.6,122
2026-07-20T17:06:00+00:00,2967.6,2968.2,2967.1,2968.0,73
2026-07-20T17:07:00+00:00,2968.2,2968.3,2967.2,2967.9,41
2026-07-20T17:08:00+00:00,2968.1,2968.6,2967.2,2968.6,93
2026-07-20T17:09:00+00:00,2968.8,2970.3,2968.7,2970.1,97
2026-07-20T17:10:00+00:00,2970.1,2970.5,2968.5,2969.2,86
2026-07-20T17:11:00+00:00,2969.2,2969.6,2968.4,2969.1,82
2026-07-20T17:12:00+00:00,2969.3,2969.9,2969.0,2969.3,130
2026-07-20T17:13:00+00:00,2969.1,2969.7,2968.5,2969.2,108
2026-07-20T17:14:00+00:00,2968.8,2969.1,2967.9,2968.4,79
2026-07-20T17:15:00+00:00,2968.2,2968.3,2966.2,2966.2,203
2026-07-20T17:16:00+00:00,2966.1,2966.8,2965.8,2966.3,106
2026-07-20T17:17:00+00:00,2966.4,2967.9,2966.3,2967.6,117
2026-07-20T17:18:00+00:00,2967.8,2968.5,2967.5,2968.5,72
2026-07-20T17:19:00+00:00,2968.7,2969.3,2968.2,2968.7,101
2026-07-20T17:20:00+00:00,2968.5,2969.1,2968.2,2968.4,26
2026-07-20T17:21:00+00:00,2968.8,2970.3,2968.8,2969.9,111
2026-07-20T17:22:00+00:00,2970.2,2971.5,2970.2,2970.8,169
2026-07-20T17:23:00+00:00,2970.8,2970.9,2969.9,2970.5,43
2026-07-20T17:24:00+00:00,2970.2,2970.8,2969.3,2969.5,57
2026-07-20T17:25:00+00:00,2969.5,2970.2,2969.1,2969.5,61
2026-07-20T17:26:00+00:00,2969.8,2969.8,2968.7,2969.6,62
2026-07-20T17:27:00+00:00,2969.6,2969.6,2967.7,2967.9,47
2026-07-20T17:28:00+00:00,2968.2,2968.5,2967.9,2968.3,28
2026-07-20T17:29:00+00:00,2968.6,2969.2,2968.3,2969.0,55
2026-07-20T17:30:00+00:00,2969.3,2969.8,2968.5,2969.3,140
2026-07-20T17:31:00+00:00,2969.3,2969.4,2968.0,2968.1,45
2026-07-20T17:32:00+00:00,2968.0,2968.7,2967.5,2968.7,82
2026-07-20T17:33:00+00:00,2968.6,2969.0,2968.4,2968.8,69
2026-07-20T17:34:00+00:00,2968.7,2970.0,2968.6,2969.2,94
2026-07-20T17:35:00+00:00,2969.1,2970.1,2968.9,2969.9,76
2026-07-20T17:36:00+00:00,2969.8,2969.9,2967.6,2967.9,65
2026-07-20T17:37:00+00:00,2967.7,2967.7,2967.1,2967.3,62
2026-07-20T17:38:00+00:00,2967.3,2967.8,2966.8,2967.0,127
2026-07-20T17:39:00+00:00,2966.8,2967.9,2966.5,2966.6,53
2026-07-20T17:40:00+00:00,2966.6,2966.7,2965.5,2966.0,106
2026-07-20T17:41:00+00:00,2965.9,2966.7,2965.2,2966.5,322
2026-07-20T17:42:00+00:00,2966.5,2966.9,2966.0,2966.6,439
2026-07-20T17:43:00+00:00,2966.6,2967.3,2965.2,2965.5,132
2026-07-20T17:44:00+00:00,2965.5,2966.1,2965.3,2965.9,55
2026-07-20T17:45:00+00:00,2965.7,2967.9,2965.7,2967.9,98
2026-07-20T17:46:00+00:00,2968.0,2968.4,2966.8,2966.9,58
2026-07-20T17:47:00+00:00,2967.1,2967.5,2966.8,2967.4,68
2026-07-20T17:48:00+00:00,2967.5,2968.0,2967.3,2967.8,33
2026-07-20T17:49:00+00:00,2967.8,2968.0,2966.7,2967.3,55
2026-07-20T17:50:00+00:00,2967.3,2968.5,2967.1,2968.1,98
2026-07-20T17:51:00+00:00,2968.2,2969.3,2967.7,2969.0,62
2026-07-20T17:52:00+00:00,2968.8,2970.4,2968.8,2970.0,108
2026-07-20T17:53:00+00:00,2970.0,2970.5,2969.8,2970.2,59
2026-07-20T17:54:00+00:00,2970.4,2970.8,2970.0,2970.2,60
2026-07-20T17:55:00+00:00,2970.2,2970.6,2969.6,2970.5,37
2026-07-20T17:56:00+00:00,2970.5,2970.5,2968.9,2969.5,129
2026-07-20T17:57:00+00:00,2969.7,2970.8,2969.7,2970.7,96
2026-07-20T17:58:00+00:00,2970.7,2971.1,2970.2,2970.5,50
2026-07-20T17:59:00+00:00,2970.2,2970.4,2970.0,2970.3,53
2026-07-20T18:00:00+00:00,2970.3,2972.6,2970.3,2972.5,161
2026-07-20T18:01:00+00:00,2972.7,2973.1,2971.8,2972.4,137
2026-07-20T18:02:00+00:00,2972.1,2973.3,2971.6,2972.8,120
2026-07-20T18:03:00+00:00,2973.0,2973.0,2971.1,2971.4,97
2026-07-20T18:04:00+00:00,2971.6,2972.2,2971.4,2972.1,49
2026-07-20T18:05:00+00:00,2971.7,2972.9,2971.7,2972.3,73
2026-07-20T18:06:00+00:00,2972.2,2973.1,2972.0,2973.0,56
2026-07-20T18:07:00+00:00,2973.0,2973.0,2971.8,2971.8,55
2026-07-20T18:08:00+00:00,2971.7,2971.8,2971.1,2971.3,93
2026-07-20T18:09:00+00:00,2971.5,2972.9,2971.3,2972.7,61
2026-07-20T18:10:00+00:00,2972.6,2972.7,2971.8,2972.5,70
2026-07-20T18:11:00+00:00,2972.6,2972.6,2971.4,2972.1,55
2026-07-20T18:12:00+00:00,2972.1,2973.6,2972.0,2973.1,99
2026-07-20T18:13:00+00:00,2973.1,2973.8,2972.9,2973.5,75
2026-07-20T18:14:00+00:00,2973.6,2973.6,2972.6,2972.8,73
2026-07-20T18:15:00+00:00,2972.8,2973.7,2972.7,2973.6,47
2026-07-20T18:16:00+00:00,2973.5,2974.1,2972.8,2973.7,79
2026-07-20T18:17:00+00:00,2973.9,2974.8,2973.7,2973.7,136
2026-07-20T18:18:00+00:00,2973.9,2974.0,2972.2,2972.7,101
2026-07-20T18:19:00+00:00,2973.0,2973.1,2972.4,2973.0,61
2026-07-20T18:20:00+00:00,2973.1,2973.9,2973.0,2973.6,50
2026-07-20T18:21:00+00:00,2973.5,2973.9,2972.2,2973.0,395
2026-07-20T18:22:00+00:00,2972.9,2972.9,2971.4,2971.7,198
2026-07-20T18:23:00+00:00,2971.6,2971.6,2969.7,2970.7,312
2026-07-20T18:24:00+00:00,2970.6,2970.6,2969.2,2969.3,163
2026-07-20T18:25:00+00:00,2969.2,2972.1,2968.8,2971.6,295
2026-07-20T18:26:00+00:00,2971.9,2972.6,2971.4,2971.7,199
2026-07-20T18:27:00+00:00,2971.7,2971.7,2970.8,2971.4,74
2026-07-20T18:28:00+00:00,2971.1,2971.9,2970.6,2971.2,69
2026-07-20T18:29:00+00:00,2971.5,2971.9,2970.5,2970.5,48
2026-07-20T18:30:00+00:00,2970.6,2970.6,2968.3,2968.3,153
2026-07-20T18:31:00+00:00,2968.5,2968.7,2967.7,2968.2,123
2026-07-20T18:32:00+00:00,2968.2,2968.5,2967.2,2967.5,125
2026-07-20T18:33:00+00:00,2967.3,2967.3,2966.3,2967.0,151
2026-07-20T18:34:00+00:00,2966.8,2967.0,2965.3,2966.4,179
2026-07-20T18:35:00+00:00,2966.5,2968.1,2966.2,2967.7,141
2026-07-20T18:36:00+00:00,2967.8,2968.8,2967.1,2968.5,115
2026-07-20T18:37:00+00:00,2968.6,2969.0,2967.3,2967.5,55
2026-07-20T18:38:00+00:00,2967.3,2968.0,2966.2,2966.4,109
2026-07-20T18:39:00+00:00,2966.4,2966.7,2965.3,2966.4,177
2026-07-20T18:40:00+00:00,2966.2,2966.9,2965.9,2966.0,94
2026-07-20T18:41:00+00:00,2965.9,2966.2,2965.2,2966.2,158
2026-07-20T18:42:00+00:00,2966.0,2966.4,2965.3,2965.6,115
2026-07-20T18:43:00+00:00,2965.9,2965.9,2964.7,2965.2,125
2026-07-20T18:44:00+00:00,2965.3,2965.8,2964.0,2964.1,225
2026-07-20T18:45:00+00:00,2964.0,2964.4,2963.1,2963.9,221
2026-07-20T18:46:00+00:00,2964.0,2965.1,2963.7,2964.6,282
2026-07-20T18:47:00+00:00,2965.0,2965.7,2964.6,2965.5,172
2026-07-20T18:48:00+00:00,2965.6,2966.2,2965.2,2965.4,109
2026-07-20T18:49:00+00:00,2965.3,2966.3,2964.9,2964.9,164
2026-07-20T18:50:00+00:00,2964.9,2965.8,2964.2,2965.6,174
2026-07-20T18:51:00+00:00,2965.5,2965.8,2964.7,2964.8,80
2026-07-20T18:52:00+00:00,2965.0,2965.8,2965.0,2965.8,60
2026-07-20T18:53:00+00:00,2966.0,2966.4,2965.5,2966.2,52
2026-07-20T18:54:00+00:00,2966.5,2967.3,2966.0,2966.5,107
2026-07-20T18:55:00+00:00,2966.4,2966.6,2965.6,2966.3,33
2026-07-20T18:56:00+00:00,2966.4,2966.4,2965.5,2965.5,28
2026-07-20T18:57:00+00:00,2965.5,2965.5,2964.9,2965.0,212
2026-07-20T18:58:00+00:00,2964.9,2964.9,2963.7,2964.8,135
2026-07-20T18:59:00+00:00,2964.8,2965.5,2964.7,2964.8,51
2026-07-20T19:00:00+00:00,2964.7,2965.7,2964.1,2965.7,97
2026-07-20T19:01:00+00:00,2965.8,2965.9,2965.5,2965.5,51
2026-07-20T19:02:00+00:00,2965.3,2965.3,2962.8,2962.9,225
2026-07-20T19:03:00+00:00,2962.8,2963.1,2961.8,2962.0,168
2026-07-20T19:04:00+00:00,2961.8,2962.8,2961.4,2962.3,116
2026-07-20T19:05:00+00:00,2962.5,2962.7,2961.1,2961.1,178
2026-07-20T19:06:00+00:00,2961.1,2962.9,2960.8,2962.8,147
2026-07-20T19:07:00+00:00,2962.8,2963.2,2962.2,2962.7,87
2026-07-20T19:08:00+00:00,2962.8,2962.8,2961.8,2962.2,143
2026-07-20T19:09:00+00:00,2962.2,2963.9,2962.1,2963.6,185
2026-07-20T19:10:00+00:00,2963.7,2965.1,2963.7,2964.3,128
2026-07-20T19:11:00+00:00,2964.2,2964.2,2962.8,2963.0,117
2026-07-20T19:12:00+00:00,2962.9,2962.9,2961.6,2961.6,80
2026-07-20T19:13:00+00:00,2961.5,2961.5,2960.2,2960.3,173
2026-07-20T19:14:00+00:00,2960.3,2960.7,2958.8,2958.9,467
2026-07-20T19:15:00+00:00,2959.0,2960.3,2957.9,2960.3,297
2026-07-20T19:16:00+00:00,2960.2,2960.3,2958.9,2959.6,159
2026-07-20T19:17:00+00:00,2959.6,2959.7,2957.2,2957.7,402
2026-07-20T19:18:00+00:00,2957.7,2958.2,2957.2,2958.0,208
2026-07-20T19:19:00+00:00,2958.2,2958.6,2957.0,2957.0,120
2026-07-20T19:20:00+00:00,2957.1,2958.9,2956.8,2956.9,287
2026-07-20T19:21:00+00:00,2957.0,2958.7,2956.8,2957.8,284
2026-07-20T19:22:00+00:00,2958.3,2959.3,2957.7,2958.5,375
2026-07-20T19:23:00+00:00,2958.5,2959.4,2957.5,2959.4,158
2026-07-20T19:24:00+00:00,2959.4,2960.7,2959.2,2960.4,257
2026-07-20T19:25:00+00:00,2960.3,2960.4,2958.9,2958.9,309
2026-07-20T19:26:00+00:00,2958.9,2959.3,2958.3,2958.4,97
2026-07-20T19:27:00+00:00,2958.5,2958.9,2957.9,2958.9,82
2026-07-20T19:28:00+00:00,2959.0,2959.2,2958.1,2958.2,94
2026-07-20T19:29:00+00:00,2958.1,2962.6,2958.0,2961.5,1463
2026-07-20T19:30:00+00:00,2961.7,2962.7,2959.3,2959.3,441
2026-07-20T19:31:00+00:00,2959.1,2961.2,2958.9,2961.0,222
2026-07-20T19:32:00+00:00,2961.0,2963.1,2960.7,2963.0,220
2026-07-20T19:33:00+00:00,2962.9,2963.3,2962.0,2962.2,144
2026-07-20T19:34:00+00:00,2961.9,2962.8,2961.7,2961.7,82
2026-07-20T19:35:00+00:00,2961.7,2962.0,2960.4,2960.5,81
2026-07-20T19:36:00+00:00,2960.3,2961.2,2959.9,2960.1,72
2026-07-20T19:37:00+00:00,2960.2,2960.3,2959.2,2959.7,91
2026-07-20T19:38:00+00:00,2959.4,2960.6,2959.3,2959.9,93
2026-07-20T19:39:00+00:00,2959.9,2961.3,2959.9,2960.7,64
2026-07-20T19:40:00+00:00,2960.5,2961.7,2960.1,2961.4,62
2026-07-20T19:41:00+00:00,2961.5,2962.2,2961.0,2961.4,85
2026-07-20T19:42:00+00:00,2961.4,2962.1,2960.1,2960.5,182
2026-07-20T19:43:00+00:00,2960.3,2962.0,2960.1,2961.9,68
2026-07-20T19:44:00+00:00,2961.7,2962.9,2961.7,2962.9,94
2026-07-20T19:45:00+00:00,2962.7,2964.0,2962.2,2962.2,262
2026-07-20T19:46:00+00:00,2962.0,2963.2,2961.8,2963.2,117
2026-07-20T19:47:00+00:00,2963.3,2963.4,2962.6,2962.7,87
2026-07-20T19:48:00+00:00,2962.4,2962.8,2961.9,2962.3,64
2026-07-20T19:49:00+00:00,2962.9,2963.7,2962.9,2963.4,98
2026-07-20T19:50:00+00:00,2963.2,2963.9,2961.7,2962.2,382
2026-07-20T19:51:00+00:00,2962.3,2962.8,2960.8,2961.2,102
2026-07-20T19:52:00+00:00,2961.4,2961.4,2959.7,2960.1,187
2026-07-20T19:53:00+00:00,2959.9,2959.9,2958.1,2958.3,114
2026-07-20T19:54:00+00:00,2958.2,2958.5,2956.8,2958.1,186
2026-07-20T19:55:00+00:00,2958.0,2958.8,2956.0,2956.3,325
2026-07-20T19:56:00+00:00,2956.0,2957.4,2955.2,2956.8,174
2026-07-20T19:57:00+00:00,2956.8,2957.6,2956.3,2957.1,109
2026-07-20T19:58:00+00:00,2957.0,2957.5,2956.6,2957.2,275
2026-07-20T19:59:00+00:00,2957.0,2957.0,2954.3,2955.9,1106
2026-07-20T20:00:00+00:00,2956.0,2958.4,2955.9,2958.2,595
2026-07-20T20:01:00+00:00,2958.1,2958.2,2956.7,2956.8,167
2026-07-20T20:02:00+00:00,2956.8,2957.6,2956.5,2956.5,110
2026-07-20T20:03:00+00:00,2956.7,2957.0,2956.2,2956.7,48
2026-07-20T20:04:00+00:00,2956.6,2956.7,2956.0,2956.3,68
2026-07-20T20:05:00+00:00,2956.4,2957.0,2956.2,2956.2,94
2026-07-20T20:06:00+00:00,2956.4,2956.8,2956.1,2956.2,45
2026-07-20T20:07:00+00:00,2956.1,2956.1,2954.7,2955.2,201
2026-07-20T20:08:00+00:00,2955.3,2955.5,2954.9,2955.5,54
2026-07-20T20:09:00+00:00,2955.4,2955.4,2954.4,2954.7,50
2026-07-20T20:10:00+00:00,2954.5,2954.5,2953.5,2953.7,112
2026-07-20T20:11:00+00:00,2953.4,2953.7,2952.9,2953.5,155
2026-07-20T20:12:00+00:00,2953.6,2954.2,2953.5,2953.9,71
2026-07-20T20:13:00+00:00,2954.0,2954.7,2954.0,2954.4,39
2026-07-20T20:14:00+00:00,2954.1,2954.6,2953.9,2953.9,45
2026-07-20T20:15:00+00:00,2954.0,2954.2,2953.4,2953.5,71
2026-07-20T20:16:00+00:00,2953.4,2953.8,2953.2,2953.8,52
2026-07-20T20:17:00+00:00,2953.6,2953.7,2952.7,2953.2,63
2026-07-20T20:18:00+00:00,2953.1,2953.4,2952.8,2953.0,20
2026-07-20T20:19:00+00:00,2953.3,2953.8,2953.1,2953.8,17
2026-07-20T20:20:00+00:00,2953.8,2954.0,2953.7,2953.8,25
2026-07-20T20:21:00+00:00,2954.0,2954.2,2953.9,2954.1,18
2026-07-20T20:22:00+00:00,2954.1,2954.2,2953.9,2954.1,27
2026-07-20T20:23:00+00:00,2954.3,2954.3,2953.7,2954.0,14
2026-07-20T20:24:00+00:00,2953.9,2954.2,2953.9,2954.2,4
2026-07-20T20:25:00+00:00,2954.4,2954.5,2954.2,2954.2,14
2026-07-20T20:26:00+00:00,2954.1,2954.1,2953.1,2953.3,44
2026-07-20T20:27:00+00:00,2953.0,2953.4,2953.0,2953.4,19
2026-07-20T20:28:00+00:00,2953.4,2953.7,2953.4,2953.5,4
2026-07-20T20:29:00+00:00,2953.7,2953.8,2953.5,2953.6,20
2026-07-20T20:30:00+00:00,2953.5,2953.9,2953.5,2953.9,29
2026-07-20T20:31:00+00:00,2954.0,2954.4,2954.0,2954.1,24
2026-07-20T20:32:00+00:00,2954.2,2954.5,2953.9,2954.4,56
2026-07-20T20:33:00+00:00,2954.3,2954.8,2954.3,2954.7,35
2026-07-20T20:34:00+00:00,2954.5,2954.8,2954.4,2954.8,47
2026-07-20T20:35:00+00:00,2954.8,2954.8,2954.5,2954.7,12
2026-07-20T20:36:00+00:00,2954.9,2955.1,2954.8,2955.1,29
2026-07-20T20:37:00+00:00,2955.1,2955.5,2955.0,2955.3,43
2026-07-20T20:38:00+00:00,2955.4,2955.6,2955.0,2955.3,71
2026-07-20T20:39:00+00:00,2955.2,2955.5,2955.2,2955.5,14
2026-07-20T20:40:00+00:00,2955.4,2955.6,2955.0,2955.3,36
2026-07-20T20:41:00+00:00,2955.3,2955.4,2955.2,2955.4,17
2026-07-20T20:42:00+00:00,2955.3,2955.4,2954.8,2954.8,24
2026-07-20T20:43:00+00:00,2954.7,2954.7,2954.7,2954.7,2
2026-07-20T20:44:00+00:00,2954.7,2955.3,2954.7,2955.2,15
2026-07-20T20:45:00+00:00,2955.2,2955.6,2955.2,2955.2,27
2026-07-20T20:46:00+00:00,2955.5,2955.7,2955.3,2955.5,23
2026-07-20T20:47:00+00:00,2955.8,2956.1,2955.7,2955.9,18
2026-07-20T20:48:00+00:00,2956.0,2956.5,2956.0,2956.2,22
2026-07-20T20:49:00+00:00,2956.1,2956.2,2956.1,2956.1,33
2026-07-20T20:50:00+00:00,2956.0,2956.1,2955.5,2955.5,21
2026-07-20T20:51:00+00:00,2955.5,2955.5,2955.1,2955.4,59
2026-07-20T20:52:00+00:00,2955.4,2955.5,2955.1,2955.1,27
2026-07-20T20:53:00+00:00,2955.1,2955.2,2955.0,2955.1,11
2026-07-20T20:54:00+00:00,2955.2,2955.8,2955.0,2955.7,35
2026-07-20T20:55:00+00:00,2956.0,2956.2,2955.9,2956.0,13
2026-07-20T20:56:00+00:00,2956.1,2956.1,2955.6,2956.0,40
2026-07-20T20:57:00+00:00,2956.0,2956.3,2955.9,2956.2,11
2026-07-20T20:58:00+00:00,2956.3,2956.4,2956.0,2956.3,19
2026-07-20T20:59:00+00:00,2956.3,2956.9,2956.0,2956.3,109
2026-07-20T22:00:00+00:00,2957.6,2957.6,2953.6,2954.5,161
2026-07-20T22:01:00+00:00,2953.9,2954.2,2953.1,2954.1,55
2026-07-20T22:02:00+00:00,2954.0,2954.0,2953.1,2953.8,17
2026-07-20T22:03:00+00:00,2953.7,2953.7,2952.9,2953.2,15
2026-07-20T22:04:00+00:00,2953.3,2954.0,2952.3,2952.3,43
2026-07-20T22:05:00+00:00,2952.5,2952.8,2951.2,2951.3,112
2026-07-20T22:06:00+00:00,2951.9,2952.3,2951.3,2951.3,15
2026-07-20T22:07:00+00:00,2951.5,2952.7,2951.4,2952.7,11
2026-07-20T22:08:00+00:00,2952.3,2952.8,2952.3,2952.6,11
2026-07-20T22:09:00+00:00,2952.7,2953.5,2952.7,2953.5,15
2026-07-20T22:10:00+00:00,2953.4,2953.8,2953.4,2953.5,8
2026-07-20T22:11:00+00:00,2953.9,2953.9,2952.8,2952.9,25
2026-07-20T22:12:00+00:00,2952.9,2953.5,2952.9,2953.4,11
2026-07-20T22:13:00+00:00,2953.6,2953.6,2953.6,2953.6,1
2026-07-20T22:14:00+00:00,2953.0,2953.3,2953.0,2953.2,6
2026-07-20T22:15:00+00:00,2953.3,2953.5,2953.1,2953.5,16
2026-07-20T22:17:00+00:00,2953.0,2953.1,2952.7,2953.1,16
2026-07-20T22:18:00+00:00,2953.0,2954.1,2952.5,2952.5,47
2026-07-20T22:19:00+00:00,2952.7,2953.1,2952.6,2953.1,8
2026-07-20T22:20:00+00:00,2953.1,2953.1,2952.8,2952.9,6
2026-07-20T22:21:00+00:00,2953.0,2953.9,2953.0,2953.7,43
2026-07-20T22:22:00+00:00,2953.8,2953.8,2953.5,2953.5,6
2026-07-20T22:23:00+00:00,2953.5,2953.8,2953.5,2953.7,14
2026-07-20T22:24:00+00:00,2953.6,2954.2,2953.6,2954.2,10
2026-07-20T22:25:00+00:00,2954.1,2954.1,2953.6,2953.7,8
2026-07-20T22:26:00+00:00,2954.0,2954.0,2953.9,2954.0,5
2026-07-20T22:27:00+00:00,2953.9,2953.9,2953.4,2953.6,9
2026-07-20T22:28:00+00:00,2953.7,2954.0,2953.7,2954.0,3
2026-07-20T22:29:00+00:00,2953.9,2954.0,2953.9,2954.0,8
2026-07-20T22:30:00+00:00,2954.2,2954.7,2954.2,2954.7,19
2026-07-20T22:31:00+00:00,2954.6,2954.6,2954.1,2954.5,12
2026-07-20T22:32:00+00:00,2954.6,2954.6,2953.9,2954.0,15
2026-07-20T22:33:00+00:00,2954.2,2954.2,2953.6,2953.7,12
2026-07-20T22:34:00+00:00,2953.5,2953.5,2952.8,2953.4,32
2026-07-20T22:35:00+00:00,2953.6,2953.6,2953.4,2953.4,2
2026-07-20T22:36:00+00:00,2953.2,2953.4,2953.2,2953.4,9
2026-07-20T22:37:00+00:00,2953.4,2953.8,2953.4,2953.8,14
2026-07-20T22:38:00+00:00,2953.6,2953.7,2953.6,2953.7,5
2026-07-20T22:39:00+00:00,2953.9,2954.0,2953.9,2954.0,8
2026-07-20T22:40:00+00:00,2954.2,2954.2,2953.7,2953.8,6
2026-07-20T22:41:00+00:00,2953.8,2954.4,2953.8,2954.4,13
2026-07-20T22:42:00+00:00,2954.4,2954.7,2954.4,2954.5,7
2026-07-20T22:43:00+00:00,2954.6,2954.6,2954.2,2954.3,6
2026-07-20T22:44:00+00:00,2954.4,2954.5,2954.4,2954.5,11
2026-07-20T22:45:00+00:00,2954.6,2955.0,2954.1,2954.2,30
2026-07-20T22:46:00+00:00,2954.2,2954.3,2953.9,2953.9,7
2026-07-20T22:47:00+00:00,2953.9,2954.0,2953.9,2953.9,6
2026-07-20T22:48:00+00:00,2954.0,2954.0,2953.8,2953.8,10
2026-07-20T22:49:00+00:00,2953.7,2953.8,2953.6,2953.6,5
2026-07-20T22:50:00+00:00,2953.5,2953.5,2953.1,2953.2,49
2026-07-20T22:51:00+00:00,2953.2,2953.8,2953.2,2953.6,21
2026-07-20T22:52:00+00:00,2953.6,2953.6,2953.6,2953.6,1
2026-07-20T22:53:00+00:00,2953.8,2953.9,2953.8,2953.9,3
2026-07-20T22:56:00+00:00,2953.9,2953.9,2953.9,2953.9,3
2026-07-20T22:57:00+00:00,2953.8,2953.9,2953.6,2953.8,6
2026-07-20T22:58:00+00:00,2953.7,2953.7,2953.4,2953.4,8
2026-07-20T22:59:00+00:00,2953.6,2953.7,2953.6,2953.6,14
2026-07-20T23:00:00+00:00,2953.9,2954.2,2953.7,2954.1,39
2026-07-20T23:01:00+00:00,2954.3,2954.3,2954.3,2954.3,3
2026-07-20T23:02:00+00:00,2954.2,2954.9,2954.2,2954.7,24
2026-07-20T23:03:00+00:00,2954.9,2954.9,2954.9,2954.9,2
2026-07-20T23:04:00+00:00,2954.8,2955.0,2954.8,2955.0,2
2026-07-20T23:05:00+00:00,2955.4,2955.4,2955.2,2955.3,12
2026-07-20T23:06:00+00:00,2955.2,2955.5,2955.2,2955.5,6
2026-07-20T23:07:00+00:00,2955.5,2956.1,2955.5,2956.1,22
2026-07-20T23:08:00+00:00,2956.2,2956.5,2956.1,2956.1,19
2026-07-20T23:09:00+00:00,2956.4,2956.8,2956.4,2956.7,10
2026-07-20T23:10:00+00:00,2956.6,2957.1,2956.5,2957.0,13
2026-07-20T23:11:00+00:00,2957.1,2957.1,2956.9,2956.9,13
2026-07-20T23:12:00+00:00,2956.9,2957.1,2956.7,2956.9,13
2026-07-20T23:13:00+00:00,2956.8,2957.0,2956.7,2956.7,14
2026-07-20T23:14:00+00:00,2956.6,2957.1,2956.6,2956.9,17
2026-07-20T23:15:00+00:00,2957.0,2957.4,2957.0,2957.2,13
2026-07-20T23:16:00+00:00,2957.2,2957.2,2957.1,2957.1,2
2026-07-20T23:17:00+00:00,2957.1,2957.2,2957.0,2957.2,5
2026-07-20T23:18:00+00:00,2957.2,2957.7,2957.2,2957.6,19
2026-07-20T23:19:00+00:00,2957.5,2958.7,2957.5,2958.5,43
2026-07-20T23:20:00+00:00,2958.8,2958.9,2958.5,2958.5,15
2026-07-20T23:21:00+00:00,2958.7,2959.5,2958.7,2958.8,32
2026-07-20T23:22:00+00:00,2959.1,2959.7,2959.0,2959.7,28
2026-07-20T23:23:00+00:00,2959.6,2959.8,2959.3,2959.5,14
2026-07-20T23:24:00+00:00,2959.3,2959.5,2959.1,2959.1,10
2026-07-20T23:25:00+00:00,2959.2,2959.2,2959.2,2959.2,3
2026-07-20T23:26:00+00:00,2959.0,2959.2,2958.9,2958.9,38
2026-07-20T23:27:00+00:00,2958.8,2959.0,2958.7,2958.9,6
2026-07-20T23:28:00+00:00,2959.0,2959.0,2958.9,2958.9,6
2026-07-20T23:29:00+00:00,2959.1,2959.6,2959.1,2959.5,9
2026-07-20T23:30:00+00:00,2959.4,2959.5,2959.1,2959.3,32
2026-07-20T23:31:00+00:00,2959.4,2959.5,2959.4,2959.5,3
2026-07-20T23:32:00+00:00,2959.5,2960.1,2959.4,2959.9,39
2026-07-20T23:33:00+00:00,2960.0,2960.4,2960.0,2960.1,18
2026-07-20T23:34:00+00:00,2959.4,2959.5,2959.2,2959.5,18
2026-07-20T23:35:00+00:00,2959.5,2959.6,2959.4,2959.6,4
2026-07-20T23:36:00+00:00,2959.5,2959.6,2959.1,2959.3,7
2026-07-20T23:37:00+00:00,2959.3,2959.3,2959.2,2959.2,7
2026-07-20T23:38:00+00:00,2959.3,2959.5,2959.3,2959.4,9
2026-07-20T23:39:00+00:00,2959.2,2959.3,2958.7,2958.7,8
2026-07-20T23:40:00+00:00,2958.9,2959.0,2958.5,2958.7,17
2026-07-20T23:41:00+00:00,2958.8,2959.5,2958.8,2959.0,16
2026-07-20T23:42:00+00:00,2959.2,2959.3,2959.0,2959.1,22
2026-07-20T23:43:00+00:00,2958.8,2958.9,2958.7,2958.9,14
2026-07-20T23:44:00+00:00,2959.1,2959.1,2958.5,2958.5,16
2026-07-20T23:45:00+00:00,2958.6,2959.6,2958.4,2958.7,49
2026-07-20T23:46:00+00:00,2958.5,2958.5,2958.2,2958.2,7
2026-07-20T23:47:00+00:00,2958.2,2958.8,2957.8,2958.8,42
2026-07-20T23:48:00+00:00,2958.3,2958.3,2957.9,2957.9,5
2026-07-20T23:49:00+00:00,2957.7,2957.9,2957.6,2957.6,26
2026-07-20T23:50:00+00:00,2957.5,2957.5,2956.3,2956.5,48
2026-07-20T23:51:00+00:00,2956.4,2956.6,2955.6,2955.7,25
2026-07-20T23:52:00+00:00,2955.8,2955.8,2955.3,2955.7,36
2026-07-20T23:53:00+00:00,2955.7,2956.0,2955.2,2955.4,9
2026-07-20T23:54:00+00:00,2955.5,2956.4,2955.2,2956.4,14
2026-07-20T23:55:00+00:00,2956.4,2956.8,2956.0,2956.8,16
2026-07-20T23:56:00+00:00,2957.2,2957.5,2957.1,2957.3,24
2026-07-20T23:57:00+00:00,2957.2,2957.4,2957.2,2957.4,9
2026-07-20T23:58:00+00:00,2957.3,2957.8,2957.2,2957.5,16
2026-07-20T23:59:00+00:00,2957.0,2957.0,2956.5,2956.9,18
2026-07-21T00:00:00+00:00,2956.6,2956.6,2954.1,2954.6,128
2026-07-21T00:01:00+00:00,2954.5,2955.5,2954.0,2954.2,32
2026-07-21T00:02:00+00:00,2954.2,2954.4,2953.7,2954.1,65
2026-07-21T00:03:00+00:00,2954.8,2955.3,2954.5,2954.8,18
2026-07-21T00:04:00+00:00,2954.6,2955.0,2954.3,2955.0,15
2026-07-21T00:05:00+00:00,2955.1,2955.7,2954.5,2954.9,43
2026-07-21T00:06:00+00:00,2955.4,2955.7,2954.5,2954.9,21
2026-07-21T00:07:00+00:00,2954.2,2954.5,2952.9,2953.4,49
2026-07-21T00:08:00+00:00,2953.3,2953.6,2953.1,2953.2,10
2026-07-21T00:09:00+00:00,2953.6,2954.5,2953.6,2954.3,19
2026-07-21T00:10:00+00:00,2954.3,2954.5,2953.8,2954.0,19
2026-07-21T00:11:00+00:00,2953.7,2954.5,2953.4,2954.0,14
2026-07-21T00:12:00+00:00,2953.9,2955.5,2953.9,2955.4,14
2026-07-21T00:13:00+00:00,2955.6,2956.3,2955.5,2955.6,23
2026-07-21T00:14:00+00:00,2955.5,2955.5,2954.0,2954.2,30
2026-07-21T00:15:00+00:00,2954.5,2954.5,2952.3,2952.4,56
2026-07-21T00:16:00+00:00,2952.4,2954.2,2952.0,2953.9,38
2026-07-21T00:17:00+00:00,2953.8,2955.0,2953.7,2955.0,39
2026-07-21T00:18:00+00:00,2955.1,2955.8,2954.6,2955.8,33
2026-07-21T00:19:00+00:00,2955.8,2957.6,2955.8,2957.6,70
2026-07-21T00:20:00+00:00,2957.5,2957.8,2956.8,2956.8,37
2026-07-21T00:21:00+00:00,2956.1,2956.6,2955.8,2955.8,31
2026-07-21T00:22:00+00:00,2955.5,2955.6,2954.5,2954.8,25
2026-07-21T00:23:00+00:00,2954.8,2954.9,2954.5,2954.5,7
2026-07-21T00:24:00+00:00,2954.6,2955.4,2954.6,2955.3,11
2026-07-21T00:25:00+00:00,2955.4,2955.4,2954.9,2955.4,6
2026-07-21T00:26:00+00:00,2955.8,2956.3,2955.7,2955.8,25
2026-07-21T00:27:00+00:00,2955.9,2957.1,2955.9,2956.8,18
2026-07-21T00:28:00+00:00,2957.0,2957.2,2956.3,2956.4,9
2026-07-21T00:29:00+00:00,2956.0,2956.1,2955.5,2956.1,6
2026-07-21T00:30:00+00:00,2956.1,2956.6,2956.0,2956.6,57
2026-07-21T00:31:00+00:00,2957.2,2957.4,2956.5,2956.9,14
2026-07-21T00:32:00+00:00,2957.2,2958.2,2957.1,2958.2,31
2026-07-21T00:33:00+00:00,2958.3,2958.9,2957.7,2957.8,105
2026-07-21T00:34:00+00:00,2957.6,2958.7,2957.6,2958.7,13
2026-07-21T00:35:00+00:00,2958.8,2958.8,2958.5,2958.5,15
2026-07-21T00:36:00+00:00,2958.6,2958.6,2958.0,2958.0,11
2026-07-21T00:37:00+00:00,2957.8,2958.4,2957.5,2958.0,35
2026-07-21T00:38:00+00:00,2958.1,2958.5,2958.1,2958.4,12
2026-07-21T00:39:00+00:00,2958.4,2959.1,2958.3,2959.1,22
2026-07-21T00:40:00+00:00,2958.7,2958.9,2958.5,2958.5,16
2026-07-21T00:41:00+00:00,2958.6,2959.4,2958.4,2959.1,52
2026-07-21T00:42:00+00:00,2959.2,2959.9,2959.1,2959.8,24
2026-07-21T00:43:00+00:00,2959.5,2959.5,2958.9,2958.9,21
2026-07-21T00:44:00+00:00,2959.3,2959.5,2959.2,2959.2,21
2026-07-21T00:45:00+00:00,2959.4,2959.8,2959.4,2959.6,25
2026-07-21T00:46:00+00:00,2959.1,2959.9,2959.0,2959.9,55
2026-07-21T00:47:00+00:00,2959.9,2959.9,2959.5,2959.5,5
2026-07-21T00:48:00+00:00,2960.0,2961.0,2959.7,2961.0,77
2026-07-21T00:49:00+00:00,2960.7,2961.1,2960.6,2960.7,29
2026-07-21T00:50:00+00:00,2960.8,2961.1,2960.8,2961.1,21
2026-07-21T00:51:00+00:00,2961.0,2961.3,2960.9,2961.2,15
2026-07-21T00:52:00+00:00,2961.3,2961.7,2961.1,2961.5,29
2026-07-21T00:53:00+00:00,2961.6,2961.9,2961.5,2961.9,20
2026-07-21T00:54:00+00:00,2961.8,2961.9,2961.4,2961.7,18
2026-07-21T00:55:00+00:00,2961.9,2962.0,2961.3,2961.4,63
2026-07-21T00:56:00+00:00,2961.4,2961.8,2961.4,2961.8,13
2026-07-21T00:57:00+00:00,2961.7,2962.2,2961.6,2962.2,52
2026-07-21T00:58:00+00:00,2962.1,2962.1,2961.6,2962.0,15
2026-07-21T00:59:00+00:00,2961.8,2961.9,2961.3,2961.4,51
2026-07-21T01:00:00+00:00,2961.4,2961.7,2960.8,2961.2,64
2026-07-21T01:01:00+00:00,2961.3,2961.3,2960.1,2960.2,32
2026-07-21T01:02:00+00:00,2960.2,2960.2,2959.0,2959.3,24
2026-07-21T01:03:00+00:00,2959.8,2959.8,2958.6,2959.6,43
2026-07-21T01:04:00+00:00,2959.7,2960.6,2959.5,2960.5,19
2026-07-21T01:05:00+00:00,2960.9,2961.3,2960.4,2960.5,7
2026-07-21T01:06:00+00:00,2961.1,2962.0,2961.1,2961.5,14
2026-07-21T01:07:00+00:00,2961.4,2961.4,2961.1,2961.1,4
2026-07-21T01:08:00+00:00,2962.0,2963.2,2962.0,2962.8,45
2026-07-21T01:09:00+00:00,2962.5,2963.2,2962.5,2962.7,17
2026-07-21T01:10:00+00:00,2963.1,2963.5,2962.5,2962.9,31
2026-07-21T01:11:00+00:00,2963.0,2963.1,2962.6,2962.6,4
2026-07-21T01:12:00+00:00,2962.9,2963.6,2962.9,2963.4,61
2026-07-21T01:13:00+00:00,2963.4,2963.4,2962.9,2963.0,28
2026-07-21T01:14:00+00:00,2963.4,2964.2,2963.4,2964.1,36
2026-07-21T01:15:00+00:00,2963.9,2964.3,2963.4,2963.5,31
2026-07-21T01:16:00+00:00,2963.4,2964.0,2963.4,2963.5,16
2026-07-21T01:17:00+00:00,2963.6,2963.8,2962.9,2962.9,46
2026-07-21T01:18:00+00:00,2962.6,2962.7,2961.8,2961.9,34
2026-07-21T01:19:00+00:00,2961.9,2963.4,2961.3,2963.4,56
2026-07-21T01:20:00+00:00,2963.6,2964.0,2962.3,2963.0,42
2026-07-21T01:21:00+00:00,2963.1,2963.2,2962.8,2963.0,48
2026-07-21T01:22:00+00:00,2962.8,2963.2,2962.5,2963.2,7
2026-07-21T01:23:00+00:00,2963.1,2963.1,2962.8,2962.8,5
2026-07-21T01:24:00+00:00,2962.9,2963.3,2962.9,2963.3,3
2026-07-21T01:25:00+00:00,2963.1,2963.1,2962.8,2962.8,8
2026-07-21T01:26:00+00:00,2962.9,2962.9,2962.2,2962.5,15
2026-07-21T01:27:00+00:00,2963.0,2963.2,2962.6,2962.6,8
2026-07-21T01:28:00+00:00,2962.6,2962.6,2962.4,2962.6,7
2026-07-21T01:29:00+00:00,2962.6,2963.0,2962.5,2962.6,8
2026-07-21T01:30:00+00:00,2962.6,2963.5,2962.6,2962.6,23
2026-07-21T01:31:00+00:00,2962.2,2962.8,2962.2,2962.8,10
2026-07-21T01:32:00+00:00,2962.9,2963.0,2962.6,2962.9,11
2026-07-21T01:33:00+00:00,2963.0,2963.3,2963.0,2963.2,20
2026-07-21T01:34:00+00:00,2963.1,2963.3,2963.1,2963.3,2
2026-07-21T01:35:00+00:00,2963.2,2963.2,2962.3,2962.3,8
2026-07-21T01:36:00+00:00,2962.3,2962.7,2962.1,2962.7,17
2026-07-21T01:37:00+00:00,2962.4,2962.4,2962.1,2962.3,11
2026-07-21T01:38:00+00:00,2962.3,2962.3,2961.5,2961.7,19
2026-07-21T01:39:00+00:00,2961.5,2961.6,2960.9,2960.9,56
2026-07-21T01:40:00+00:00,2960.8,2961.3,2960.3,2961.2,34
2026-07-21T01:41:00+00:00,2961.3,2961.5,2960.6,2960.7,29
2026-07-21T01:42:00+00:00,2960.7,2960.9,2960.6,2960.8,20
2026-07-21T01:43:00+00:00,2960.6,2960.6,2960.2,2960.2,13
2026-07-21T01:44:00+00:00,2960.1,2960.3,2960.0,2960.0,8
2026-07-21T01:45:00+00:00,2960.3,2960.8,2959.9,2960.8,22
2026-07-21T01:46:00+00:00,2960.9,2960.9,2960.7,2960.7,5
2026-07-21T01:47:00+00:00,2961.1,2961.5,2961.1,2961.4,12
2026-07-21T01:48:00+00:00,2961.1,2962.0,2961.1,2961.5,8
2026-07-21T01:49:00+00:00,2961.4,2961.8,2961.4,2961.5,9
2026-07-21T01:50:00+00:00,2961.6,2961.8,2961.3,2961.8,45
2026-07-21T01:51:00+00:00,2961.2,2961.2,2960.3,2960.6,13
2026-07-21T01:52:00+00:00,2960.7,2960.7,2960.7,2960.7,2
2026-07-21T01:53:00+00:00,2960.6,2960.9,2960.4,2960.9,5
2026-07-21T01:54:00+00:00,2960.9,2961.2,2960.9,2961.2,4
2026-07-21T01:55:00+00:00,2961.0,2961.0,2960.5,2960.6,11
2026-07-21T01:56:00+00:00,2960.7,2960.8,2960.0,2960.0,3
2026-07-21T01:57:00+00:00,2960.0,2960.0,2959.5,2959.5,19
2026-07-21T01:58:00+00:00,2959.7,2960.0,2959.7,2960.0,5
2026-07-21T01:59:00+00:00,2959.8,2959.8,2959.7,2959.7,6
2026-07-21T02:00:00+00:00,2960.1,2960.8,2960.1,2960.8,40
2026-07-21T02:01:00+00:00,2960.6,2960.6,2960.2,2960.2,10
2026-07-21T02:02:00+00:00,2960.5,2960.6,2960.4,2960.4,4
2026-07-21T02:03:00+00:00,2960.6,2961.8,2960.6,2961.8,15
2026-07-21T02:04:00+00:00,2962.0,2962.2,2961.7,2961.7,49
2026-07-21T02:05:00+00:00,2961.7,2963.1,2961.7,2962.9,42
2026-07-21T02:06:00+00:00,2962.9,2963.5,2962.7,2962.7,12
2026-07-21T02:07:00+00:00,2962.5,2962.5,2962.5,2962.5,5
2026-07-21T02:08:00+00:00,2962.3,2962.3,2962.0,2962.0,12
2026-07-21T02:09:00+00:00,2961.8,2962.0,2961.1,2961.1,39
2026-07-21T02:10:00+00:00,2961.1,2961.1,2960.3,2960.3,8
2026-07-21T02:11:00+00:00,2960.1,2960.7,2960.0,2960.7,35
2026-07-21T02:12:00+00:00,2960.7,2960.7,2960.1,2960.1,23
2026-07-21T02:13:00+00:00,2960.4,2960.4,2960.0,2960.0,12
2026-07-21T02:14:00+00:00,2959.8,2960.0,2959.8,2959.8,5
2026-07-21T02:15:00+00:00,2959.8,2960.1,2959.2,2959.3,61
2026-07-21T02:16:00+00:00,2959.0,2959.6,2959.0,2959.5,15
2026-07-21T02:18:00+00:00,2959.6,2959.7,2959.5,2959.6,7
2026-07-21T02:19:00+00:00,2958.6,2958.8,2957.9,2958.5,76
2026-07-21T02:20:00+00:00,2958.5,2958.8,2958.4,2958.4,17
2026-07-21T02:21:00+00:00,2958.7,2959.8,2958.7,2959.8,22
2026-07-21T02:22:00+00:00,2959.9,2960.3,2959.8,2960.2,18
2026-07-21T02:23:00+00:00,2960.6,2961.3,2960.6,2961.3,6
2026-07-21T02:24:00+00:00,2961.4,2961.7,2961.4,2961.6,6
2026-07-21T02:25:00+00:00,2961.9,2962.7,2961.9,2962.7,33
2026-07-21T02:26:00+00:00,2962.5,2962.5,2962.2,2962.2,15
2026-07-21T02:27:00+00:00,2962.3,2962.4,2962.0,2962.4,13
2026-07-21T02:28:00+00:00,2962.7,2963.1,2962.6,2962.8,64
2026-07-21T02:29:00+00:00,2962.1,2962.3,2961.8,2962.0,18
2026-07-21T02:30:00+00:00,2961.6,2962.6,2961.5,2962.6,22
2026-07-21T02:31:00+00:00,2962.5,2962.9,2962.5,2962.9,13
2026-07-21T02:32:00+00:00,2963.0,2963.0,2962.7,2962.7,2
2026-07-21T02:33:00+00:00,2962.9,2962.9,2962.7,2962.7,3
2026-07-21T02:34:00+00:00,2963.1,2963.2,2962.7,2962.7,13
2026-07-21T02:35:00+00:00,2963.0,2963.0,2963.0,2963.0,2
2026-07-21T02:36:00+00:00,2963.4,2964.6,2963.4,2964.3,75
2026-07-21T02:37:00+00:00,2964.4,2964.6,2964.1,2964.3,27
2026-07-21T02:38:00+00:00,2964.3,2964.5,2963.9,2963.9,40
2026-07-21T02:39:00+00:00,2963.8,2963.8,2963.3,2963.3,19
2026-07-21T02:40:00+00:00,2963.2,2963.2,2962.9,2963.1,10
2026-07-21T02:41:00+00:00,2963.2,2963.4,2963.1,2963.4,7
2026-07-21T02:42:00+00:00,2963.3,2963.5,2963.2,2963.3,5
2026-07-21T02:43:00+00:00,2963.4,2963.6,2963.4,2963.6,9
2026-07-21T02:44:00+00:00,2963.1,2963.2,2963.1,2963.2,3
2026-07-21T02:45:00+00:00,2963.0,2963.0,2962.8,2963.0,10
2026-07-21T02:46:00+00:00,2963.1,2963.1,2963.1,2963.1,1
2026-07-21T02:48:00+00:00,2963.0,2963.3,2963.0,2963.3,2
2026-07-21T02:49:00+00:00,2962.8,2962.9,2962.8,2962.9,3
2026-07-21T02:50:00+00:00,2962.9,2962.9,2962.9,2962.9,3
2026-07-21T02:52:00+00:00,2963.4,2963.4,2962.9,2962.9,8
2026-07-21T02:53:00+00:00,2962.7,2962.9,2962.7,2962.9,3
2026-07-21T02:54:00+00:00,2963.1,2963.8,2963.1,2963.7,13
2026-07-21T02:55:00+00:00,2964.0,2964.0,2963.9,2963.9,2
2026-07-21T02:56:00+00:00,2964.1,2964.5,2964.0,2964.2,38
2026-07-21T02:57:00+00:00,2964.1,2964.4,2964.1,2964.1,6
2026-07-21T02:58:00+00:00,2964.4,2964.5,2964.3,2964.5,7
2026-07-21T02:59:00+00:00,2964.5,2964.6,2964.4,2964.6,3
2026-07-21T03:00:00+00:00,2964.7,2965.1,2964.6,2964.8,61
2026-07-21T03:01:00+00:00,2965.0,2965.0,2964.9,2964.9,4
2026-07-21T03:02:00+00:00,2965.0,2965.4,2964.6,2964.6,19
2026-07-21T03:03:00+00:00,2964.5,2964.7,2964.5,2964.7,6
2026-07-21T03:04:00+00:00,2964.9,2964.9,2964.7,2964.8,9
2026-07-21T03:05:00+00:00,2964.8,2965.5,2964.7,2965.2,193
2026-07-21T03:06:00+00:00,2965.2,2965.2,2964.8,2964.9,9
2026-07-21T03:07:00+00:00,2965.1,2965.3,2965.1,2965.3,4
2026-07-21T03:08:00+00:00,2965.0,2965.1,2964.7,2964.7,43
2026-07-21T03:09:00+00:00,2964.7,2964.7,2964.7,2964.7,1
2026-07-21T03:10:00+00:00,2965.0,2965.2,2965.0,2965.2,9
2026-07-21T03:11:00+00:00,2965.2,2965.4,2965.0,2965.0,231
2026-07-21T03:12:00+00:00,2965.1,2965.1,2964.8,2964.8,6
2026-07-21T03:13:00+00:00,2964.7,2965.0,2964.7,2965.0,4
2026-07-21T03:14:00+00:00,2965.0,2965.0,2964.8,2964.8,11
2026-07-21T03:15:00+00:00,2964.8,2964.9,2964.8,2964.8,33
2026-07-21T03:16:00+00:00,2965.0,2965.0,2965.0,2965.0,1
2026-07-21T03:17:00+00:00,2965.2,2965.5,2965.1,2965.5,40
2026-07-21T03:18:00+00:00,2965.3,2965.7,2965.2,2965.7,27
2026-07-21T03:19:00+00:00,2965.8,2966.4,2965.7,2966.4,26
2026-07-21T03:20:00+00:00,2966.2,2966.2,2966.1,2966.1,19
2026-07-21T03:21:00+00:00,2966.4,2967.1,2966.4,2966.6,50
2026-07-21T03:22:00+00:00,2966.7,2967.0,2966.5,2967.0,18
2026-07-21T03:23:00+00:00,2966.8,2966.8,2966.6,2966.6,4
2026-07-21T03:24:00+00:00,2966.8,2967.2,2966.8,2966.9,26
2026-07-21T03:25:00+00:00,2967.0,2967.2,2967.0,2967.0,42
2026-07-21T03:26:00+00:00,2967.1,2967.3,2967.0,2967.3,12
2026-07-21T03:27:00+00:00,2967.0,2967.2,2967.0,2967.2,8
2026-07-21T03:28:00+00:00,2967.1,2967.5,2967.1,2967.5,8
2026-07-21T03:29:00+00:00,2967.5,2967.6,2967.1,2967.5,74
2026-07-21T03:30:00+00:00,2967.5,2967.6,2967.3,2967.3,16
2026-07-21T03:31:00+00:00,2967.1,2967.2,2967.1,2967.2,20
2026-07-21T03:32:00+00:00,2967.1,2967.3,2967.1,2967.3,11
2026-07-21T03:33:00+00:00,2967.2,2967.4,2967.2,2967.3,14
2026-07-21T03:34:00+00:00,2967.3,2967.5,2967.3,2967.3,12
2026-07-21T03:35:00+00:00,2967.4,2968.0,2967.4,2967.8,29
2026-07-21T03:36:00+00:00,2967.9,2968.3,2967.7,2967.9,31
2026-07-21T03:37:00+00:00,2967.7,2968.0,2967.6,2968.0,16
2026-07-21T03:38:00+00:00,2968.0,2968.1,2967.9,2967.9,52
2026-07-21T03:39:00+00:00,2968.0,2968.1,2967.4,2967.8,25
2026-07-21T03:40:00+00:00,2968.0,2968.4,2967.9,2968.3,43
2026-07-21T03:41:00+00:00,2968.2,2968.5,2968.1,2968.3,15
2026-07-21T03:42:00+00:00,2968.1,2968.3,2968.1,2968.2,24
2026-07-21T03:43:00+00:00,2968.2,2968.3,2968.1,2968.3,10
2026-07-21T03:44:00+00:00,2968.2,2968.3,2968.2,2968.2,4
2026-07-21T03:45:00+00:00,2968.1,2968.5,2968.0,2968.4,38
2026-07-21T03:46:00+00:00,2968.5,2969.0,2968.5,2968.7,58
2026-07-21T03:47:00+00:00,2968.7,2968.8,2968.3,2968.3,47
2026-07-21T03:48:00+00:00,2968.5,2969.3,2968.5,2969.3,59
2026-07-21T03:49:00+00:00,2969.3,2969.6,2969.3,2969.6,43
2026-07-21T03:50:00+00:00,2969.7,2969.9,2969.0,2969.0,74
2026-07-21T03:51:00+00:00,2969.2,2969.5,2969.2,2969.5,4
2026-07-21T03:52:00+00:00,2969.3,2969.3,2969.0,2969.0,13
2026-07-21T03:53:00+00:00,2969.3,2969.6,2969.3,2969.6,5
2026-07-21T03:54:00+00:00,2969.2,2969.5,2969.2,2969.5,11
2026-07-21T03:55:00+00:00,2969.7,2969.8,2969.3,2969.3,9
2026-07-21T03:56:00+00:00,2969.2,2969.5,2969.2,2969.5,9
2026-07-21T03:57:00+00:00,2969.5,2970.9,2969.5,2970.3,183
2026-07-21T03:58:00+00:00,2970.5,2970.5,2970.1,2970.3,10
2026-07-21T03:59:00+00:00,2970.3,2971.0,2970.2,2971.0,47
2026-07-21T04:00:00+00:00,2971.2,2971.8,2970.9,2971.4,42
2026-07-21T04:01:00+00:00,2971.2,2972.1,2971.2,2972.1,33
2026-07-21T04:02:00+00:00,2972.0,2972.2,2972.0,2972.1,15
2026-07-21T04:03:00+00:00,2971.8,2971.8,2971.5,2971.6,13
2026-07-21T04:04:00+00:00,2971.6,2971.6,2971.5,2971.5,4
2026-07-21T04:05:00+00:00,2971.5,2971.6,2971.2,2971.5,16
2026-07-21T04:06:00+00:00,2971.8,2973.4,2971.8,2973.3,52
2026-07-21T04:07:00+00:00,2972.8,2972.8,2972.6,2972.8,21
2026-07-21T04:08:00+00:00,2972.5,2972.5,2972.1,2972.1,15
2026-07-21T04:09:00+00:00,2972.2,2972.2,2971.9,2971.9,9
2026-07-21T04:10:00+00:00,2971.8,2972.2,2971.6,2972.2,17
2026-07-21T04:11:00+00:00,2971.8,2972.0,2971.8,2972.0,7
2026-07-21T04:12:00+00:00,2971.9,2971.9,2971.9,2971.9,1
2026-07-21T04:13:00+00:00,2971.9,2972.0,2971.6,2971.6,12
2026-07-21T04:14:00+00:00,2971.6,2971.7,2971.4,2971.6,11
2026-07-21T04:15:00+00:00,2971.5,2971.6,2971.0,2971.4,47
2026-07-21T04:16:00+00:00,2971.5,2971.6,2971.4,2971.5,14
2026-07-21T04:17:00+00:00,2971.5,2971.7,2971.4,2971.6,16
2026-07-21T04:18:00+00:00,2971.6,2971.6,2971.5,2971.5,2
2026-07-21T04:19:00+00:00,2971.3,2971.3,2971.1,2971.1,7
2026-07-21T04:20:00+00:00,2971.0,2971.3,2971.0,2971.3,13
2026-07-21T04:21:00+00:00,2971.4,2971.4,2971.4,2971.4,3
2026-07-21T04:22:00+00:00,2971.3,2971.3,2971.3,2971.3,1
2026-07-21T04:23:00+00:00,2971.2,2971.2,2971.2,2971.2,2
2026-07-21T04:24:00+00:00,2971.1,2971.5,2971.1,2971.5,5
2026-07-21T04:25:00+00:00,2971.6,2971.7,2971.4,2971.5,17
2026-07-21T04:26:00+00:00,2971.5,2971.5,2971.0,2971.0,3
2026-07-21T04:27:00+00:00,2971.0,2971.0,2971.0,2971.0,3
2026-07-21T04:28:00+00:00,2971.2,2971.4,2971.2,2971.4,2
2026-07-21T04:29:00+00:00,2971.1,2971.4,2971.1,2971.2,3
2026-07-21T04:30:00+00:00,2971.5,2971.5,2971.5,2971.5,1
2026-07-21T04:31:00+00:00,2971.4,2971.8,2971.4,2971.8,3
2026-07-21T04:32:00+00:00,2972.0,2972.0,2972.0,2972.0,3
2026-07-21T04:33:00+00:00,2971.9,2971.9,2971.9,2971.9,3
2026-07-21T04:34:00+00:00,2971.7,2972.0,2971.7,2971.8,11
2026-07-21T04:35:00+00:00,2971.9,2972.5,2971.9,2972.5,10
2026-07-21T04:36:00+00:00,2972.8,2972.8,2972.3,2972.3,2
2026-07-21T04:37:00+00:00,2972.1,2972.5,2972.0,2972.5,12
2026-07-21T04:38:00+00:00,2972.8,2972.8,2972.8,2972.8,2
2026-07-21T04:39:00+00:00,2972.8,2973.1,2972.8,2972.9,17
2026-07-21T04:40:00+00:00,2972.9,2972.9,2972.9,2972.9,1
2026-07-21T04:41:00+00:00,2972.7,2972.7,2972.3,2972.5,9
2026-07-21T04:42:00+00:00,2972.6,2972.6,2972.2,2972.3,7
2026-07-21T04:43:00+00:00,2972.4,2972.4,2972.2,2972.3,6
2026-07-21T04:44:00+00:00,2972.5,2972.5,2972.4,2972.4,9
2026-07-21T04:45:00+00:00,2972.4,2972.5,2972.1,2972.5,10
2026-07-21T04:46:00+00:00,2972.5,2972.5,2972.4,2972.4,2
2026-07-21T04:47:00+00:00,2972.6,2972.6,2972.6,2972.6,2
2026-07-21T04:48:00+00:00,2973.0,2973.3,2972.9,2973.2,13
2026-07-21T04:49:00+00:00,2973.1,2973.4,2973.1,2973.4,5
2026-07-21T04:51:00+00:00,2972.5,2972.5,2972.3,2972.3,2
2026-07-21T04:52:00+00:00,2972.1,2972.1,2971.8,2972.1,15
2026-07-21T04:53:00+00:00,2971.8,2971.9,2971.7,2971.7,8
2026-07-21T04:54:00+00:00,2971.7,2971.8,2971.7,2971.8,4
2026-07-21T04:55:00+00:00,2971.9,2971.9,2971.6,2971.7,42
2026-07-21T04:56:00+00:00,2971.8,2971.8,2971.5,2971.5,9
2026-07-21T04:57:00+00:00,2971.5,2971.8,2971.5,2971.8,5
2026-07-21T04:58:00+00:00,2971.9,2972.0,2971.8,2972.0,6
2026-07-21T04:59:00+00:00,2971.8,2971.8,2971.7,2971.7,5
2026-07-21T05:00:00+00:00,2971.9,2972.0,2971.7,2971.7,6
2026-07-21T05:01:00+00:00,2971.4,2971.5,2971.3,2971.3,18
2026-07-21T05:02:00+00:00,2971.2,2971.5,2971.2,2971.5,10
2026-07-21T05:03:00+00:00,2971.5,2971.5,2971.2,2971.3,4
2026-07-21T05:04:00+00:00,2971.2,2971.5,2971.2,2971.2,6
2026-07-21T05:05:00+00:00,2971.2,2971.2,2970.9,2970.9,10
2026-07-21T05:06:00+00:00,2971.1,2971.1,2970.5,2971.1,7
2026-07-21T05:07:00+00:00,2970.8,2971.0,2970.7,2971.0,9
2026-07-21T05:08:00+00:00,2970.9,2971.0,2970.5,2970.6,15
2026-07-21T05:09:00+00:00,2970.6,2970.9,2970.5,2970.7,21
2026-07-21T05:10:00+00:00,2970.5,2970.6,2970.2,2970.3,15
2026-07-21T05:11:00+00:00,2970.3,2970.3,2969.8,2970.0,13
2026-07-21T05:12:00+00:00,2969.6,2969.9,2969.5,2969.9,7
2026-07-21T05:13:00+00:00,2970.1,2970.1,2969.9,2970.0,5
2026-07-21T05:14:00+00:00,2970.2,2970.2,2970.1,2970.1,2
2026-07-21T05:15:00+00:00,2969.8,2969.9,2969.8,2969.9,5
2026-07-21T05:16:00+00:00,2969.7,2969.8,2969.7,2969.8,4
2026-07-21T05:17:00+00:00,2969.5,2969.6,2969.3,2969.4,8
2026-07-21T05:18:00+00:00,2969.4,2969.8,2969.3,2969.8,5
2026-07-21T05:19:00+00:00,2969.8,2969.8,2969.2,2969.3,16
2026-07-21T05:20:00+00:00,2969.3,2969.3,2969.2,2969.3,7
2026-07-21T05:21:00+00:00,2969.3,2969.5,2969.3,2969.5,9
2026-07-21T05:22:00+00:00,2969.4,2969.4,2969.4,2969.4,2
2026-07-21T05:23:00+00:00,2969.5,2970.0,2969.5,2970.0,10
2026-07-21T05:24:00+00:00,2970.5,2970.6,2970.5,2970.5,7
2026-07-21T05:25:00+00:00,2970.5,2971.0,2970.5,2970.8,42
2026-07-21T05:26:00+00:00,2970.9,2971.7,2970.8,2971.5,10
2026-07-21T05:27:00+00:00,2971.6,2972.1,2971.4,2972.0,23
2026-07-21T05:28:00+00:00,2972.1,2972.1,2972.0,2972.0,4
2026-07-21T05:29:00+00:00,2971.7,2972.1,2971.6,2972.1,4
2026-07-21T05:31:00+00:00,2971.6,2971.6,2971.4,2971.4,6
2026-07-21T05:32:00+00:00,2971.4,2971.4,2971.4,2971.4,31
2026-07-21T05:33:00+00:00,2971.4,2971.6,2971.3,2971.3,5
2026-07-21T05:34:00+00:00,2971.0,2971.9,2971.0,2971.9,8
2026-07-21T05:35:00+00:00,2972.1,2972.2,2972.1,2972.1,4
2026-07-21T05:36:00+00:00,2972.4,2972.5,2972.3,2972.3,6
2026-07-21T05:37:00+00:00,2972.2,2972.2,2972.1,2972.1,3
2026-07-21T05:38:00+00:00,2972.1,2972.1,2972.0,2972.1,4
2026-07-21T05:39:00+00:00,2972.1,2972.2,2971.9,2972.0,27
2026-07-21T05:40:00+00:00,2972.3,2973.6,2972.3,2973.6,20
2026-07-21T05:41:00+00:00,2973.6,2974.1,2973.6,2974.1,27
2026-07-21T05:42:00+00:00,2973.8,2974.0,2973.3,2973.7,19
2026-07-21T05:43:00+00:00,2973.6,2974.7,2973.6,2974.2,26
2026-07-21T05:44:00+00:00,2974.5,2974.7,2974.5,2974.7,6
2026-07-21T05:45:00+00:00,2974.6,2974.6,2973.4,2973.4,17
2026-07-21T05:46:00+00:00,2973.4,2973.4,2973.4,2973.4,2
2026-07-21T05:47:00+00:00,2973.4,2974.1,2973.2,2974.1,39
2026-07-21T05:48:00+00:00,2974.1,2975.0,2974.0,2975.0,54
2026-07-21T05:49:00+00:00,2974.9,2975.1,2974.7,2974.9,16
2026-07-21T05:50:00+00:00,2974.8,2975.1,2974.8,2974.8,10
2026-07-21T05:51:00+00:00,2974.8,2975.6,2974.8,2975.0,51
2026-07-21T05:52:00+00:00,2974.8,2975.0,2974.7,2974.9,13
2026-07-21T05:53:00+00:00,2974.7,2974.7,2974.6,2974.7,8
2026-07-21T05:54:00+00:00,2974.6,2974.6,2974.5,2974.5,14
2026-07-21T05:55:00+00:00,2974.4,2974.5,2974.3,2974.4,7
2026-07-21T05:56:00+00:00,2974.4,2974.5,2974.1,2974.1,3
2026-07-21T05:57:00+00:00,2974.2,2974.5,2974.2,2974.4,5
2026-07-21T05:58:00+00:00,2974.0,2974.6,2973.9,2974.3,23
2026-07-21T05:59:00+00:00,2974.1,2974.1,2974.1,2974.1,2
2026-07-21T06:00:00+00:00,2974.1,2975.0,2973.9,2974.8,49
2026-07-21T06:01:00+00:00,2974.9,2975.0,2974.7,2974.9,27
2026-07-21T06:02:00+00:00,2975.0,2975.0,2974.4,2974.8,10
2026-07-21T06:03:00+00:00,2974.9,2974.9,2974.6,2974.6,5
2026-07-21T06:04:00+00:00,2974.3,2974.7,2974.2,2974.7,4
2026-07-21T06:05:00+00:00,2974.9,2975.0,2974.4,2974.4,14
2026-07-21T06:06:00+00:00,2974.6,2974.8,2974.4,2974.8,7
2026-07-21T06:07:00+00:00,2974.8,2974.8,2973.8,2973.8,9
2026-07-21T06:08:00+00:00,2973.5,2973.9,2973.5,2973.7,7
2026-07-21T06:09:00+00:00,2973.8,2973.8,2973.4,2973.8,7
2026-07-21T06:10:00+00:00,2973.8,2974.1,2973.5,2973.7,24
2026-07-21T06:11:00+00:00,2973.5,2974.2,2972.9,2974.2,20
2026-07-21T06:12:00+00:00,2974.2,2974.9,2974.2,2974.8,9
2026-07-21T06:13:00+00:00,2974.7,2975.0,2974.4,2974.8,21
2026-07-21T06:14:00+00:00,2974.4,2974.5,2974.3,2974.4,5
2026-07-21T06:15:00+00:00,2974.3,2974.3,2974.0,2974.0,12
2026-07-21T06:16:00+00:00,2974.5,2974.5,2974.3,2974.5,3
2026-07-21T06:17:00+00:00,2974.1,2974.1,2973.8,2974.1,10
2026-07-21T06:18:00+00:00,2973.9,2973.9,2972.8,2972.9,14
2026-07-21T06:19:00+00:00,2973.1,2973.4,2972.8,2972.9,19
2026-07-21T06:20:00+00:00,2972.7,2973.4,2972.7,2973.4,7
2026-07-21T06:21:00+00:00,2973.6,2973.7,2973.2,2973.2,8
2026-07-21T06:22:00+00:00,2973.1,2973.3,2972.8,2973.2,35
2026-07-21T06:23:00+00:00,2972.9,2973.3,2972.9,2973.1,15
2026-07-21T06:24:00+00:00,2974.1,2974.1,2973.5,2973.8,13
2026-07-21T06:25:00+00:00,2974.0,2975.3,2974.0,2974.8,18
2026-07-21T06:26:00+00:00,2974.5,2974.5,2974.4,2974.5,12
2026-07-21T06:27:00+00:00,2973.9,2973.9,2973.6,2973.8,43
2026-07-21T06:28:00+00:00,2973.7,2973.8,2973.6,2973.8,6
2026-07-21T06:29:00+00:00,2974.2,2974.2,2973.6,2973.9,6
2026-07-21T06:30:00+00:00,2974.1,2974.7,2974.0,2974.7,28
2026-07-21T06:31:00+00:00,2974.7,2974.7,2974.4,2974.4,10
2026-07-21T06:32:00+00:00,2974.4,2975.0,2974.4,2975.0,7
2026-07-21T06:33:00+00:00,2974.6,2974.7,2974.4,2974.5,6
2026-07-21T06:34:00+00:00,2974.8,2975.0,2974.4,2974.8,9
2026-07-21T06:35:00+00:00,2975.0,2976.7,2975.0,2975.8,132
2026-07-21T06:36:00+00:00,2975.5,2976.1,2975.5,2975.9,14
2026-07-21T06:37:00+00:00,2975.9,2976.0,2975.8,2975.8,5
2026-07-21T06:38:00+00:00,2975.7,2975.7,2975.5,2975.5,2
2026-07-21T06:39:00+00:00,2975.3,2975.5,2975.3,2975.5,5
2026-07-21T06:40:00+00:00,2975.5,2975.5,2975.5,2975.5,2
2026-07-21T06:41:00+00:00,2975.8,2976.9,2975.7,2976.5,17
2026-07-21T06:42:00+00:00,2976.6,2976.6,2976.1,2976.1,11
2026-07-21T06:43:00+00:00,2976.3,2976.4,2975.9,2976.4,9
2026-07-21T06:44:00+00:00,2976.4,2976.5,2976.4,2976.5,6
2026-07-21T06:45:00+00:00,2976.4,2976.7,2976.4,2976.7,15
2026-07-21T06:46:00+00:00,2976.1,2976.1,2975.8,2975.8,11
2026-07-21T06:47:00+00:00,2975.7,2975.7,2975.3,2975.7,9
2026-07-21T06:48:00+00:00,2975.6,2975.6,2975.5,2975.5,3
2026-07-21T06:49:00+00:00,2975.8,2976.1,2975.7,2976.1,12
2026-07-21T06:50:00+00:00,2976.1,2976.2,2976.0,2976.0,19
2026-07-21T06:51:00+00:00,2975.8,2976.1,2975.8,2975.9,12
2026-07-21T06:52:00+00:00,2975.7,2976.0,2975.7,2976.0,4
2026-07-21T06:53:00+00:00,2976.1,2976.3,2976.1,2976.1,8
2026-07-21T06:54:00+00:00,2976.4,2976.4,2976.1,2976.1,9
2026-07-21T06:55:00+00:00,2976.1,2976.1,2975.5,2975.5,12
2026-07-21T06:56:00+00:00,2975.6,2975.6,2975.4,2975.5,4
2026-07-21T06:57:00+00:00,2975.6,2975.8,2975.5,2975.6,7
2026-07-21T06:58:00+00:00,2975.6,2975.6,2975.2,2975.2,7
2026-07-21T06:59:00+00:00,2975.4,2975.9,2975.1,2975.9,19
2026-07-21T07:00:00+00:00,2975.8,2977.2,2975.2,2977.0,77
2026-07-21T07:01:00+00:00,2977.0,2977.5,2976.8,2977.5,35
2026-07-21T07:02:00+00:00,2977.5,2978.5,2977.2,2978.2,45
2026-07-21T07:03:00+00:00,2978.1,2979.0,2978.1,2978.2,56
2026-07-21T07:04:00+00:00,2978.2,2978.2,2977.3,2977.3,30
2026-07-21T07:05:00+00:00,2977.4,2977.8,2977.4,2977.8,6
2026-07-21T07:06:00+00:00,2977.4,2977.5,2976.7,2977.1,46
2026-07-21T07:08:00+00:00,2976.9,2977.1,2976.7,2976.7,7
2026-07-21T07:09:00+00:00,2976.7,2976.8,2976.5,2976.5,12
2026-07-21T07:10:00+00:00,2976.3,2976.5,2976.2,2976.5,5
2026-07-21T07:11:00+00:00,2976.5,2976.6,2975.2,2975.3,25
2026-07-21T07:12:00+00:00,2975.3,2975.4,2975.0,2975.1,21
2026-07-21T07:13:00+00:00,2975.0,2975.2,2974.3,2974.4,33
2026-07-21T07:14:00+00:00,2974.7,2975.2,2974.6,2975.2,44
2026-07-21T07:15:00+00:00,2974.6,2974.9,2974.3,2974.7,16
2026-07-21T07:16:00+00:00,2974.7,2974.7,2973.5,2973.5,23
2026-07-21T07:17:00+00:00,2973.7,2974.3,2973.7,2974.3,18
2026-07-21T07:18:00+00:00,2974.4,2974.9,2974.3,2974.3,16
2026-07-21T07:19:00+00:00,2974.4,2974.4,2974.4,2974.4,13
2026-07-21T07:20:00+00:00,2975.0,2975.0,2974.5,2974.6,8
2026-07-21T07:21:00+00:00,2974.2,2974.2,2973.5,2973.8,24
2026-07-21T07:22:00+00:00,2974.2,2974.3,2973.8,2973.8,6
2026-07-21T07:23:00+00:00,2974.0,2974.0,2973.8,2973.9,3
2026-07-21T07:24:00+00:00,2973.9,2974.0,2973.4,2973.6,12
2026-07-21T07:25:00+00:00,2973.7,2974.3,2973.1,2973.4,33
2026-07-21T07:26:00+00:00,2973.3,2973.3,2972.7,2972.8,35
2026-07-21T07:27:00+00:00,2972.5,2973.2,2972.4,2973.2,12
2026-07-21T07:28:00+00:00,2973.3,2974.2,2973.0,2974.2,18
2026-07-21T07:29:00+00:00,2974.0,2974.3,2973.6,2973.6,12
2026-07-21T07:30:00+00:00,2973.4,2973.4,2971.7,2971.7,51
2026-07-21T07:31:00+00:00,2972.0,2972.6,2972.0,2972.6,17
2026-07-21T07:32:00+00:00,2972.6,2974.0,2972.6,2974.0,14
2026-07-21T07:33:00+00:00,2974.1,2975.5,2974.1,2975.3,24
2026-07-21T07:34:00+00:00,2975.4,2976.2,2975.3,2976.2,23
2026-07-21T07:35:00+00:00,2976.2,2976.5,2975.6,2976.5,20
2026-07-21T07:36:00+00:00,2976.7,2976.8,2976.5,2976.6,8
2026-07-21T07:37:00+00:00,2976.6,2976.7,2976.4,2976.5,9
2026-07-21T07:38:00+00:00,2976.3,2976.4,2976.0,2976.0,9
2026-07-21T07:39:00+00:00,2975.9,2976.0,2975.7,2976.0,5
2026-07-21T07:40:00+00:00,2976.1,2976.2,2976.1,2976.1,3
2026-07-21T07:41:00+00:00,2976.0,2976.4,2976.0,2976.3,6
2026-07-21T07:42:00+00:00,2976.2,2976.2,2976.0,2976.2,6
2026-07-21T07:43:00+00:00,2976.0,2976.4,2976.0,2976.1,10
2026-07-21T07:44:00+00:00,2975.8,2975.9,2975.8,2975.9,4
2026-07-21T07:45:00+00:00,2975.8,2976.6,2975.5,2976.6,11
2026-07-21T07:46:00+00:00,2976.1,2976.1,2975.8,2975.9,4
2026-07-21T07:47:00+00:00,2975.7,2975.7,2975.7,2975.7,2
2026-07-21T07:48:00+00:00,2976.0,2976.0,2976.0,2976.0,1
2026-07-21T07:49:00+00:00,2975.8,2975.8,2975.1,2975.2,4
2026-07-21T07:50:00+00:00,2974.8,2975.2,2974.4,2974.7,41
2026-07-21T07:51:00+00:00,2974.5,2975.1,2974.5,2975.0,11
2026-07-21T07:52:00+00:00,2975.1,2975.7,2975.0,2975.7,5
2026-07-21T07:53:00+00:00,2975.8,2975.9,2975.6,2975.9,14
2026-07-21T07:54:00+00:00,2976.5,2976.6,2976.2,2976.3,9
2026-07-21T07:55:00+00:00,2975.9,2976.1,2975.9,2976.1,7
2026-07-21T07:56:00+00:00,2976.7,2976.9,2976.5,2976.5,7
2026-07-21T07:57:00+00:00,2976.6,2976.8,2976.6,2976.8,6
2026-07-21T07:58:00+00:00,2976.7,2976.7,2976.7,2976.7,3
2026-07-21T07:59:00+00:00,2976.7,2977.1,2976.4,2976.9,30
2026-07-21T08:00:00+00:00,2977.0,2977.1,2975.9,2976.6,25
2026-07-21T08:01:00+00:00,2977.0,2977.2,2977.0,2977.0,7
2026-07-21T08:02:00+00:00,2977.4,2978.1,2977.1,2977.6,38
2026-07-21T08:03:00+00:00,2977.9,2978.7,2977.9,2978.1,21
2026-07-21T08:04:00+00:00,2977.9,2979.0,2977.9,2978.8,26
2026-07-21T08:05:00+00:00,2978.6,2979.1,2978.6,2978.7,29
2026-07-21T08:06:00+00:00,2979.0,2980.2,2979.0,2980.2,110
2026-07-21T08:07:00+00:00,2979.8,2979.9,2979.5,2979.6,22
2026-07-21T08:08:00+00:00,2980.0,2980.2,2979.8,2980.0,18
2026-07-21T08:09:00+00:00,2979.9,2980.0,2979.5,2979.5,33
2026-07-21T08:10:00+00:00,2979.1,2979.7,2978.7,2978.8,17
2026-07-21T08:11:00+00:00,2979.0,2979.4,2978.5,2979.1,20
2026-07-21T08:12:00+00:00,2979.0,2979.1,2978.7,2978.8,9
2026-07-21T08:13:00+00:00,2979.1,2980.7,2979.1,2980.6,31
2026-07-21T08:14:00+00:00,2980.6,2981.1,2980.5,2981.1,73
2026-07-21T08:15:00+00:00,2981.1,2981.4,2980.6,2980.6,75
2026-07-21T08:16:00+00:00,2980.7,2981.3,2980.2,2981.1,15
2026-07-21T08:17:00+00:00,2981.0,2981.3,2980.6,2981.3,10
2026-07-21T08:18:00+00:00,2981.0,2981.5,2980.9,2981.1,17
2026-07-21T08:19:00+00:00,2981.4,2981.7,2981.2,2981.4,20
2026-07-21T08:20:00+00:00,2981.4,2981.4,2981.0,2981.3,14
2026-07-21T08:21:00+00:00,2981.1,2981.1,2981.1,2981.1,1
2026-07-21T08:22:00+00:00,2981.3,2981.3,2980.4,2980.5,38
2026-07-21T08:23:00+00:00,2980.5,2980.5,2979.9,2980.2,15
2026-07-21T08:24:00+00:00,2980.2,2980.2,2980.1,2980.2,7
2026-07-21T08:25:00+00:00,2980.5,2981.0,2980.1,2980.3,11
2026-07-21T08:26:00+00:00,2980.2,2980.5,2980.1,2980.5,8
2026-07-21T08:27:00+00:00,2980.5,2980.6,2979.9,2979.9,7
2026-07-21T08:28:00+00:00,2979.9,2979.9,2979.8,2979.9,3
2026-07-21T08:29:00+00:00,2979.8,2979.8,2978.8,2979.3,29
2026-07-21T08:30:00+00:00,2979.1,2979.1,2978.5,2978.8,24
2026-07-21T08:31:00+00:00,2979.0,2979.3,2978.6,2979.0,12
2026-07-21T08:32:00+00:00,2979.5,2979.9,2979.4,2979.9,3
2026-07-21T08:33:00+00:00,2979.7,2980.0,2979.7,2979.9,29
2026-07-21T08:34:00+00:00,2979.9,2980.3,2979.9,2980.3,14
2026-07-21T08:35:00+00:00,2980.3,2981.2,2980.1,2981.0,15
2026-07-21T08:36:00+00:00,2981.2,2981.2,2980.6,2980.8,13
2026-07-21T08:37:00+00:00,2980.7,2980.7,2980.2,2980.3,13
2026-07-21T08:38:00+00:00,2980.2,2980.3,2980.1,2980.3,11
2026-07-21T08:39:00+00:00,2980.5,2980.7,2980.5,2980.7,8
2026-07-21T08:40:00+00:00,2980.2,2980.9,2979.9,2980.9,18
2026-07-21T08:41:00+00:00,2980.7,2981.0,2980.7,2981.0,11
2026-07-21T08:42:00+00:00,2981.1,2981.1,2981.1,2981.1,1
2026-07-21T08:43:00+00:00,2981.5,2981.7,2981.5,2981.6,9
2026-07-21T08:44:00+00:00,2981.8,2981.9,2981.5,2981.5,10
2026-07-21T08:45:00+00:00,2981.4,2981.4,2980.3,2980.3,4
2026-07-21T08:46:00+00:00,2980.0,2980.3,2979.8,2979.9,25
2026-07-21T08:47:00+00:00,2979.9,2979.9,2978.6,2978.6,9
2026-07-21T08:48:00+00:00,2979.1,2979.4,2979.1,2979.2,9
2026-07-21T08:49:00+00:00,2979.3,2979.7,2979.3,2979.7,10
2026-07-21T08:50:00+00:00,2979.7,2980.5,2979.7,2980.5,18
2026-07-21T08:51:00+00:00,2980.0,2980.2,2979.9,2979.9,7
2026-07-21T08:52:00+00:00,2980.5,2980.5,2979.8,2979.8,4
2026-07-21T08:53:00+00:00,2980.0,2980.0,2980.0,2980.0,4
2026-07-21T08:54:00+00:00,2980.0,2980.2,2980.0,2980.2,3
2026-07-21T08:55:00+00:00,2980.3,2980.5,2980.1,2980.1,6
2026-07-21T08:56:00+00:00,2980.2,2980.7,2980.1,2980.7,6
2026-07-21T08:57:00+00:00,2980.2,2980.3,2980.0,2980.3,10
2026-07-21T08:58:00+00:00,2980.5,2980.9,2980.4,2980.6,60
2026-07-21T08:59:00+00:00,2980.2,2980.4,2980.2,2980.4,14
2026-07-21T09:00:00+00:00,2980.5,2980.7,2980.1,2980.5,10
2026-07-21T09:02:00+00:00,2980.7,2980.7,2980.4,2980.4,2
2026-07-21T09:03:00+00:00,2980.8,2981.1,2980.6,2981.1,9
2026-07-21T09:04:00+00:00,2981.0,2981.0,2980.9,2980.9,7
2026-07-21T09:05:00+00:00,2981.5,2981.5,2981.2,2981.3,32
2026-07-21T09:06:00+00:00,2981.3,2981.4,2981.2,2981.2,5
2026-07-21T09:07:00+00:00,2981.4,2982.2,2981.4,2982.0,24
2026-07-21T09:08:00+00:00,2981.6,2982.1,2981.5,2982.1,8
2026-07-21T09:09:00+00:00,2981.8,2981.8,2981.3,2981.3,7
2026-07-21T09:10:00+00:00,2981.5,2981.6,2981.2,2981.2,12
2026-07-21T09:11:00+00:00,2981.3,2981.3,2981.0,2981.1,12
2026-07-21T09:12:00+00:00,2981.2,2981.2,2980.8,2981.0,7
2026-07-21T09:13:00+00:00,2980.9,2981.1,2980.9,2981.1,11
2026-07-21T09:14:00+00:00,2981.2,2981.2,2980.9,2980.9,6
2026-07-21T09:15:00+00:00,2981.0,2981.5,2981.0,2981.0,11
2026-07-21T09:16:00+00:00,2981.1,2981.6,2981.1,2981.1,17
2026-07-21T09:17:00+00:00,2981.1,2981.2,2981.1,2981.2,5
2026-07-21T09:18:00+00:00,2980.6,2980.9,2980.5,2980.8,10
2026-07-21T09:19:00+00:00,2980.7,2981.0,2980.7,2980.9,7
2026-07-21T09:20:00+00:00,2980.8,2981.9,2980.8,2980.8,28
2026-07-21T09:21:00+00:00,2981.0,2981.0,2980.4,2980.5,22
2026-07-21T09:22:00+00:00,2980.3,2980.5,2980.2,2980.2,13
2026-07-21T09:23:00+00:00,2980.1,2980.3,2980.0,2980.0,7
2026-07-21T09:24:00+00:00,2980.0,2980.0,2979.5,2979.8,8
2026-07-21T09:25:00+00:00,2979.9,2979.9,2979.5,2979.9,8
2026-07-21T09:26:00+00:00,2979.8,2979.8,2979.4,2979.4,9
2026-07-21T09:27:00+00:00,2979.2,2979.3,2979.0,2979.0,7
2026-07-21T09:28:00+00:00,2979.3,2979.3,2978.7,2978.7,16
2026-07-21T09:29:00+00:00,2978.6,2978.6,2977.8,2977.8,29
2026-07-21T09:30:00+00:00,2978.0,2978.2,2977.0,2977.9,23
2026-07-21T09:31:00+00:00,2977.2,2978.9,2977.2,2978.9,17
2026-07-21T09:32:00+00:00,2978.9,2979.9,2978.9,2979.9,13
2026-07-21T09:33:00+00:00,2979.7,2980.1,2979.7,2979.7,12
2026-07-21T09:35:00+00:00,2979.2,2979.2,2979.1,2979.2,8
2026-07-21T09:36:00+00:00,2979.0,2979.0,2977.9,2977.9,11
2026-07-21T09:37:00+00:00,2977.6,2977.9,2977.6,2977.9,3
2026-07-21T09:38:00+00:00,2977.6,2977.6,2977.2,2977.4,15
2026-07-21T09:39:00+00:00,2977.3,2977.5,2977.0,2977.5,24
2026-07-21T09:40:00+00:00,2977.4,2977.4,2976.4,2976.5,67
2026-07-21T09:41:00+00:00,2976.3,2976.8,2976.3,2976.4,21
2026-07-21T09:42:00+00:00,2976.7,2976.7,2976.6,2976.6,2
2026-07-21T09:43:00+00:00,2976.8,2977.3,2976.8,2977.2,19
2026-07-21T09:44:00+00:00,2977.5,2977.5,2977.0,2977.0,14
2026-07-21T09:45:00+00:00,2977.2,2977.5,2977.1,2977.3,20
2026-07-21T09:46:00+00:00,2977.5,2978.5,2977.5,2978.4,15
2026-07-21T09:47:00+00:00,2978.4,2978.4,2978.2,2978.2,5
2026-07-21T09:48:00+00:00,2978.3,2978.5,2978.0,2978.1,6
2026-07-21T09:49:00+00:00,2978.2,2978.9,2978.1,2978.8,14
2026-07-21T09:50:00+00:00,2978.6,2978.6,2977.5,2977.5,12
2026-07-21T09:51:00+00:00,2977.5,2977.7,2977.1,2977.7,7
2026-07-21T09:52:00+00:00,2977.3,2977.3,2976.6,2976.6,18
2026-07-21T09:53:00+00:00,2976.6,2977.2,2976.6,2977.1,10
2026-07-21T09:54:00+00:00,2977.2,2977.2,2976.9,2976.9,4
2026-07-21T09:55:00+00:00,2976.9,2976.9,2976.9,2976.9,1
2026-07-21T09:56:00+00:00,2976.5,2976.5,2976.2,2976.2,4
2026-07-21T09:57:00+00:00,2976.1,2976.1,2975.2,2975.2,35
2026-07-21T09:58:00+00:00,2975.5,2975.5,2974.9,2975.3,24
2026-07-21T09:59:00+00:00,2975.2,2975.5,2975.0,2975.3,15
2026-07-21T10:00:00+00:00,2975.4,2976.2,2975.4,2975.6,37
2026-07-21T10:01:00+00:00,2975.7,2975.8,2975.6,2975.7,14
2026-07-21T10:02:00+00:00,2975.7,2977.4,2975.0,2976.7,60
2026-07-21T10:03:00+00:00,2976.5,2976.6,2975.8,2975.9,11
2026-07-21T10:04:00+00:00,2975.7,2975.7,2974.9,2975.2,11
2026-07-21T10:05:00+00:00,2975.3,2975.5,2974.9,2975.0,10
2026-07-21T10:06:00+00:00,2974.5,2975.0,2974.5,2975.0,13
2026-07-21T10:07:00+00:00,2975.0,2975.0,2975.0,2975.0,6
2026-07-21T10:08:00+00:00,2974.5,2975.0,2974.5,2974.9,4
2026-07-21T10:09:00+00:00,2974.8,2974.9,2974.2,2974.4,29
2026-07-21T10:10:00+00:00,2974.4,2978.4,2973.8,2977.5,331
2026-07-21T10:11:00+00:00,2977.8,2979.6,2977.6,2979.2,73
2026-07-21T10:12:00+00:00,2978.5,2979.1,2977.5,2977.7,17
2026-07-21T10:13:00+00:00,2977.5,2978.0,2977.1,2977.1,23
2026-07-21T10:14:00+00:00,2977.5,2978.3,2977.4,2977.4,27
2026-07-21T10:15:00+00:00,2977.6,2978.0,2977.2,2977.2,22
2026-07-21T10:16:00+00:00,2977.1,2977.7,2977.1,2977.3,13
2026-07-21T10:17:00+00:00,2977.1,2977.5,2976.9,2977.5,9
2026-07-21T10:18:00+00:00,2977.4,2977.5,2977.4,2977.5,4
2026-07-21T10:19:00+00:00,2977.5,2977.5,2977.2,2977.3,3
2026-07-21T10:20:00+00:00,2977.3,2977.5,2977.0,2977.3,12
2026-07-21T10:21:00+00:00,2977.5,2977.5,2977.0,2977.1,6
2026-07-21T10:22:00+00:00,2977.4,2977.4,2977.0,2977.0,4
2026-07-21T10:23:00+00:00,2977.2,2977.3,2976.6,2976.6,14
2026-07-21T10:24:00+00:00,2976.9,2977.4,2976.8,2976.8,26
2026-07-21T10:25:00+00:00,2977.1,2977.2,2977.0,2977.0,3
2026-07-21T10:26:00+00:00,2976.8,2977.2,2976.4,2977.2,47
2026-07-21T10:27:00+00:00,2977.3,2977.3,2976.9,2976.9,3
2026-07-21T10:28:00+00:00,2977.0,2977.2,2977.0,2977.2,2
2026-07-21T10:29:00+00:00,2976.8,2976.9,2976.7,2976.9,6
2026-07-21T10:30:00+00:00,2976.8,2977.4,2976.8,2977.2,17
2026-07-21T10:31:00+00:00,2976.5,2976.8,2976.5,2976.7,16
2026-07-21T10:32:00+00:00,2976.6,2976.7,2976.4,2976.6,13
2026-07-21T10:33:00+00:00,2976.9,2976.9,2976.0,2976.5,17
2026-07-21T10:35:00+00:00,2975.9,2976.9,2975.9,2976.9,13
2026-07-21T10:36:00+00:00,2976.4,2979.1,2976.3,2978.7,129
2026-07-21T10:37:00+00:00,2978.4,2978.5,2977.5,2977.9,17
2026-07-21T10:38:00+00:00,2977.7,2977.7,2977.4,2977.4,9
2026-07-21T10:39:00+00:00,2977.1,2977.1,2976.3,2976.4,26
2026-07-21T10:40:00+00:00,2976.2,2976.2,2974.7,2974.9,81
2026-07-21T10:41:00+00:00,2974.9,2975.4,2974.8,2975.4,18
2026-07-21T10:42:00+00:00,2975.2,2975.8,2975.1,2975.8,16
2026-07-21T10:43:00+00:00,2976.0,2976.1,2975.7,2976.1,10
2026-07-21T10:44:00+00:00,2976.1,2976.4,2975.7,2975.7,8
2026-07-21T10:45:00+00:00,2975.5,2975.5,2975.5,2975.5,2
2026-07-21T10:46:00+00:00,2975.5,2975.5,2973.6,2974.7,129
2026-07-21T10:47:00+00:00,2974.6,2975.2,2974.5,2975.1,22
2026-07-21T10:48:00+00:00,2974.9,2975.7,2974.7,2975.2,73
2026-07-21T10:49:00+00:00,2975.3,2976.1,2975.3,2975.5,50
2026-07-21T10:50:00+00:00,2975.7,2975.7,2975.1,2975.1,5
2026-07-21T10:51:00+00:00,2974.6,2974.9,2974.2,2974.9,37
2026-07-21T10:52:00+00:00,2974.7,2975.4,2974.6,2975.3,16
2026-07-21T10:53:00+00:00,2975.2,2975.2,2974.7,2974.7,21
2026-07-21T10:54:00+00:00,2974.4,2974.4,2973.6,2973.6,20
2026-07-21T10:55:00+00:00,2973.7,2973.8,2973.3,2973.4,45
2026-07-21T10:56:00+00:00,2973.2,2973.7,2973.1,2973.6,20
2026-07-21T10:57:00+00:00,2973.5,2974.0,2973.1,2973.8,29
2026-07-21T10:58:00+00:00,2973.9,2974.3,2973.8,2974.2,18
2026-07-21T10:59:00+00:00,2974.5,2975.3,2974.1,2974.2,68
2026-07-21T11:00:00+00:00,2974.1,2974.6,2973.8,2973.9,30
2026-07-21T11:01:00+00:00,2973.8,2973.8,2973.2,2973.4,38
2026-07-21T11:02:00+00:00,2973.4,2973.5,2972.7,2972.9,13
2026-07-21T11:03:00+00:00,2973.0,2973.0,2972.3,2972.8,20
2026-07-21T11:04:00+00:00,2972.8,2972.8,2971.7,2972.0,33
2026-07-21T11:05:00+00:00,2972.0,2972.3,2971.8,2972.0,20
2026-07-21T11:06:00+00:00,2972.0,2972.2,2971.7,2971.8,22
2026-07-21T11:07:00+00:00,2971.6,2971.6,2970.9,2971.1,67
2026-07-21T11:08:00+00:00,2971.1,2971.3,2970.9,2971.1,23
2026-07-21T11:09:00+00:00,2971.2,2971.7,2971.1,2971.2,32
2026-07-21T11:10:00+00:00,2970.9,2971.6,2970.9,2971.4,21
2026-07-21T11:11:00+00:00,2971.4,2971.4,2970.8,2970.8,19
2026-07-21T11:12:00+00:00,2971.5,2972.9,2971.5,2972.8,15
2026-07-21T11:13:00+00:00,2972.9,2972.9,2972.5,2972.7,15
2026-07-21T11:14:00+00:00,2972.4,2972.7,2972.4,2972.5,8
2026-07-21T11:15:00+00:00,2972.5,2972.6,2971.8,2972.0,19
2026-07-21T11:16:00+00:00,2972.1,2972.1,2972.0,2972.1,8
2026-07-21T11:17:00+00:00,2972.2,2972.2,2972.0,2972.0,21
2026-07-21T11:18:00+00:00,2971.5,2972.1,2971.5,2972.1,12
2026-07-21T11:19:00+00:00,2971.3,2971.3,2970.3,2970.3,87
2026-07-21T11:20:00+00:00,2970.4,2970.7,2969.7,2970.0,120
2026-07-21T11:21:00+00:00,2969.8,2970.0,2968.8,2969.3,35
2026-07-21T11:22:00+00:00,2969.5,2970.0,2969.0,2969.9,65
2026-07-21T11:23:00+00:00,2969.9,2970.1,2969.8,2970.1,12
2026-07-21T11:24:00+00:00,2970.3,2970.6,2970.2,2970.5,12
2026-07-21T11:25:00+00:00,2970.2,2970.3,2969.6,2969.8,30
2026-07-21T11:26:00+00:00,2969.7,2970.0,2969.0,2969.4,89
2026-07-21T11:27:00+00:00,2969.7,2970.1,2969.5,2969.7,22
2026-07-21T11:28:00+00:00,2969.8,2969.9,2969.4,2969.4,9
2026-07-21T11:29:00+00:00,2969.5,2969.9,2968.9,2969.0,29
2026-07-21T11:30:00+00:00,2969.0,2970.8,2968.8,2970.8,55
2026-07-21T11:31:00+00:00,2970.0,2970.0,2969.5,2969.6,19
2026-07-21T11:32:00+00:00,2969.6,2969.7,2969.3,2969.4,11
2026-07-21T11:33:00+00:00,2969.5,2970.0,2969.3,2969.4,51
2026-07-21T11:34:00+00:00,2969.1,2969.3,2969.0,2969.3,34
2026-07-21T11:35:00+00:00,2969.2,2969.5,2969.2,2969.5,17
2026-07-21T11:36:00+00:00,2969.6,2970.0,2969.6,2969.8,30
2026-07-21T11:37:00+00:00,2969.8,2970.1,2969.6,2970.1,55
2026-07-21T11:38:00+00:00,2970.2,2970.7,2970.2,2970.4,24
2026-07-21T11:39:00+00:00,2970.5,2971.5,2969.9,2969.9,108
2026-07-21T11:40:00+00:00,2970.0,2970.0,2969.2,2969.5,34
2026-07-21T11:41:00+00:00,2969.0,2969.5,2969.0,2969.0,12
2026-07-21T11:42:00+00:00,2969.0,2969.0,2968.4,2968.4,26
2026-07-21T11:43:00+00:00,2968.4,2969.3,2968.4,2969.2,27
2026-07-21T11:44:00+00:00,2969.2,2969.7,2968.9,2969.5,28
2026-07-21T11:45:00+00:00,2969.6,2969.8,2969.3,2969.3,16
2026-07-21T11:46:00+00:00,2969.2,2969.2,2969.0,2969.0,10
2026-07-21T11:47:00+00:00,2969.2,2969.5,2969.2,2969.5,7
2026-07-21T11:48:00+00:00,2969.7,2970.2,2969.7,2969.8,12
2026-07-21T11:49:00+00:00,2969.8,2970.2,2969.7,2970.2,17
2026-07-21T11:50:00+00:00,2970.1,2970.5,2970.1,2970.5,39
2026-07-21T11:51:00+00:00,2970.5,2970.9,2970.1,2970.2,59
2026-07-21T11:52:00+00:00,2970.6,2970.9,2969.2,2969.2,48
2026-07-21T11:53:00+00:00,2969.2,2969.2,2968.3,2968.3,21
2026-07-21T11:54:00+00:00,2968.4,2968.6,2968.1,2968.4,16
2026-07-21T11:55:00+00:00,2968.5,2968.5,2967.7,2968.1,51
2026-07-21T11:56:00+00:00,2968.2,2968.2,2967.5,2967.5,30
2026-07-21T11:57:00+00:00,2967.6,2967.7,2967.3,2967.4,30
2026-07-21T11:58:00+00:00,2967.6,2968.0,2967.6,2967.7,29
2026-07-21T11:59:00+00:00,2967.8,2968.2,2967.8,2968.2,29
2026-07-21T12:00:00+00:00,2968.7,2970.1,2968.5,2969.4,110
2026-07-21T12:01:00+00:00,2969.4,2969.5,2968.1,2968.1,54
2026-07-21T12:02:00+00:00,2968.1,2968.5,2967.7,2967.7,38
2026-07-21T12:03:00+00:00,2967.5,2967.9,2967.4,2967.4,35
2026-07-21T12:04:00+00:00,2967.4,2968.5,2967.4,2968.4,23
2026-07-21T12:05:00+00:00,2968.0,2968.3,2967.7,2968.0,30
2026-07-21T12:06:00+00:00,2968.0,2968.6,2968.0,2968.1,11
2026-07-21T12:07:00+00:00,2968.2,2969.4,2968.2,2969.4,60
2026-07-21T12:08:00+00:00,2969.1,2970.3,2968.9,2969.9,49
2026-07-21T12:09:00+00:00,2969.9,2969.9,2968.7,2968.7,37
2026-07-21T12:10:00+00:00,2968.5,2969.0,2968.2,2968.6,42
2026-07-21T12:11:00+00:00,2968.7,2969.7,2968.5,2969.6,41
2026-07-21T12:12:00+00:00,2970.0,2970.3,2969.7,2970.3,13
2026-07-21T12:13:00+00:00,2970.0,2970.7,2969.8,2970.2,83
2026-07-21T12:14:00+00:00,2970.4,2970.5,2969.3,2969.4,38
2026-07-21T12:15:00+00:00,2969.3,2969.5,2965.4,2965.6,160
2026-07-21T12:16:00+00:00,2965.5,2967.6,2964.7,2967.4,208
2026-07-21T12:17:00+00:00,2967.7,2968.4,2967.2,2968.3,43
2026-07-21T12:18:00+00:00,2968.5,2968.5,2966.3,2966.3,37
2026-07-21T12:19:00+00:00,2966.6,2967.2,2966.1,2966.1,41
2026-07-21T12:20:00+00:00,2966.1,2966.5,2965.3,2965.5,36
2026-07-21T12:21:00+00:00,2965.4,2965.9,2965.2,2965.9,12
2026-07-21T12:22:00+00:00,2965.9,2965.9,2965.2,2965.2,10
2026-07-21T12:23:00+00:00,2965.1,2965.5,2965.0,2965.5,26
2026-07-21T12:24:00+00:00,2966.1,2966.8,2965.9,2965.9,39
2026-07-21T12:25:00+00:00,2965.9,2965.9,2964.8,2964.8,34
2026-07-21T12:26:00+00:00,2964.8,2965.4,2964.7,2964.8,32
2026-07-21T12:27:00+00:00,2964.7,2964.7,2964.1,2964.4,39
2026-07-21T12:28:00+00:00,2964.7,2964.8,2964.1,2964.5,36
2026-07-21T12:29:00+00:00,2964.5,2965.0,2964.4,2964.6,8
2026-07-21T12:30:00+00:00,2964.6,2965.4,2964.6,2965.2,39
2026-07-21T12:31:00+00:00,2965.2,2965.2,2964.7,2965.1,36
2026-07-21T12:32:00+00:00,2964.8,2965.3,2964.4,2964.4,27
2026-07-21T12:33:00+00:00,2964.6,2965.2,2964.6,2964.7,17
2026-07-21T12:34:00+00:00,2964.8,2965.0,2964.6,2965.0,22
2026-07-21T12:35:00+00:00,2964.8,2964.9,2964.2,2964.3,35
2026-07-21T12:36:00+00:00,2964.2,2964.7,2963.9,2964.7,35
2026-07-21T12:37:00+00:00,2964.5,2964.5,2964.4,2964.4,3
2026-07-21T12:38:00+00:00,2964.3,2964.4,2964.0,2964.1,30
2026-07-21T12:39:00+00:00,2964.2,2964.3,2964.1,2964.2,9
2026-07-21T12:40:00+00:00,2964.5,2964.5,2963.8,2963.8,48
2026-07-21T12:41:00+00:00,2964.0,2964.0,2963.0,2963.1,54
2026-07-21T12:42:00+00:00,2963.1,2963.6,2963.0,2963.6,91
2026-07-21T12:43:00+00:00,2963.7,2965.1,2962.4,2963.2,223
2026-07-21T12:44:00+00:00,2963.1,2965.0,2963.1,2964.8,32
2026-07-21T12:45:00+00:00,2964.9,2966.2,2964.9,2965.8,115
2026-07-21T12:46:00+00:00,2965.9,2966.4,2965.4,2965.7,70
2026-07-21T12:47:00+00:00,2965.8,2966.6,2965.5,2966.3,92
2026-07-21T12:48:00+00:00,2966.3,2967.3,2966.1,2966.9,139
2026-07-21T12:49:00+00:00,2966.9,2967.4,2966.5,2966.5,46
2026-07-21T12:50:00+00:00,2966.5,2966.5,2966.0,2966.0,20
2026-07-21T12:51:00+00:00,2966.2,2966.4,2965.7,2965.7,37
2026-07-21T12:52:00+00:00,2965.9,2966.3,2965.4,2965.9,45
2026-07-21T12:53:00+00:00,2965.8,2966.3,2965.8,2966.2,45
2026-07-21T12:54:00+00:00,2966.3,2966.4,2966.2,2966.3,18
2026-07-21T12:55:00+00:00,2966.2,2966.3,2965.8,2965.9,24
2026-07-21T12:56:00+00:00,2965.8,2965.8,2965.3,2965.8,25
2026-07-21T12:57:00+00:00,2965.6,2966.4,2965.6,2966.4,24
2026-07-21T12:58:00+00:00,2966.4,2966.7,2966.0,2966.7,24
2026-07-21T12:59:00+00:00,2966.4,2966.4,2965.8,2965.9,23
2026-07-21T13:00:00+00:00,2966.1,2966.3,2964.7,2964.9,77
2026-07-21T13:01:00+00:00,2964.9,2966.1,2964.9,2965.3,30
2026-07-21T13:02:00+00:00,2965.3,2965.3,2964.8,2965.1,20
2026-07-21T13:03:00+00:00,2965.0,2965.5,2965.0,2965.5,24
2026-07-21T13:04:00+00:00,2965.2,2965.5,2965.1,2965.2,19
2026-07-21T13:05:00+00:00,2965.2,2966.2,2965.2,2966.0,43
2026-07-21T13:06:00+00:00,2965.9,2966.2,2965.5,2965.7,28
2026-07-21T13:07:00+00:00,2965.7,2965.9,2964.9,2965.9,35
2026-07-21T13:08:00+00:00,2965.6,2965.7,2965.6,2965.7,12
2026-07-21T13:09:00+00:00,2965.5,2965.8,2964.8,2964.9,27
2026-07-21T13:10:00+00:00,2965.1,2965.5,2965.0,2965.2,44
2026-07-21T13:11:00+00:00,2965.3,2966.0,2965.3,2965.9,26
2026-07-21T13:12:00+00:00,2965.7,2966.3,2965.6,2966.0,22
2026-07-21T13:13:00+00:00,2965.7,2966.3,2965.7,2966.3,10
2026-07-21T13:14:00+00:00,2966.2,2966.6,2966.1,2966.4,34
2026-07-21T13:15:00+00:00,2966.1,2966.5,2966.0,2966.2,28
2026-07-21T13:16:00+00:00,2966.3,2966.6,2965.9,2966.3,67
2026-07-21T13:17:00+00:00,2966.2,2966.5,2965.9,2966.3,96
2026-07-21T13:18:00+00:00,2966.4,2967.1,2966.3,2967.0,103
2026-07-21T13:19:00+00:00,2966.7,2967.2,2966.5,2967.2,47
2026-07-21T13:20:00+00:00,2967.2,2967.7,2966.3,2966.7,91
2026-07-21T13:21:00+00:00,2966.6,2967.1,2965.9,2967.0,181
2026-07-21T13:22:00+00:00,2966.9,2967.8,2966.8,2967.4,109
2026-07-21T13:23:00+00:00,2967.2,2967.5,2966.0,2966.2,118
2026-07-21T13:24:00+00:00,2966.2,2966.3,2965.4,2965.9,94
2026-07-21T13:25:00+00:00,2966.1,2967.4,2965.9,2966.9,183
2026-07-21T13:26:00+00:00,2966.8,2968.4,2966.8,2967.3,116
2026-07-21T13:27:00+00:00,2967.6,2968.6,2967.2,2968.5,180
2026-07-21T13:28:00+00:00,2968.4,2969.0,2967.6,2968.1,236
2026-07-21T13:29:00+00:00,2967.7,2967.7,2965.0,2966.2,521
2026-07-21T13:30:00+00:00,2966.4,2977.4,2964.4,2975.7,2692
2026-07-21T13:31:00+00:00,2975.6,2975.9,2972.4,2972.8,917
2026-07-21T13:32:00+00:00,2973.0,2975.0,2971.2,2971.7,585
2026-07-21T13:33:00+00:00,2971.7,2974.7,2970.9,2973.9,423
2026-07-21T13:34:00+00:00,2974.0,2977.1,2972.3,2977.0,794
2026-07-21T13:35:00+00:00,2976.9,2977.7,2975.5,2976.1,453
2026-07-21T13:36:00+00:00,2976.1,2976.8,2971.9,2972.0,474
2026-07-21T13:37:00+00:00,2971.8,2973.6,2970.9,2972.2,441
2026-07-21T13:38:00+00:00,2972.4,2974.3,2972.1,2972.7,310
2026-07-21T13:39:00+00:00,2973.0,2973.7,2970.1,2970.2,445
2026-07-21T13:40:00+00:00,2970.3,2971.3,2968.2,2969.4,512
2026-07-21T13:41:00+00:00,2969.2,2969.9,2965.2,2965.5,737
2026-07-21T13:42:00+00:00,2965.6,2965.6,2962.7,2963.0,734
2026-07-21T13:43:00+00:00,2962.9,2963.9,2959.1,2959.4,800
2026-07-21T13:44:00+00:00,2959.5,2961.2,2959.4,2960.6,475
2026-07-21T13:45:00+00:00,2960.8,2964.5,2960.6,2963.1,680
2026-07-21T13:46:00+00:00,2963.2,2965.6,2962.4,2964.6,691
2026-07-21T13:47:00+00:00,2964.5,2966.1,2963.9,2965.6,493
2026-07-21T13:48:00+00:00,2965.8,2970.7,2965.7,2970.7,713
2026-07-21T13:49:00+00:00,2970.6,2972.4,2969.8,2971.0,595
2026-07-21T13:50:00+00:00,2970.7,2971.6,2966.6,2967.4,475
2026-07-21T13:51:00+00:00,2967.4,2967.9,2963.1,2963.2,552
2026-07-21T13:52:00+00:00,2963.0,2966.8,2962.5,2965.0,435
2026-07-21T13:53:00+00:00,2964.7,2966.5,2964.3,2965.6,271
2026-07-21T13:54:00+00:00,2966.3,2968.5,2964.9,2968.1,340
2026-07-21T13:55:00+00:00,2968.2,2970.0,2965.9,2966.2,419
2026-07-21T13:56:00+00:00,2966.2,2968.6,2964.9,2967.2,354
2026-07-21T13:57:00+00:00,2967.3,2967.7,2966.3,2967.7,192
2026-07-21T13:58:00+00:00,2967.5,2968.0,2965.7,2966.2,165
2026-07-21T13:59:00+00:00,2966.1,2968.2,2965.7,2967.6,237
2026-07-21T14:00:00+00:00,2967.8,2970.3,2966.8,2967.1,569
2026-07-21T14:01:00+00:00,2967.2,2969.4,2966.4,2967.3,307
2026-07-21T14:02:00+00:00,2967.2,2970.6,2967.2,2970.0,299
2026-07-21T14:03:00+00:00,2969.8,2973.3,2969.2,2972.9,591
2026-07-21T14:04:00+00:00,2972.8,2973.1,2970.6,2972.7,216
2026-07-21T14:05:00+00:00,2972.9,2973.1,2971.6,2972.8,242
2026-07-21T14:06:00+00:00,2972.8,2974.4,2971.3,2973.4,423
2026-07-21T14:07:00+00:00,2973.3,2973.5,2971.6,2972.4,185
2026-07-21T14:08:00+00:00,2972.3,2974.2,2971.4,2973.1,235
2026-07-21T14:09:00+00:00,2973.1,2975.0,2972.4,2973.2,246
2026-07-21T14:10:00+00:00,2973.2,2975.5,2972.8,2975.5,411
2026-07-21T14:11:00+00:00,2975.5,2976.0,2974.0,2974.8,278
2026-07-21T14:12:00+00:00,2975.0,2976.6,2974.0,2974.0,237
2026-07-21T14:13:00+00:00,2973.8,2976.9,2973.5,2976.7,245
2026-07-21T14:14:00+00:00,2976.7,2980.1,2976.1,2978.2,1198
2026-07-21T14:15:00+00:00,2978.4,2978.8,2975.2,2976.8,449
2026-07-21T14:16:00+00:00,2977.0,2977.0,2974.4,2975.4,341
2026-07-21T14:17:00+00:00,2975.3,2978.0,2975.0,2977.6,227
2026-07-21T14:18:00+00:00,2977.7,2980.3,2977.6,2979.4,404
2026-07-21T14:19:00+00:00,2979.4,2979.4,2978.3,2978.9,220
2026-07-21T14:20:00+00:00,2978.8,2979.7,2975.7,2976.1,572
2026-07-21T14:21:00+00:00,2975.9,2977.1,2974.4,2974.6,392
2026-07-21T14:22:00+00:00,2974.7,2976.8,2974.6,2975.6,169
2026-07-21T14:23:00+00:00,2975.5,2978.6,2974.9,2978.4,200
2026-07-21T14:24:00+00:00,2978.5,2979.3,2977.9,2978.5,155
2026-07-21T14:25:00+00:00,2978.6,2980.9,2977.5,2980.2,285
2026-07-21T14:26:00+00:00,2980.3,2980.6,2979.2,2979.7,219
2026-07-21T14:27:00+00:00,2979.6,2979.6,2978.2,2979.2,234
2026-07-21T14:28:00+00:00,2979.6,2979.9,2978.5,2978.6,153
2026-07-21T14:29:00+00:00,2978.6,2980.6,2978.4,2980.5,186
2026-07-21T14:30:00+00:00,2980.4,2982.0,2980.3,2981.4,301
2026-07-21T14:31:00+00:00,2981.2,2982.3,2980.4,2982.0,189
2026-07-21T14:32:00+00:00,2981.8,2982.2,2981.0,2981.5,211
2026-07-21T14:33:00+00:00,2981.3,2982.3,2980.7,2981.8,196
2026-07-21T14:34:00+00:00,2981.7,2982.5,2980.9,2982.1,180
2026-07-21T14:35:00+00:00,2982.2,2984.1,2981.6,2981.9,637
2026-07-21T14:36:00+00:00,2981.9,2982.2,2978.7,2979.4,475
2026-07-21T14:37:00+00:00,2979.1,2979.1,2977.6,2978.3,296
2026-07-21T14:38:00+00:00,2978.2,2978.6,2976.8,2976.9,307
2026-07-21T14:39:00+00:00,2976.8,2978.2,2975.8,2976.6,315
2026-07-21T14:40:00+00:00,2976.6,2978.4,2976.5,2977.3,222
2026-07-21T14:41:00+00:00,2977.0,2977.0,2974.8,2974.9,288
2026-07-21T14:42:00+00:00,2975.1,2977.3,2975.1,2977.2,139
2026-07-21T14:43:00+00:00,2977.2,2979.4,2977.2,2978.7,216
2026-07-21T14:44:00+00:00,2978.7,2979.5,2978.7,2978.9,137
2026-07-21T14:45:00+00:00,2979.0,2979.3,2978.4,2979.0,128
2026-07-21T14:46:00+00:00,2978.9,2980.0,2977.5,2979.6,321
2026-07-21T14:47:00+00:00,2979.4,2979.5,2977.4,2978.5,128
2026-07-21T14:48:00+00:00,2978.5,2981.3,2977.7,2979.6,821
2026-07-21T14:49:00+00:00,2979.5,2981.2,2979.4,2980.3,113
2026-07-21T14:50:00+00:00,2980.5,2981.5,2979.6,2981.4,123
2026-07-21T14:51:00+00:00,2981.5,2981.5,2979.1,2979.8,181
2026-07-21T14:52:00+00:00,2979.9,2981.0,2978.0,2978.2,132
2026-07-21T14:53:00+00:00,2978.2,2979.2,2978.0,2978.3,190
2026-07-21T14:54:00+00:00,2978.3,2979.1,2977.7,2979.0,123
2026-07-21T14:55:00+00:00,2979.0,2979.2,2978.6,2979.0,55
2026-07-21T14:56:00+00:00,2978.9,2979.6,2977.3,2977.6,177
2026-07-21T14:57:00+00:00,2977.7,2978.1,2976.8,2977.6,187
2026-07-21T14:58:00+00:00,2977.6,2978.9,2977.3,2978.0,174
2026-07-21T14:59:00+00:00,2977.9,2979.0,2977.8,2978.2,106
2026-07-21T15:00:00+00:00,2978.1,2979.0,2978.0,2978.8,131
2026-07-21T15:01:00+00:00,2978.9,2978.9,2975.7,2976.0,203
2026-07-21T15:02:00+00:00,2975.7,2976.5,2975.1,2975.1,390
2026-07-21T15:03:00+00:00,2975.1,2975.4,2974.2,2975.0,250
2026-07-21T15:04:00+00:00,2974.8,2975.6,2974.2,2975.2,131
2026-07-21T15:05:00+00:00,2975.2,2977.0,2974.0,2977.0,335
2026-07-21T15:06:00+00:00,2976.9,2977.7,2976.7,2977.2,129
2026-07-21T15:07:00+00:00,2977.2,2979.0,2977.2,2978.9,160
2026-07-21T15:08:00+00:00,2978.9,2980.9,2978.6,2980.5,343
2026-07-21T15:09:00+00:00,2980.7,2982.2,2980.3,2980.8,333
2026-07-21T15:10:00+00:00,2980.7,2981.8,2980.6,2981.2,123
2026-07-21T15:11:00+00:00,2981.4,2981.5,2980.5,2981.0,89
2026-07-21T15:12:00+00:00,2980.9,2982.4,2980.8,2982.1,188
2026-07-21T15:13:00+00:00,2982.0,2982.4,2980.9,2980.9,71
2026-07-21T15:14:00+00:00,2981.2,2982.8,2980.9,2982.6,130
2026-07-21T15:15:00+00:00,2982.6,2983.3,2982.5,2983.1,160
2026-07-21T15:16:00+00:00,2983.2,2983.7,2982.5,2982.8,130
2026-07-21T15:17:00+00:00,2982.9,2983.5,2982.4,2983.4,99
2026-07-21T15:18:00+00:00,2983.6,2984.6,2983.4,2984.6,267
2026-07-21T15:19:00+00:00,2984.7,2986.1,2984.3,2985.4,309
2026-07-21T15:20:00+00:00,2985.3,2987.0,2984.7,2986.0,518
2026-07-21T15:21:00+00:00,2985.9,2987.9,2985.5,2986.2,676
2026-07-21T15:22:00+00:00,2986.2,2986.2,2984.3,2984.9,216
2026-07-21T15:23:00+00:00,2984.9,2984.9,2982.8,2983.6,227
2026-07-21T15:24:00+00:00,2983.6,2984.9,2983.6,2984.3,81
2026-07-21T15:25:00+00:00,2984.5,2985.3,2984.2,2984.9,94
2026-07-21T15:26:00+00:00,2984.9,2986.1,2984.4,2985.7,107
2026-07-21T15:27:00+00:00,2986.1,2986.8,2986.1,2986.7,108
2026-07-21T15:28:00+00:00,2986.7,2987.1,2986.0,2986.9,143
2026-07-21T15:29:00+00:00,2986.6,2987.3,2986.2,2987.0,247
2026-07-21T15:30:00+00:00,2986.9,2987.0,2986.0,2986.7,144
2026-07-21T15:31:00+00:00,2986.8,2987.2,2985.2,2985.5,113
2026-07-21T15:32:00+00:00,2985.3,2987.5,2985.0,2987.4,95
2026-07-21T15:33:00+00:00,2987.3,2987.3,2984.4,2985.3,489
2026-07-21T15:34:00+00:00,2985.3,2986.0,2985.0,2986.0,90
2026-07-21T15:35:00+00:00,2986.0,2986.8,2983.3,2983.5,699
2026-07-21T15:36:00+00:00,2983.3,2984.6,2983.0,2984.6,124
2026-07-21T15:37:00+00:00,2984.7,2985.0,2983.9,2984.0,59
2026-07-21T15:38:00+00:00,2984.1,2984.6,2983.1,2983.7,82
2026-07-21T15:39:00+00:00,2983.8,2985.8,2983.6,2985.1,145
2026-07-21T15:40:00+00:00,2985.0,2985.6,2984.0,2984.9,87
2026-07-21T15:41:00+00:00,2985.0,2985.4,2984.1,2985.0,90
2026-07-21T15:42:00+00:00,2985.0,2986.1,2984.6,2986.1,86
2026-07-21T15:43:00+00:00,2986.0,2986.2,2984.4,2985.0,92
2026-07-21T15:44:00+00:00,2984.9,2985.1,2984.4,2984.8,65
2026-07-21T15:45:00+00:00,2984.6,2985.1,2984.2,2984.7,46
2026-07-21T15:46:00+00:00,2984.9,2985.2,2984.4,2984.6,97
2026-07-21T15:47:00+00:00,2984.5,2985.2,2984.3,2985.0,34
2026-07-21T15:48:00+00:00,2985.1,2985.7,2985.0,2985.7,62
2026-07-21T15:49:00+00:00,2985.8,2986.7,2985.8,2986.4,130
2026-07-21T15:50:00+00:00,2986.6,2987.1,2986.0,2986.4,134
2026-07-21T15:51:00+00:00,2986.4,2986.9,2986.1,2986.1,35
2026-07-21T15:52:00+00:00,2986.4,2986.8,2985.3,2985.5,89
2026-07-21T15:53:00+00:00,2985.6,2986.0,2985.3,2985.5,40
2026-07-21T15:54:00+00:00,2985.8,2985.9,2985.2,2985.6,39
2026-07-21T15:55:00+00:00,2985.6,2986.2,2985.5,2985.6,33
2026-07-21T15:56:00+00:00,2985.5,2986.9,2985.4,2986.6,74
2026-07-21T15:57:00+00:00,2986.7,2986.7,2986.1,2986.6,27
2026-07-21T15:58:00+00:00,2986.4,2987.3,2986.4,2987.2,95
2026-07-21T15:59:00+00:00,2987.2,2987.2,2984.8,2986.0,336
2026-07-21T16:00:00+00:00,2985.9,2987.4,2985.6,2986.2,367
2026-07-21T16:01:00+00:00,2986.1,2986.8,2985.8,2986.6,144
2026-07-21T16:02:00+00:00,2986.7,2987.0,2986.3,2986.9,40
2026-07-21T16:03:00+00:00,2987.0,2988.6,2987.0,2988.3,289
2026-07-21T16:04:00+00:00,2988.4,2989.7,2988.2,2989.6,248
2026-07-21T16:05:00+00:00,2989.7,2989.7,2988.9,2989.0,172
2026-07-21T16:06:00+00:00,2989.2,2990.2,2989.1,2989.2,180
2026-07-21T16:07:00+00:00,2989.3,2989.6,2988.6,2988.9,78
2026-07-21T16:08:00+00:00,2989.0,2989.0,2987.9,2987.9,117
2026-07-21T16:09:00+00:00,2988.1,2988.5,2987.9,2988.1,55
2026-07-21T16:10:00+00:00,2988.3,2989.4,2988.0,2989.4,88
2026-07-21T16:11:00+00:00,2989.1,2989.6,2989.0,2989.1,44
2026-07-21T16:12:00+00:00,2989.0,2989.0,2988.0,2988.4,153
2026-07-21T16:13:00+00:00,2988.4,2989.3,2988.4,2989.3,56
2026-07-21T16:14:00+00:00,2989.2,2989.3,2988.6,2989.0,39
2026-07-21T16:15:00+00:00,2989.2,2990.3,2989.1,2989.4,106
2026-07-21T16:16:00+00:00,2989.3,2990.2,2989.3,2989.7,71
2026-07-21T16:17:00+00:00,2989.8,2990.1,2989.6,2989.9,37
2026-07-21T16:18:00+00:00,2990.0,2990.8,2988.7,2988.8,356
2026-07-21T16:19:00+00:00,2988.7,2989.3,2988.4,2989.2,143
2026-07-21T16:20:00+00:00,2989.5,2990.2,2989.3,2990.1,60
2026-07-21T16:21:00+00:00,2990.0,2990.2,2989.2,2989.9,170
2026-07-21T16:22:00+00:00,2990.1,2991.1,2990.1,2990.5,110
2026-07-21T16:23:00+00:00,2990.5,2991.0,2990.5,2990.9,73
2026-07-21T16:24:00+00:00,2990.9,2991.6,2990.4,2990.5,116
2026-07-21T16:25:00+00:00,2990.5,2990.7,2990.3,2990.3,58
2026-07-21T16:26:00+00:00,2990.3,2990.5,2989.2,2989.7,227
2026-07-21T16:27:00+00:00,2989.7,2989.9,2989.3,2989.4,58
2026-07-21T16:28:00+00:00,2989.5,2990.9,2989.5,2990.7,80
2026-07-21T16:29:00+00:00,2990.6,2990.9,2990.6,2990.8,35
2026-07-21T16:30:00+00:00,2990.9,2991.0,2990.5,2991.0,89
2026-07-21T16:31:00+00:00,2991.0,2991.2,2990.2,2990.4,62
2026-07-21T16:32:00+00:00,2990.5,2991.2,2990.5,2991.2,60
2026-07-21T16:33:00+00:00,2991.1,2991.6,2991.1,2991.5,64
2026-07-21T16:34:00+00:00,2991.4,2992.2,2991.4,2992.1,158
2026-07-21T16:35:00+00:00,2991.9,2992.1,2991.4,2991.5,213
2026-07-21T16:36:00+00:00,2991.6,2991.7,2990.9,2991.6,59
2026-07-21T16:37:00+00:00,2991.5,2991.5,2990.9,2991.2,33
2026-07-21T16:38:00+00:00,2991.3,2991.8,2991.3,2991.8,49
2026-07-21T16:39:00+00:00,2991.7,2992.1,2991.6,2992.1,26
2026-07-21T16:40:00+00:00,2991.9,2992.3,2991.8,2992.2,62
2026-07-21T16:41:00+00:00,2992.2,2992.3,2991.3,2991.5,51
2026-07-21T16:42:00+00:00,2992.0,2992.1,2991.4,2991.4,31
2026-07-21T16:43:00+00:00,2991.3,2991.3,2990.3,2991.3,118
2026-07-21T16:44:00+00:00,2991.3,2991.5,2991.0,2991.3,26
2026-07-21T16:45:00+00:00,2991.4,2991.4,2990.8,2991.0,59
2026-07-21T16:46:00+00:00,2990.9,2990.9,2989.9,2990.4,77
2026-07-21T16:47:00+00:00,2990.5,2991.2,2990.5,2990.8,63
2026-07-21T16:48:00+00:00,2990.7,2991.3,2990.5,2991.3,32
2026-07-21T16:49:00+00:00,2991.3,2991.6,2991.2,2991.3,39
2026-07-21T16:50:00+00:00,2991.4,2992.7,2991.4,2992.6,125
2026-07-21T16:51:00+00:00,2992.8,2993.7,2992.8,2993.7,198
2026-07-21T16:52:00+00:00,2993.6,2994.3,2993.6,2994.0,207
2026-07-21T16:53:00+00:00,2994.0,2994.1,2993.5,2993.9,90
2026-07-21T16:54:00+00:00,2993.7,2994.8,2993.7,2994.5,131
2026-07-21T16:55:00+00:00,2994.5,2994.8,2994.4,2994.7,99
2026-07-21T16:56:00+00:00,2994.7,2995.2,2993.7,2993.9,179
2026-07-21T16:57:00+00:00,2994.0,2994.1,2992.8,2993.8,171
2026-07-21T16:58:00+00:00,2993.7,2993.8,2993.5,2993.7,37
2026-07-21T16:59:00+00:00,2993.8,2993.9,2993.3,2993.5,64
2026-07-21T17:00:00+00:00,2993.5,2994.6,2993.4,2994.2,63
2026-07-21T17:01:00+00:00,2994.2,2994.2,2993.3,2993.3,50
2026-07-21T17:02:00+00:00,2993.4,2993.7,2993.2,2993.7,53
2026-07-21T17:03:00+00:00,2993.6,2994.4,2993.5,2993.9,72
2026-07-21T17:04:00+00:00,2994.1,2994.3,2994.0,2994.1,31
2026-07-21T17:05:00+00:00,2994.2,2995.2,2994.2,2995.2,101
2026-07-21T17:06:00+00:00,2995.2,2995.7,2995.0,2995.0,151
2026-07-21T17:07:00+00:00,2995.1,2995.6,2995.1,2995.1,69
2026-07-21T17:08:00+00:00,2995.1,2995.4,2994.2,2995.0,132
2026-07-21T17:09:00+00:00,2995.1,2995.4,2994.1,2994.2,46
2026-07-21T17:10:00+00:00,2994.1,2994.1,2992.6,2993.1,138
2026-07-21T17:11:00+00:00,2993.2,2993.2,2992.7,2992.9,58
2026-07-21T17:12:00+00:00,2992.9,2993.6,2992.9,2993.1,72
2026-07-21T17:13:00+00:00,2993.1,2993.3,2992.1,2992.2,218
2026-07-21T17:14:00+00:00,2992.2,2992.3,2991.2,2991.4,116
2026-07-21T17:15:00+00:00,2991.5,2992.0,2990.4,2990.4,105
2026-07-21T17:16:00+00:00,2990.3,2990.5,2989.8,2990.3,122
2026-07-21T17:17:00+00:00,2990.4,2991.3,2990.3,2990.6,52
2026-07-21T17:18:00+00:00,2990.7,2991.0,2990.1,2990.9,47
2026-07-21T17:19:00+00:00,2991.2,2991.4,2989.7,2989.7,78
2026-07-21T17:20:00+00:00,2989.6,2989.9,2989.3,2989.5,105
2026-07-21T17:21:00+00:00,2989.5,2989.7,2988.7,2989.3,155
2026-07-21T17:22:00+00:00,2989.4,2990.6,2989.4,2990.4,112
2026-07-21T17:23:00+00:00,2990.5,2990.5,2990.0,2990.0,52
2026-07-21T17:24:00+00:00,2989.9,2990.7,2989.9,2990.6,65
2026-07-21T17:25:00+00:00,2990.8,2991.3,2990.4,2990.4,76
2026-07-21T17:26:00+00:00,2990.4,2990.5,2989.8,2989.9,42
2026-07-21T17:27:00+00:00,2989.7,2990.0,2989.4,2989.7,69
2026-07-21T17:28:00+00:00,2989.8,2990.3,2989.5,2990.2,59
2026-07-21T17:29:00+00:00,2990.4,2990.5,2990.1,2990.5,53
2026-07-21T17:30:00+00:00,2990.5,2991.4,2990.5,2991.0,71
2026-07-21T17:31:00+00:00,2990.7,2990.7,2989.8,2990.1,45
2026-07-21T17:32:00+00:00,2990.1,2990.3,2989.5,2989.9,47
2026-07-21T17:33:00+00:00,2989.9,2990.1,2989.0,2989.4,62
2026-07-21T17:34:00+00:00,2989.3,2989.5,2988.0,2988.8,134
2026-07-21T17:35:00+00:00,2988.8,2989.3,2988.4,2989.2,119
2026-07-21T17:36:00+00:00,2989.3,2990.4,2989.3,2990.2,101
2026-07-21T17:37:00+00:00,2990.3,2990.7,2990.3,2990.4,31
2026-07-21T17:38:00+00:00,2990.6,2991.2,2990.4,2990.9,88
2026-07-21T17:39:00+00:00,2991.0,2991.2,2990.5,2990.8,34
2026-07-21T17:40:00+00:00,2990.6,2991.1,2990.1,2990.4,67
2026-07-21T17:41:00+00:00,2990.5,2991.3,2990.5,2991.2,26
2026-07-21T17:42:00+00:00,2991.3,2991.5,2990.8,2991.4,23
2026-07-21T17:43:00+00:00,2991.4,2992.2,2991.3,2992.1,72
2026-07-21T17:44:00+00:00,2992.2,2992.7,2992.2,2992.7,74
2026-07-21T17:45:00+00:00,2992.7,2993.0,2992.3,2992.3,54
2026-07-21T17:46:00+00:00,2992.5,2993.2,2992.4,2992.7,41
2026-07-21T17:47:00+00:00,2992.8,2993.8,2992.8,2993.7,51
2026-07-21T17:48:00+00:00,2993.8,2994.1,2993.6,2993.6,39
2026-07-21T17:49:00+00:00,2993.7,2993.8,2992.5,2993.3,202
2026-07-21T17:50:00+00:00,2993.2,2993.9,2993.2,2993.6,63
2026-07-21T17:51:00+00:00,2993.6,2993.6,2992.8,2993.0,48
2026-07-21T17:52:00+00:00,2993.0,2993.5,2993.0,2993.3,30
2026-07-21T17:53:00+00:00,2993.0,2993.5,2992.8,2992.8,28
2026-07-21T17:54:00+00:00,2992.9,2993.0,2992.2,2992.5,81
2026-07-21T17:55:00+00:00,2992.4,2993.1,2992.2,2993.0,37
2026-07-21T17:56:00+00:00,2993.1,2993.3,2992.6,2992.9,39
2026-07-21T17:57:00+00:00,2992.8,2993.2,2992.6,2992.8,31
2026-07-21T17:58:00+00:00,2993.0,2993.0,2992.5,2992.8,29
2026-07-21T17:59:00+00:00,2993.0,2993.5,2993.0,2993.3,29
2026-07-21T18:00:00+00:00,2993.2,2994.1,2993.2,2994.1,92
2026-07-21T18:01:00+00:00,2994.1,2994.2,2992.9,2993.2,61
2026-07-21T18:02:00+00:00,2993.0,2993.5,2992.4,2992.9,116
2026-07-21T18:03:00+00:00,2992.5,2992.5,2991.8,2991.8,169
2026-07-21T18:04:00+00:00,2991.9,2993.3,2991.9,2992.8,136
2026-07-21T18:05:00+00:00,2992.5,2993.2,2992.5,2993.0,67
2026-07-21T18:06:00+00:00,2993.1,2993.6,2992.7,2993.6,69
2026-07-21T18:07:00+00:00,2993.4,2994.2,2993.4,2994.0,62
2026-07-21T18:08:00+00:00,2994.0,2994.9,2994.0,2994.1,78
2026-07-21T18:09:00+00:00,2994.1,2994.3,2993.8,2994.3,41
2026-07-21T18:10:00+00:00,2994.0,2994.5,2993.6,2994.1,62
2026-07-21T18:11:00+00:00,2994.1,2995.0,2993.9,2994.8,67
2026-07-21T18:12:00+00:00,2994.9,2995.2,2994.7,2994.7,70
2026-07-21T18:13:00+00:00,2994.7,2994.8,2994.1,2994.3,21
2026-07-21T18:14:00+00:00,2994.0,2994.1,2992.9,2993.0,69
2026-07-21T18:15:00+00:00,2993.0,2993.2,2992.7,2993.1,97
2026-07-21T18:16:00+00:00,2993.4,2993.4,2992.5,2992.5,65
2026-07-21T18:17:00+00:00,2992.6,2992.9,2992.6,2992.9,66
2026-07-21T18:18:00+00:00,2992.9,2992.9,2992.5,2992.5,42
2026-07-21T18:19:00+00:00,2992.4,2993.0,2992.1,2993.0,79
2026-07-21T18:20:00+00:00,2992.9,2993.9,2992.8,2993.8,85
2026-07-21T18:21:00+00:00,2993.9,2994.0,2993.3,2994.0,318
2026-07-21T18:22:00+00:00,2994.2,2994.8,2994.0,2994.5,256
2026-07-21T18:23:00+00:00,2994.6,2994.9,2994.0,2994.1,65
2026-07-21T18:24:00+00:00,2994.1,2994.7,2993.8,2994.3,89
2026-07-21T18:25:00+00:00,2994.2,2994.3,2993.6,2994.2,70
2026-07-21T18:26:00+00:00,2994.1,2994.1,2993.4,2993.4,23
2026-07-21T18:27:00+00:00,2993.5,2993.7,2992.9,2993.4,57
2026-07-21T18:28:00+00:00,2993.5,2993.8,2993.4,2993.7,50
2026-07-21T18:29:00+00:00,2993.8,2994.3,2993.6,2993.7,47
2026-07-21T18:30:00+00:00,2993.7,2993.9,2993.1,2993.1,69
2026-07-21T18:31:00+00:00,2993.0,2993.1,2992.4,2992.4,105
2026-07-21T18:32:00+00:00,2992.4,2993.0,2992.0,2992.5,69
2026-07-21T18:33:00+00:00,2992.7,2993.1,2992.5,2992.5,46
2026-07-21T18:34:00+00:00,2992.7,2993.0,2992.7,2992.8,41
2026-07-21T18:35:00+00:00,2992.5,2993.6,2992.5,2993.4,72
2026-07-21T18:36:00+00:00,2993.6,2993.8,2993.2,2993.4,32
2026-07-21T18:37:00+00:00,2993.4,2993.4,2992.9,2993.3,21
2026-07-21T18:38:00+00:00,2993.4,2993.7,2993.3,2993.4,16
2026-07-21T18:39:00+00:00,2993.7,2993.8,2993.0,2993.0,36
2026-07-21T18:40:00+00:00,2992.9,2993.4,2992.7,2993.3,49
2026-07-21T18:41:00+00:00,2993.0,2993.1,2992.6,2992.7,72
2026-07-21T18:42:00+00:00,2992.9,2993.4,2992.9,2993.2,24
2026-07-21T18:43:00+00:00,2993.0,2993.9,2993.0,2993.9,41
2026-07-21T18:44:00+00:00,2993.8,2994.0,2993.5,2993.5,98
2026-07-21T18:45:00+00:00,2993.5,2993.9,2993.2,2993.5,72
2026-07-21T18:46:00+00:00,2993.5,2993.9,2993.3,2993.3,39
2026-07-21T18:47:00+00:00,2993.2,2993.3,2992.4,2992.6,36
2026-07-21T18:48:00+00:00,2992.9,2992.9,2992.5,2992.7,25
2026-07-21T18:49:00+00:00,2992.8,2993.5,2992.7,2993.3,26
2026-07-21T18:50:00+00:00,2993.4,2993.6,2993.3,2993.4,31
2026-07-21T18:51:00+00:00,2993.5,2993.6,2993.1,2993.2,23
2026-07-21T18:52:00+00:00,2993.1,2993.1,2991.8,2991.9,133
2026-07-21T18:53:00+00:00,2991.8,2991.9,2990.7,2991.7,182
2026-07-21T18:54:00+00:00,2991.8,2991.8,2991.4,2991.4,45
2026-07-21T18:55:00+00:00,2991.5,2992.0,2991.2,2991.6,98
2026-07-21T18:56:00+00:00,2991.7,2992.0,2990.8,2991.0,30
2026-07-21T18:57:00+00:00,2991.0,2991.1,2990.7,2990.9,39
2026-07-21T18:58:00+00:00,2991.1,2991.2,2990.9,2991.1,48
2026-07-21T18:59:00+00:00,2991.3,2991.8,2991.3,2991.5,40
2026-07-21T19:00:00+00:00,2991.6,2991.7,2990.2,2990.4,115
2026-07-21T19:01:00+00:00,2990.4,2990.7,2990.1,2990.6,67
2026-07-21T19:02:00+00:00,2990.5,2991.1,2990.5,2990.6,73
2026-07-21T19:03:00+00:00,2990.5,2991.5,2990.5,2991.4,44
2026-07-21T19:04:00+00:00,2991.3,2992.3,2991.3,2992.0,82
2026-07-21T19:05:00+00:00,2991.8,2992.2,2991.6,2991.8,46
2026-07-21T19:06:00+00:00,2991.7,2991.9,2991.1,2991.3,32
2026-07-21T19:07:00+00:00,2991.1,2991.3,2990.6,2990.7,39
2026-07-21T19:08:00+00:00,2990.7,2990.8,2990.1,2990.6,84
2026-07-21T19:09:00+00:00,2990.7,2991.2,2990.2,2990.3,51
2026-07-21T19:10:00+00:00,2990.2,2990.7,2989.9,2990.2,134
2026-07-21T19:11:00+00:00,2990.3,2991.0,2990.3,2990.9,30
2026-07-21T19:12:00+00:00,2991.1,2991.8,2991.0,2991.8,78
2026-07-21T19:13:00+00:00,2991.4,2991.8,2991.3,2991.6,36
2026-07-21T19:14:00+00:00,2991.7,2992.5,2991.7,2992.0,97
2026-07-21T19:15:00+00:00,2992.0,2992.7,2991.7,2992.6,84
2026-07-21T19:16:00+00:00,2992.5,2992.9,2992.1,2992.2,52
2026-07-21T19:17:00+00:00,2992.4,2992.4,2991.8,2992.3,40
2026-07-21T19:18:00+00:00,2992.3,2992.7,2992.2,2992.4,34
2026-07-21T19:19:00+00:00,2992.4,2992.6,2992.2,2992.3,20
2026-07-21T19:20:00+00:00,2992.4,2993.0,2991.7,2992.9,47
2026-07-21T19:21:00+00:00,2993.0,2993.1,2992.4,2992.4,28
2026-07-21T19:22:00+00:00,2992.4,2992.4,2991.9,2992.4,24
2026-07-21T19:23:00+00:00,2992.5,2992.8,2992.2,2992.4,17
2026-07-21T19:24:00+00:00,2992.4,2992.6,2992.2,2992.4,21
2026-07-21T19:25:00+00:00,2992.3,2992.3,2991.3,2991.5,54
2026-07-21T19:26:00+00:00,2991.4,2991.7,2990.4,2991.7,81
2026-07-21T19:27:00+00:00,2991.8,2992.5,2991.8,2992.2,73
2026-07-21T19:28:00+00:00,2992.1,2993.2,2992.0,2993.1,22
2026-07-21T19:29:00+00:00,2993.1,2993.4,2992.8,2992.8,76
2026-07-21T19:30:00+00:00,2992.9,2993.4,2992.7,2993.1,71
2026-07-21T19:31:00+00:00,2993.2,2993.8,2992.9,2993.1,65
2026-07-21T19:32:00+00:00,2993.0,2994.3,2993.0,2994.2,120
2026-07-21T19:33:00+00:00,2994.1,2994.8,2993.7,2994.8,178
2026-07-21T19:34:00+00:00,2994.7,2994.9,2993.8,2994.2,192
2026-07-21T19:35:00+00:00,2994.3,2995.5,2994.1,2995.3,129
2026-07-21T19:36:00+00:00,2995.3,2995.7,2995.0,2995.5,124
2026-07-21T19:37:00+00:00,2995.4,2996.1,2995.4,2996.0,198
2026-07-21T19:38:00+00:00,2995.9,2996.3,2995.6,2996.1,146
2026-07-21T19:39:00+00:00,2996.1,2996.5,2995.4,2995.5,131
2026-07-21T19:40:00+00:00,2995.5,2995.6,2994.4,2994.4,97
2026-07-21T19:41:00+00:00,2994.3,2994.8,2994.0,2994.7,84
2026-07-21T19:42:00+00:00,2994.7,2994.8,2994.2,2994.2,36
2026-07-21T19:43:00+00:00,2994.2,2994.7,2993.9,2994.7,40
2026-07-21T19:44:00+00:00,2994.7,2995.6,2994.7,2995.3,67
2026-07-21T19:45:00+00:00,2995.2,2995.6,2995.0,2995.3,57
2026-07-21T19:46:00+00:00,2995.3,2995.6,2995.1,2995.3,68
2026-07-21T19:47:00+00:00,2995.3,2995.6,2995.2,2995.4,69
2026-07-21T19:48:00+00:00,2995.3,2995.8,2995.2,2995.4,122
2026-07-21T19:49:00+00:00,2995.3,2997.1,2995.3,2996.7,167
2026-07-21T19:50:00+00:00,2996.6,2998.4,2996.1,2997.6,697
2026-07-21T19:51:00+00:00,2997.7,2998.3,2997.4,2998.0,107
2026-07-21T19:52:00+00:00,2998.1,2998.6,2997.5,2997.8,241
2026-07-21T19:53:00+00:00,2997.9,2998.1,2997.7,2998.1,91
2026-07-21T19:54:00+00:00,2998.1,2998.3,2997.5,2997.5,265
2026-07-21T19:55:00+00:00,2997.6,2998.6,2997.5,2997.9,565
2026-07-21T19:56:00+00:00,2997.8,2999.0,2997.8,2998.5,828
2026-07-21T19:57:00+00:00,2998.4,2999.8,2998.3,2999.6,493
2026-07-21T19:58:00+00:00,2999.6,2999.6,2997.8,2998.0,650
2026-07-21T19:59:00+00:00,2998.0,2998.4,2996.3,2997.3,3412
2026-07-21T20:00:00+00:00,2997.2,2997.7,2996.2,2996.5,380
2026-07-21T20:01:00+00:00,2996.5,2996.7,2996.1,2996.5,199
2026-07-21T20:02:00+00:00,2996.4,2996.5,2995.9,2995.9,83
2026-07-21T20:03:00+00:00,2995.9,2996.6,2995.6,2996.0,162
2026-07-21T20:04:00+00:00,2996.1,2996.5,2996.0,2996.5,37
2026-07-21T20:05:00+00:00,2996.3,2996.5,2996.0,2996.3,45
2026-07-21T20:06:00+00:00,2996.4,2996.5,2995.9,2996.5,28
2026-07-21T20:07:00+00:00,2996.4,2996.6,2996.2,2996.3,48
2026-07-21T20:08:00+00:00,2996.2,2996.7,2996.2,2996.3,60
2026-07-21T20:09:00+00:00,2996.2,2996.4,2996.1,2996.1,37
2026-07-21T20:10:00+00:00,2996.0,2996.0,2995.5,2995.6,34
2026-07-21T20:11:00+00:00,2995.6,2995.7,2995.3,2995.5,27
2026-07-21T20:12:00+00:00,2995.5,2995.9,2995.4,2995.8,72
2026-07-21T20:13:00+00:00,2995.7,2995.9,2995.6,2995.6,89
2026-07-21T20:14:00+00:00,2995.7,2996.3,2995.7,2996.1,28
2026-07-21T20:15:00+00:00,2996.2,2996.2,2995.5,2995.5,20
2026-07-21T20:16:00+00:00,2995.4,2995.4,2995.0,2995.2,76
2026-07-21T20:17:00+00:00,2995.0,2995.6,2994.8,2995.0,68
2026-07-21T20:18:00+00:00,2995.0,2995.3,2994.9,2994.9,31
2026-07-21T20:19:00+00:00,2994.9,2995.0,2994.7,2994.7,35
2026-07-21T20:20:00+00:00,2994.7,2995.1,2994.7,2995.1,63
2026-07-21T20:21:00+00:00,2995.2,2995.4,2994.9,2994.9,20
2026-07-21T20:22:00+00:00,2994.9,2994.9,2994.7,2994.8,19
2026-07-21T20:23:00+00:00,2995.0,2995.0,2994.6,2994.6,13
2026-07-21T20:24:00+00:00,2995.0,2995.2,2994.9,2995.2,19
2026-07-21T20:25:00+00:00,2995.1,2995.1,2994.8,2994.9,38
2026-07-21T20:26:00+00:00,2994.6,2995.0,2994.6,2994.7,28
2026-07-21T20:27:00+00:00,2994.9,2994.9,2994.9,2994.9,6
2026-07-21T20:28:00+00:00,2995.1,2995.1,2994.7,2994.7,13
2026-07-21T20:29:00+00:00,2994.8,2995.0,2994.8,2995.0,8
2026-07-21T20:30:00+00:00,2994.8,2995.2,2994.8,2995.2,50
2026-07-21T20:31:00+00:00,2995.1,2995.4,2995.1,2995.4,12
2026-07-21T20:32:00+00:00,2995.3,2995.5,2995.3,2995.5,6
2026-07-21T20:33:00+00:00,2995.3,2995.6,2995.3,2995.3,8
2026-07-21T20:34:00+00:00,2995.5,2995.5,2995.4,2995.5,14
2026-07-21T20:35:00+00:00,2995.2,2995.6,2995.1,2995.1,38
2026-07-21T20:36:00+00:00,2995.1,2995.4,2995.1,2995.3,29
2026-07-21T20:37:00+00:00,2995.3,2995.5,2994.8,2995.2,18
2026-07-21T20:38:00+00:00,2995.3,2995.5,2995.3,2995.5,6
2026-07-21T20:39:00+00:00,2995.4,2995.4,2995.2,2995.4,26
2026-07-21T20:40:00+00:00,2995.3,2995.4,2995.1,2995.4,20
2026-07-21T20:41:00+00:00,2995.1,2995.4,2995.1,2995.1,30
2026-07-21T20:42:00+00:00,2995.1,2995.4,2995.1,2995.4,9
2026-07-21T20:43:00+00:00,2995.3,2995.5,2995.0,2995.2,11
2026-07-21T20:44:00+00:00,2995.1,2995.3,2995.0,2995.0,32
2026-07-21T20:45:00+00:00,2995.1,2995.3,2994.9,2995.2,26
2026-07-21T20:46:00+00:00,2995.2,2995.5,2995.1,2995.4,17
2026-07-21T20:47:00+00:00,2995.2,2995.2,2994.9,2994.9,14
2026-07-21T20:48:00+00:00,2994.7,2994.7,2994.4,2994.5,12
2026-07-21T20:49:00+00:00,2994.5,2994.7,2994.4,2994.7,11
2026-07-21T20:50:00+00:00,2994.7,2994.7,2994.2,2994.6,96
2026-07-21T20:51:00+00:00,2994.6,2994.8,2994.6,2994.8,62
2026-07-21T20:52:00+00:00,2994.9,2995.0,2994.9,2994.9,9
2026-07-21T20:53:00+00:00,2994.9,2995.0,2994.6,2994.7,23
2026-07-21T20:54:00+00:00,2994.9,2994.9,2994.7,2994.7,12
2026-07-21T20:55:00+00:00,2994.8,2994.9,2994.5,2994.9,60
2026-07-21T20:56:00+00:00,2994.9,2994.9,2994.4,2994.5,14
2026-07-21T20:57:00+00:00,2994.6,2994.7,2994.5,2994.6,24
2026-07-21T20:58:00+00:00,2994.3,2994.9,2994.3,2994.9,29
2026-07-21T20:59:00+00:00,2994.9,2996.7,2994.9,2996.3,123
2026-07-21T22:00:00+00:00,2996.8,2998.1,2996.0,2996.5,73
2026-07-21T22:01:00+00:00,2996.2,2996.3,2995.5,2995.5,21
2026-07-21T22:02:00+00:00,2995.5,2995.8,2995.5,2995.8,11
2026-07-21T22:03:00+00:00,2995.9,2995.9,2995.9,2995.9,4
2026-07-21T22:04:00+00:00,2996.0,2996.8,2996.0,2996.2,16
2026-07-21T22:05:00+00:00,2996.1,2996.4,2995.9,2995.9,8
2026-07-21T22:06:00+00:00,2996.0,2996.3,2995.7,2995.7,15
2026-07-21T22:07:00+00:00,2995.6,2995.7,2995.2,2995.7,26
2026-07-21T22:08:00+00:00,2996.0,2996.3,2996.0,2996.3,9
2026-07-21T22:09:00+00:00,2996.2,2996.2,2996.2,2996.2,1
2026-07-21T22:10:00+00:00,2996.0,2996.0,2996.0,2996.0,4
2026-07-21T22:11:00+00:00,2996.1,2996.1,2996.1,2996.1,2
2026-07-21T22:12:00+00:00,2996.2,2996.2,2996.1,2996.1,2
2026-07-21T22:13:00+00:00,2996.4,2996.4,2996.4,2996.4,2
2026-07-21T22:14:00+00:00,2996.7,2996.7,2996.7,2996.7,2
2026-07-21T22:15:00+00:00,2996.5,2996.9,2996.4,2996.7,7
2026-07-21T22:17:00+00:00,2996.8,2996.8,2996.7,2996.7,5
2026-07-21T22:18:00+00:00,2996.8,2997.0,2996.8,2997.0,2
2026-07-21T22:19:00+00:00,2997.3,2997.3,2997.3,2997.3,1
2026-07-21T22:20:00+00:00,2997.0,2997.0,2996.9,2997.0,7
2026-07-21T22:21:00+00:00,2997.2,2997.4,2997.1,2997.2,8
2026-07-21T22:22:00+00:00,2997.1,2997.2,2997.1,2997.2,3
2026-07-21T22:23:00+00:00,2997.1,2997.1,2997.1,2997.1,2
2026-07-21T22:24:00+00:00,2997.2,2997.2,2996.0,2996.0,16
2026-07-21T22:25:00+00:00,2995.9,2996.6,2995.9,2996.4,16
2026-07-21T22:26:00+00:00,2996.5,2996.5,2996.2,2996.4,10
2026-07-21T22:27:00+00:00,2996.7,2996.8,2996.7,2996.8,3
2026-07-21T22:29:00+00:00,2996.4,2996.6,2996.4,2996.6,3
2026-07-21T22:30:00+00:00,2996.5,2996.6,2996.5,2996.6,7
2026-07-21T22:31:00+00:00,2996.4,2996.5,2996.4,2996.5,8
2026-07-21T22:32:00+00:00,2996.7,2996.7,2996.7,2996.7,1
2026-07-21T22:33:00+00:00,2996.9,2997.0,2996.5,2996.5,11
2026-07-21T22:34:00+00:00,2996.7,2997.1,2996.7,2997.1,6
2026-07-21T22:35:00+00:00,2997.0,2997.0,2997.0,2997.0,1
2026-07-21T22:36:00+00:00,2996.7,2996.7,2996.7,2996.7,1
2026-07-21T22:37:00+00:00,2996.5,2996.5,2996.5,2996.5,5
2026-07-21T22:38:00+00:00,2996.6,2996.7,2996.6,2996.6,5
2026-07-21T22:39:00+00:00,2996.7,2996.8,2996.7,2996.8,5
2026-07-21T22:40:00+00:00,2996.8,2996.8,2996.8,2996.8,1
2026-07-21T22:41:00+00:00,2996.8,2996.8,2996.8,2996.8,5
2026-07-21T22:42:00+00:00,2996.5,2996.5,2996.3,2996.4,7
2026-07-21T22:43:00+00:00,2996.4,2996.4,2996.2,2996.2,12
2026-07-21T22:45:00+00:00,2996.2,2996.2,2995.4,2995.5,8
2026-07-21T22:46:00+00:00,2995.3,2995.6,2995.3,2995.6,6
2026-07-21T22:47:00+00:00,2995.6,2995.7,2995.6,2995.7,2
2026-07-21T22:49:00+00:00,2995.6,2995.6,2995.0,2995.2,35
2026-07-21T22:50:00+00:00,2995.2,2995.2,2995.2,2995.2,1
2026-07-21T22:51:00+00:00,2995.4,2995.4,2995.2,2995.2,5
2026-07-21T22:52:00+00:00,2995.1,2995.1,2995.1,2995.1,2
2026-07-21T22:53:00+00:00,2995.5,2995.5,2995.5,2995.5,1
2026-07-21T22:54:00+00:00,2995.4,2995.4,2995.4,2995.4,1
2026-07-21T22:55:00+00:00,2995.5,2995.7,2995.1,2995.1,6
2026-07-21T22:56:00+00:00,2995.1,2995.2,2995.0,2995.2,8
2026-07-21T22:57:00+00:00,2995.7,2996.0,2995.7,2996.0,19
2026-07-21T22:58:00+00:00,2996.1,2996.1,2995.8,2996.1,20
2026-07-21T22:59:00+00:00,2996.1,2996.1,2995.8,2995.8,4
2026-07-21T23:00:00+00:00,2996.2,2996.2,2995.7,2996.0,13
2026-07-21T23:01:00+00:00,2995.7,2995.7,2995.5,2995.5,5
2026-07-21T23:02:00+00:00,2995.8,2995.8,2995.8,2995.8,8
2026-07-21T23:03:00+00:00,2995.6,2995.6,2995.6,2995.6,1
2026-07-21T23:04:00+00:00,2995.9,2995.9,2995.9,2995.9,1
2026-07-21T23:05:00+00:00,2995.7,2995.7,2995.5,2995.6,5
2026-07-21T23:06:00+00:00,2995.8,2995.9,2995.8,2995.9,2
2026-07-21T23:09:00+00:00,2995.8,2995.8,2995.8,2995.8,1
2026-07-21T23:10:00+00:00,2995.7,2995.7,2995.5,2995.5,6
2026-07-21T23:11:00+00:00,2995.8,2995.9,2995.8,2995.8,3
2026-07-21T23:12:00+00:00,2996.0,2996.2,2996.0,2996.2,4
2026-07-21T23:13:00+00:00,2996.2,2996.2,2996.0,2996.0,4
2026-07-21T23:14:00+00:00,2996.0,2996.2,2996.0,2996.2,3
2026-07-21T23:15:00+00:00,2996.1,2997.2,2996.1,2996.1,59
2026-07-21T23:16:00+00:00,2996.1,2996.4,2996.0,2996.0,11
2026-07-21T23:17:00+00:00,2995.9,2996.2,2995.8,2996.2,6
2026-07-21T23:18:00+00:00,2996.3,2996.7,2996.3,2996.7,5
2026-07-21T23:19:00+00:00,2996.7,2997.3,2996.7,2997.2,19
2026-07-21T23:20:00+00:00,2997.2,2997.2,2996.5,2996.5,9
2026-07-21T23:22:00+00:00,2996.6,2996.6,2996.6,2996.6,1
2026-07-21T23:24:00+00:00,2996.6,2996.7,2996.3,2996.4,10
2026-07-21T23:25:00+00:00,2996.4,2996.6,2996.4,2996.6,5
2026-07-21T23:26:00+00:00,2996.6,2996.6,2996.4,2996.6,5
2026-07-21T23:28:00+00:00,2996.9,2997.0,2996.9,2997.0,5
2026-07-21T23:29:00+00:00,2997.3,2997.3,2997.3,2997.3,2
2026-07-21T23:30:00+00:00,2997.1,2997.2,2997.0,2997.0,4
2026-07-21T23:31:00+00:00,2997.2,2997.4,2997.2,2997.4,7
2026-07-21T23:32:00+00:00,2997.5,2997.7,2997.4,2997.7,18
2026-07-21T23:33:00+00:00,2997.8,2997.8,2997.6,2997.6,13
2026-07-21T23:34:00+00:00,2997.5,2997.5,2997.4,2997.4,2
2026-07-21T23:35:00+00:00,2997.3,2997.3,2997.0,2997.1,5
2026-07-21T23:36:00+00:00,2997.3,2997.4,2997.3,2997.4,9
2026-07-21T23:37:00+00:00,2997.0,2997.3,2997.0,2997.3,5
2026-07-21T23:38:00+00:00,2997.0,2997.2,2997.0,2997.2,2
2026-07-21T23:39:00+00:00,2996.9,2996.9,2996.8,2996.8,5
2026-07-21T23:40:00+00:00,2997.0,2997.0,2996.9,2997.0,3
2026-07-21T23:41:00+00:00,2997.0,2997.0,2996.4,2996.4,21
2026-07-21T23:42:00+00:00,2996.7,2996.7,2996.4,2996.6,9
2026-07-21T23:44:00+00:00,2996.1,2996.4,2996.1,2996.3,10
2026-07-21T23:45:00+00:00,2996.4,2997.0,2996.4,2997.0,2
2026-07-21T23:46:00+00:00,2997.4,2997.4,2997.3,2997.3,3
2026-07-21T23:48:00+00:00,2997.2,2997.2,2997.2,2997.2,1
2026-07-21T23:49:00+00:00,2997.5,2997.5,2997.5,2997.5,1
2026-07-21T23:50:00+00:00,2997.4,2997.8,2997.4,2997.6,6
2026-07-21T23:51:00+00:00,2997.7,2997.7,2997.4,2997.4,3
2026-07-21T23:52:00+00:00,2997.0,2997.0,2997.0,2997.0,4
2026-07-21T23:53:00+00:00,2996.8,2997.0,2996.7,2997.0,10
2026-07-21T23:54:00+00:00,2997.0,2997.0,2996.7,2996.8,6
2026-07-21T23:55:00+00:00,2996.7,2997.8,2996.7,2997.6,8
2026-07-21T23:56:00+00:00,2997.6,2997.7,2997.6,2997.7,4
2026-07-21T23:57:00+00:00,2997.9,2997.9,2997.5,2997.5,7
2026-07-21T23:58:00+00:00,2997.6,2997.8,2997.6,2997.8,4
2026-07-21T23:59:00+00:00,2997.6,2997.6,2997.5,2997.5,19
2026-07-22T00:00:00+00:00,2997.7,2998.4,2997.3,2997.3,34
2026-07-22T00:01:00+00:00,2997.5,2998.3,2997.5,2998.3,8
2026-07-22T00:02:00+00:00,2997.6,2998.3,2997.5,2998.1,34
2026-07-22T00:03:00+00:00,2998.1,2998.1,2997.7,2997.9,13
2026-07-22T00:04:00+00:00,2998.4,2998.6,2998.4,2998.5,18
2026-07-22T00:05:00+00:00,2998.6,2998.8,2998.0,2998.1,19
2026-07-22T00:06:00+00:00,2998.0,2998.3,2997.5,2997.6,14
2026-07-22T00:07:00+00:00,2997.3,2997.5,2997.2,2997.5,18
2026-07-22T00:08:00+00:00,2997.2,2997.2,2996.4,2996.5,12
2026-07-22T00:09:00+00:00,2996.2,2996.7,2995.9,2996.7,24
2026-07-22T00:10:00+00:00,2996.0,2996.6,2995.8,2996.5,22
2026-07-22T00:11:00+00:00,2997.0,2997.2,2996.8,2996.8,18
2026-07-22T00:12:00+00:00,2996.8,2996.9,2996.5,2996.6,9
2026-07-22T00:13:00+00:00,2996.4,2996.9,2995.7,2996.9,67
2026-07-22T00:14:00+00:00,2997.0,2997.2,2996.5,2996.7,11
2026-07-22T00:15:00+00:00,2997.0,2997.0,2996.7,2996.7,3
2026-07-22T00:16:00+00:00,2995.9,2996.0,2995.8,2995.8,9
2026-07-22T00:17:00+00:00,2996.0,2996.1,2995.6,2995.6,11
2026-07-22T00:18:00+00:00,2995.8,2995.8,2995.2,2995.5,30
2026-07-22T00:19:00+00:00,2995.5,2996.0,2995.5,2996.0,9
2026-07-22T00:20:00+00:00,2996.3,2996.6,2996.1,2996.1,18
2026-07-22T00:21:00+00:00,2996.4,2996.4,2996.2,2996.2,2
2026-07-22T00:22:00+00:00,2996.0,2996.0,2994.8,2995.2,55
2026-07-22T00:23:00+00:00,2995.4,2995.5,2995.0,2995.3,20
2026-07-22T00:24:00+00:00,2995.5,2996.0,2995.1,2995.1,27
2026-07-22T00:25:00+00:00,2995.5,2996.0,2995.5,2996.0,4
2026-07-22T00:26:00+00:00,2995.7,2995.7,2994.4,2994.4,10
2026-07-22T00:27:00+00:00,2994.4,2994.7,2994.4,2994.5,11
2026-07-22T00:28:00+00:00,2994.6,2994.8,2994.6,2994.8,6
2026-07-22T00:29:00+00:00,2994.6,2995.0,2994.6,2994.9,12
2026-07-22T00:30:00+00:00,2995.0,2995.2,2994.7,2994.7,19
2026-07-22T00:31:00+00:00,2994.9,2995.0,2994.5,2995.0,17
2026-07-22T00:32:00+00:00,2994.3,2994.3,2993.7,2994.0,18
2026-07-22T00:33:00+00:00,2994.3,2995.0,2994.3,2995.0,17
2026-07-22T00:34:00+00:00,2995.0,2995.1,2994.9,2995.1,6
2026-07-22T00:35:00+00:00,2994.8,2994.8,2994.4,2994.4,10
2026-07-22T00:36:00+00:00,2994.5,2994.6,2994.2,2994.5,8
2026-07-22T00:37:00+00:00,2994.5,2995.3,2994.4,2995.1,19
2026-07-22T00:38:00+00:00,2995.3,2995.5,2994.8,2994.9,16
2026-07-22T00:39:00+00:00,2995.0,2995.2,2995.0,2995.2,4
2026-07-22T00:40:00+00:00,2995.0,2995.5,2995.0,2995.5,3
2026-07-22T00:41:00+00:00,2995.4,2995.5,2995.4,2995.5,2
2026-07-22T00:42:00+00:00,2995.7,2995.7,2995.4,2995.5,5
2026-07-22T00:43:00+00:00,2995.8,2995.9,2995.5,2995.5,13
2026-07-22T00:44:00+00:00,2995.5,2995.6,2995.5,2995.6,7
2026-07-22T00:45:00+00:00,2995.1,2995.1,2995.0,2995.0,3
2026-07-22T00:46:00+00:00,2994.8,2994.8,2994.4,2994.5,3
2026-07-22T00:47:00+00:00,2994.5,2994.5,2994.4,2994.5,3
2026-07-22T00:48:00+00:00,2994.3,2994.7,2993.9,2994.5,13
2026-07-22T00:49:00+00:00,2994.4,2995.3,2994.4,2995.3,12
2026-07-22T00:50:00+00:00,2995.0,2995.0,2995.0,2995.0,2
2026-07-22T00:51:00+00:00,2995.4,2995.6,2995.4,2995.6,9
2026-07-22T00:52:00+00:00,2995.1,2995.1,2995.0,2995.0,3
2026-07-22T00:53:00+00:00,2994.7,2994.9,2994.7,2994.9,4
2026-07-22T00:54:00+00:00,2995.0,2995.0,2995.0,2995.0,2
2026-07-22T00:55:00+00:00,2994.7,2995.1,2994.6,2995.1,11
2026-07-22T00:56:00+00:00,2994.7,2995.3,2994.7,2995.3,5
2026-07-22T00:57:00+00:00,2995.1,2995.7,2995.1,2995.7,3
2026-07-22T00:58:00+00:00,2995.8,2996.0,2995.8,2995.9,17
2026-07-22T00:59:00+00:00,2995.8,2996.3,2995.8,2996.3,20
2026-07-22T01:00:00+00:00,2996.3,2996.5,2995.3,2995.3,28
2026-07-22T01:01:00+00:00,2995.0,2995.2,2994.2,2994.2,24
2026-07-22T01:02:00+00:00,2994.1,2994.1,2993.5,2993.8,29
2026-07-22T01:03:00+00:00,2994.1,2994.3,2993.6,2994.3,19
2026-07-22T01:04:00+00:00,2993.8,2994.2,2993.8,2993.8,5
2026-07-22T01:05:00+00:00,2993.8,2993.8,2993.8,2993.8,2
2026-07-22T01:06:00+00:00,2993.9,2994.2,2993.3,2993.3,42
2026-07-22T01:07:00+00:00,2993.5,2993.5,2993.2,2993.5,9
2026-07-22T01:08:00+00:00,2993.2,2993.4,2993.1,2993.2,13
2026-07-22T01:09:00+00:00,2993.1,2993.3,2993.0,2993.3,21
2026-07-22T01:10:00+00:00,2993.3,2993.6,2993.1,2993.4,16
2026-07-22T01:11:00+00:00,2993.2,2993.2,2993.0,2993.2,14
2026-07-22T01:12:00+00:00,2993.2,2993.4,2993.0,2993.2,39
2026-07-22T01:13:00+00:00,2993.3,2993.3,2993.3,2993.3,3
2026-07-22T01:14:00+00:00,2993.1,2993.1,2992.9,2993.1,16
2026-07-22T01:15:00+00:00,2993.2,2993.2,2993.0,2993.1,10
2026-07-22T01:16:00+00:00,2993.6,2993.7,2992.9,2992.9,21
2026-07-22T01:17:00+00:00,2993.1,2993.3,2993.0,2993.3,16
2026-07-22T01:18:00+00:00,2993.3,2993.5,2993.3,2993.5,3
2026-07-22T01:19:00+00:00,2993.2,2993.2,2993.2,2993.2,1
2026-07-22T01:20:00+00:00,2993.1,2993.1,2993.0,2993.0,13
2026-07-22T01:21:00+00:00,2993.1,2993.2,2992.5,2992.7,31
2026-07-22T01:22:00+00:00,2992.9,2992.9,2992.7,2992.7,5
2026-07-22T01:23:00+00:00,2993.0,2993.0,2992.2,2992.4,9
2026-07-22T01:24:00+00:00,2992.4,2992.5,2991.4,2991.5,39
2026-07-22T01:25:00+00:00,2991.5,2992.1,2991.4,2992.0,38
2026-07-22T01:26:00+00:00,2992.3,2993.0,2992.3,2993.0,19
2026-07-22T01:27:00+00:00,2993.1,2993.2,2992.8,2993.1,10
2026-07-22T01:29:00+00:00,2992.6,2992.8,2992.4,2992.7,29
2026-07-22T01:30:00+00:00,2992.5,2992.5,2992.0,2992.0,29
2026-07-22T01:31:00+00:00,2992.3,2992.3,2991.4,2991.4,16
2026-07-22T01:32:00+00:00,2992.0,2992.0,2991.7,2991.7,3
2026-07-22T01:33:00+00:00,2992.3,2992.6,2992.3,2992.6,4
2026-07-22T01:34:00+00:00,2992.5,2992.7,2992.5,2992.7,12
2026-07-22T01:35:00+00:00,2992.7,2993.1,2992.7,2992.9,7
2026-07-22T01:36:00+00:00,2992.6,2992.9,2992.5,2992.8,5
2026-07-22T01:37:00+00:00,2992.9,2993.1,2992.9,2993.1,2
2026-07-22T01:38:00+00:00,2993.0,2993.0,2992.7,2992.9,5
2026-07-22T01:40:00+00:00,2993.0,2993.4,2992.9,2993.2,12
2026-07-22T01:41:00+00:00,2992.9,2993.0,2992.5,2992.5,9
2026-07-22T01:42:00+00:00,2993.0,2993.0,2992.6,2992.6,2
2026-07-22T01:43:00+00:00,2992.6,2993.0,2992.3,2993.0,8
2026-07-22T01:44:00+00:00,2992.8,2993.2,2992.8,2993.2,4
2026-07-22T01:45:00+00:00,2993.0,2993.6,2993.0,2993.6,7
2026-07-22T01:46:00+00:00,2994.0,2994.3,2994.0,2994.1,31
2026-07-22T01:47:00+00:00,2994.2,2994.3,2994.0,2994.2,21
2026-07-22T01:48:00+00:00,2994.4,2994.5,2994.4,2994.4,13
2026-07-22T01:49:00+00:00,2994.6,2994.6,2994.4,2994.6,14
2026-07-22T01:50:00+00:00,2994.8,2994.8,2994.2,2994.2,12
2026-07-22T01:51:00+00:00,2994.8,2995.0,2994.8,2994.8,11
2026-07-22T01:52:00+00:00,2994.8,2995.6,2994.8,2995.6,41
2026-07-22T01:53:00+00:00,2995.6,2995.6,2995.2,2995.2,11
2026-07-22T01:54:00+00:00,2995.1,2995.5,2995.1,2995.5,5
2026-07-22T01:55:00+00:00,2995.5,2995.5,2995.5,2995.5,8
2026-07-22T01:56:00+00:00,2995.5,2995.5,2995.4,2995.4,3
2026-07-22T01:57:00+00:00,2995.3,2995.3,2995.3,2995.3,10
2026-07-22T01:58:00+00:00,2995.6,2995.6,2995.0,2995.0,10
2026-07-22T01:59:00+00:00,2994.8,2994.8,2994.5,2994.5,6
2026-07-22T02:00:00+00:00,2994.7,2995.0,2994.0,2994.0,11
2026-07-22T02:01:00+00:00,2993.9,2993.9,2993.3,2993.7,13
2026-07-22T02:02:00+00:00,2993.6,2993.7,2993.3,2993.7,26
2026-07-22T02:03:00+00:00,2993.7,2994.1,2993.7,2994.0,5
2026-07-22T02:04:00+00:00,2993.8,2994.1,2993.8,2994.0,13
2026-07-22T02:05:00+00:00,2994.2,2994.2,2993.6,2993.6,13
2026-07-22T02:06:00+00:00,2994.0,2994.0,2993.9,2993.9,2
2026-07-22T02:07:00+00:00,2993.6,2993.6,2993.5,2993.6,10
2026-07-22T02:08:00+00:00,2993.9,2994.0,2993.5,2993.5,10
2026-07-22T02:09:00+00:00,2993.5,2993.8,2993.5,2993.8,2
2026-07-22T02:10:00+00:00,2993.7,2994.2,2993.7,2994.2,2
2026-07-22T02:11:00+00:00,2994.1,2994.4,2994.1,2994.4,5
2026-07-22T02:12:00+00:00,2994.3,2994.6,2994.2,2994.5,5
2026-07-22T02:13:00+00:00,2995.0,2995.2,2994.9,2995.0,26
2026-07-22T02:14:00+00:00,2995.0,2995.3,2994.8,2995.3,12
2026-07-22T02:15:00+00:00,2995.1,2995.5,2994.8,2995.1,40
2026-07-22T02:16:00+00:00,2994.9,2995.0,2994.9,2995.0,3
2026-07-22T02:17:00+00:00,2995.3,2995.3,2995.0,2995.1,9
2026-07-22T02:18:00+00:00,2995.0,2995.0,2994.7,2994.7,3
2026-07-22T02:19:00+00:00,2995.1,2995.1,2995.0,2995.0,3
2026-07-22T02:20:00+00:00,2995.2,2995.2,2995.2,2995.2,2
2026-07-22T02:21:00+00:00,2994.9,2994.9,2994.8,2994.8,6
2026-07-22T02:22:00+00:00,2994.9,2995.2,2994.8,2995.2,29
2026-07-22T02:23:00+00:00,2995.2,2995.2,2995.1,2995.1,4
2026-07-22T02:24:00+00:00,2995.1,2995.3,2995.1,2995.2,8
2026-07-22T02:25:00+00:00,2995.4,2995.4,2995.0,2995.0,4
2026-07-22T02:26:00+00:00,2995.0,2995.0,2995.0,2995.0,1
2026-07-22T02:27:00+00:00,2995.1,2995.9,2995.1,2995.9,12
2026-07-22T02:28:00+00:00,2995.9,2996.3,2995.8,2996.3,18
2026-07-22T02:29:00+00:00,2996.4,2996.4,2996.0,2996.1,10
2026-07-22T02:30:00+00:00,2995.8,2996.3,2995.0,2995.0,87
2026-07-22T02:31:00+00:00,2995.1,2995.6,2994.9,2995.6,12
2026-07-22T02:32:00+00:00,2996.1,2996.1,2995.2,2995.4,13
2026-07-22T02:33:00+00:00,2995.2,2995.2,2994.6,2994.6,17
2026-07-22T02:34:00+00:00,2994.7,2994.7,2994.3,2994.5,12
2026-07-22T02:35:00+00:00,2994.6,2994.6,2994.3,2994.6,15
2026-07-22T02:36:00+00:00,2994.2,2994.2,2994.2,2994.2,1
2026-07-22T02:37:00+00:00,2994.2,2994.2,2994.1,2994.1,7
2026-07-22T02:38:00+00:00,2993.8,2993.9,2993.7,2993.9,3
2026-07-22T02:39:00+00:00,2994.0,2994.0,2993.9,2993.9,2
2026-07-22T02:40:00+00:00,2994.0,2994.3,2993.9,2994.3,7
2026-07-22T02:41:00+00:00,2994.6,2995.2,2994.6,2995.0,20
2026-07-22T02:42:00+00:00,2995.2,2995.6,2995.2,2995.4,6
2026-07-22T02:43:00+00:00,2995.3,2995.5,2995.2,2995.2,12
2026-07-22T02:44:00+00:00,2995.2,2995.3,2995.1,2995.3,5
2026-07-22T02:45:00+00:00,2995.3,2995.3,2995.3,2995.3,1
2026-07-22T02:46:00+00:00,2995.2,2995.7,2995.2,2995.7,26
2026-07-22T02:47:00+00:00,2995.6,2996.1,2995.6,2995.8,14
2026-07-22T02:48:00+00:00,2996.0,2996.0,2995.8,2995.8,8
2026-07-22T02:49:00+00:00,2995.8,2995.8,2995.8,2995.8,1
2026-07-22T02:50:00+00:00,2995.9,2995.9,2995.6,2995.6,3
2026-07-22T02:51:00+00:00,2995.5,2995.8,2995.4,2995.8,11
2026-07-22T02:52:00+00:00,2995.1,2995.2,2995.1,2995.2,3
2026-07-22T02:53:00+00:00,2995.3,2995.4,2995.3,2995.3,15
2026-07-22T02:54:00+00:00,2995.4,2995.5,2995.4,2995.5,4
2026-07-22T02:55:00+00:00,2995.3,2995.3,2995.0,2995.0,2
2026-07-22T02:56:00+00:00,2994.9,2995.0,2994.7,2994.7,7
2026-07-22T02:57:00+00:00,2994.7,2994.8,2994.3,2994.3,13
2026-07-22T02:58:00+00:00,2994.4,2994.5,2994.3,2994.4,22
2026-07-22T02:59:00+00:00,2994.5,2994.8,2994.4,2994.8,19
2026-07-22T03:00:00+00:00,2994.8,2995.0,2994.5,2994.5,17
2026-07-22T03:01:00+00:00,2994.7,2995.0,2994.7,2995.0,11
2026-07-22T03:02:00+00:00,2995.0,2995.3,2995.0,2995.1,20
2026-07-22T03:03:00+00:00,2995.2,2995.4,2995.0,2995.1,6
2026-07-22T03:04:00+00:00,2995.4,2995.4,2995.4,2995.4,2
2026-07-22T03:05:00+00:00,2995.1,2995.4,2995.1,2995.3,4
2026-07-22T03:06:00+00:00,2995.4,2995.4,2995.4,2995.4,2
2026-07-22T03:07:00+00:00,2995.1,2995.1,2994.9,2994.9,4
2026-07-22T03:08:00+00:00,2994.7,2994.9,2994.7,2994.7,9
2026-07-22T03:09:00+00:00,2994.5,2994.5,2994.0,2994.0,4
2026-07-22T03:10:00+00:00,2994.1,2994.1,2994.0,2994.0,2
2026-07-22T03:11:00+00:00,2993.8,2993.8,2993.6,2993.6,11
2026-07-22T03:12:00+00:00,2993.5,2994.0,2993.4,2993.9,21
2026-07-22T03:13:00+00:00,2993.8,2994.0,2993.8,2993.8,11
2026-07-22T03:14:00+00:00,2993.8,2993.8,2993.7,2993.7,4
2026-07-22T03:15:00+00:00,2993.8,2993.8,2993.5,2993.6,27
2026-07-22T03:16:00+00:00,2993.8,2994.1,2993.7,2994.1,8
2026-07-22T03:18:00+00:00,2993.7,2993.9,2993.7,2993.7,6
2026-07-22T03:19:00+00:00,2994.0,2994.0,2994.0,2994.0,8
2026-07-22T03:20:00+00:00,2994.0,2994.0,2993.9,2993.9,6
2026-07-22T03:21:00+00:00,2994.2,2994.2,2993.9,2993.9,2
2026-07-22T03:23:00+00:00,2994.9,2995.3,2994.9,2995.3,10
2026-07-22T03:24:00+00:00,2995.2,2995.6,2995.2,2995.2,20
2026-07-22T03:25:00+00:00,2995.3,2995.7,2995.3,2995.7,10
2026-07-22T03:26:00+00:00,2995.7,2995.7,2995.6,2995.7,10
2026-07-22T03:27:00+00:00,2995.9,2996.0,2995.6,2995.6,6
2026-07-22T03:28:00+00:00,2995.7,2995.7,2995.7,2995.7,2
2026-07-22T03:29:00+00:00,2995.6,2995.6,2995.6,2995.6,1
2026-07-22T03:30:00+00:00,2995.7,2996.0,2995.5,2995.5,12
2026-07-22T03:31:00+00:00,2995.3,2995.3,2995.0,2995.2,7
2026-07-22T03:32:00+00:00,2995.0,2995.0,2994.5,2994.5,12
2026-07-22T03:33:00+00:00,2994.0,2994.0,2993.6,2993.9,12
2026-07-22T03:34:00+00:00,2993.5,2993.9,2993.4,2993.7,9
2026-07-22T03:35:00+00:00,2993.7,2993.9,2993.7,2993.9,8
2026-07-22T03:36:00+00:00,2993.9,2993.9,2993.8,2993.8,4
2026-07-22T03:37:00+00:00,2993.6,2993.9,2992.9,2993.5,22
2026-07-22T03:38:00+00:00,2993.6,2993.6,2993.6,2993.6,1
2026-07-22T03:39:00+00:00,2993.8,2993.8,2993.8,2993.8,1
2026-07-22T03:40:00+00:00,2993.5,2993.6,2993.5,2993.5,3
2026-07-22T03:41:00+00:00,2993.5,2993.7,2993.5,2993.7,11
2026-07-22T03:42:00+00:00,2993.4,2993.4,2993.1,2993.1,8
2026-07-22T03:43:00+00:00,2993.0,2993.4,2993.0,2993.4,4
2026-07-22T03:44:00+00:00,2993.0,2993.3,2993.0,2993.2,5
2026-07-22T03:45:00+00:00,2993.2,2993.7,2993.2,2993.6,3
2026-07-22T03:46:00+00:00,2993.7,2993.7,2993.7,2993.7,1
2026-07-22T03:47:00+00:00,2993.8,2993.8,2993.8,2993.8,1
2026-07-22T03:48:00+00:00,2993.8,2993.9,2993.7,2993.9,3
2026-07-22T03:49:00+00:00,2993.7,2993.7,2993.5,2993.5,3
2026-07-22T03:50:00+00:00,2993.3,2993.3,2993.1,2993.1,9
2026-07-22T03:51:00+00:00,2993.0,2993.0,2991.9,2991.9,35
2026-07-22T03:52:00+00:00,2991.9,2992.2,2991.7,2992.1,20
2026-07-22T03:53:00+00:00,2992.0,2992.1,2991.9,2992.0,11
2026-07-22T03:54:00+00:00,2992.0,2992.0,2991.6,2991.7,21
2026-07-22T03:55:00+00:00,2991.6,2991.7,2990.9,2991.7,48
2026-07-22T03:56:00+00:00,2991.5,2991.5,2991.2,2991.2,2
2026-07-22T03:57:00+00:00,2991.2,2991.5,2991.2,2991.4,12
2026-07-22T03:58:00+00:00,2991.6,2991.6,2991.1,2991.1,9
2026-07-22T03:59:00+00:00,2991.4,2991.7,2991.4,2991.6,8
2026-07-22T04:00:00+00:00,2991.6,2992.2,2991.6,2992.2,14
2026-07-22T04:01:00+00:00,2992.2,2992.2,2991.2,2991.2,9
2026-07-22T04:02:00+00:00,2991.6,2991.9,2991.6,2991.8,8
2026-07-22T04:03:00+00:00,2992.0,2992.3,2992.0,2992.3,4
2026-07-22T04:04:00+00:00,2992.1,2992.3,2992.1,2992.3,4
2026-07-22T04:05:00+00:00,2992.3,2992.3,2992.0,2992.3,11
2026-07-22T04:06:00+00:00,2992.4,2992.7,2992.4,2992.7,5
2026-07-22T04:07:00+00:00,2992.7,2992.9,2992.7,2992.9,18
2026-07-22T04:08:00+00:00,2992.9,2993.0,2992.7,2992.9,11
2026-07-22T04:09:00+00:00,2993.0,2993.0,2992.8,2992.9,17
2026-07-22T04:10:00+00:00,2992.9,2992.9,2992.8,2992.9,9
2026-07-22T04:11:00+00:00,2992.8,2992.8,2992.7,2992.7,9
2026-07-22T04:12:00+00:00,2992.4,2992.4,2992.3,2992.3,4
2026-07-22T04:13:00+00:00,2992.2,2992.3,2992.2,2992.3,2
2026-07-22T04:14:00+00:00,2992.3,2992.3,2992.3,2992.3,2
2026-07-22T04:15:00+00:00,2992.5,2993.1,2992.5,2993.1,6
2026-07-22T04:16:00+00:00,2993.1,2993.1,2993.1,2993.1,2
2026-07-22T04:17:00+00:00,2992.8,2992.8,2992.8,2992.8,2
2026-07-22T04:18:00+00:00,2992.9,2993.1,2992.9,2993.1,3
2026-07-22T04:19:00+00:00,2992.8,2992.8,2992.8,2992.8,1
2026-07-22T04:21:00+00:00,2992.8,2992.8,2992.8,2992.8,1
2026-07-22T04:22:00+00:00,2993.1,2993.4,2993.1,2993.2,22
2026-07-22T04:23:00+00:00,2993.2,2993.4,2993.1,2993.4,7
2026-07-22T04:24:00+00:00,2993.3,2993.3,2993.2,2993.2,2
2026-07-22T04:27:00+00:00,2993.0,2993.0,2992.9,2993.0,3
2026-07-22T04:28:00+00:00,2993.0,2993.0,2993.0,2993.0,1
2026-07-22T04:29:00+00:00,2993.1,2993.1,2993.0,2993.0,4
2026-07-22T04:30:00+00:00,2992.8,2992.8,2992.1,2992.1,17
2026-07-22T04:31:00+00:00,2992.2,2992.2,2992.1,2992.1,3
2026-07-22T04:32:00+00:00,2992.2,2992.4,2992.2,2992.4,2
2026-07-22T04:33:00+00:00,2992.5,2992.7,2992.5,2992.7,4
2026-07-22T04:34:00+00:00,2992.6,2992.6,2992.0,2992.5,44
2026-07-22T04:36:00+00:00,2992.2,2992.3,2992.2,2992.3,3
2026-07-22T04:37:00+00:00,2992.3,2992.5,2992.2,2992.2,6
2026-07-22T04:38:00+00:00,2992.3,2992.3,2992.3,2992.3,1
2026-07-22T04:39:00+00:00,2992.5,2992.5,2992.4,2992.4,2
2026-07-22T04:41:00+00:00,2992.5,2992.9,2992.5,2992.9,17
2026-07-22T04:42:00+00:00,2992.5,2992.8,2992.5,2992.5,4
2026-07-22T04:43:00+00:00,2992.7,2992.7,2992.7,2992.7,5
2026-07-22T04:44:00+00:00,2992.7,2993.0,2992.7,2993.0,3
2026-07-22T04:45:00+00:00,2993.0,2993.0,2992.7,2992.8,8
2026-07-22T04:47:00+00:00,2992.4,2992.5,2992.4,2992.5,3
2026-07-22T04:48:00+00:00,2992.8,2992.8,2992.8,2992.8,1
2026-07-22T04:49:00+00:00,2992.5,2992.5,2992.5,2992.5,4
2026-07-22T04:50:00+00:00,2992.6,2992.6,2992.6,2992.6,1
2026-07-22T04:51:00+00:00,2992.3,2992.3,2992.3,2992.3,1
2026-07-22T04:52:00+00:00,2992.3,2992.3,2992.3,2992.3,1
2026-07-22T04:53:00+00:00,2992.2,2992.2,2992.1,2992.1,3
2026-07-22T04:54:00+00:00,2992.0,2992.1,2992.0,2992.0,4
2026-07-22T04:55:00+00:00,2991.9,2991.9,2991.9,2991.9,1
2026-07-22T04:56:00+00:00,2991.8,2991.9,2991.8,2991.8,3
2026-07-22T04:57:00+00:00,2991.8,2992.3,2991.7,2992.3,9
2026-07-22T04:58:00+00:00,2992.3,2992.3,2992.1,2992.3,9
2026-07-22T04:59:00+00:00,2992.8,2992.8,2992.5,2992.7,5
2026-07-22T05:00:00+00:00,2992.9,2993.0,2992.6,2992.6,5
2026-07-22T05:02:00+00:00,2992.3,2992.3,2992.3,2992.3,3
2026-07-22T05:03:00+00:00,2992.2,2992.2,2992.2,2992.2,2
2026-07-22T05:04:00+00:00,2991.9,2991.9,2991.9,2991.9,2
2026-07-22T05:05:00+00:00,2991.8,2991.8,2991.7,2991.8,10
2026-07-22T05:06:00+00:00,2991.8,2991.8,2991.4,2991.4,21
2026-07-22T05:07:00+00:00,2991.6,2991.7,2991.6,2991.7,2
2026-07-22T05:08:00+00:00,2991.6,2991.6,2991.6,2991.6,3
2026-07-22T05:09:00+00:00,2991.5,2991.6,2991.5,2991.6,4
2026-07-22T05:10:00+00:00,2991.6,2991.6,2991.5,2991.5,4
2026-07-22T05:11:00+00:00,2991.6,2991.8,2991.5,2991.5,7
2026-07-22T05:12:00+00:00,2991.8,2991.8,2991.6,2991.7,16
2026-07-22T05:13:00+00:00,2991.7,2991.9,2991.7,2991.9,3
2026-07-22T05:14:00+00:00,2991.8,2991.9,2991.7,2991.9,8
2026-07-22T05:15:00+00:00,2992.0,2992.3,2992.0,2992.3,3
2026-07-22T05:16:00+00:00,2992.4,2992.4,2991.8,2991.9,12
2026-07-22T05:17:00+00:00,2991.7,2991.7,2991.7,2991.7,1
2026-07-22T05:18:00+00:00,2991.8,2992.3,2991.7,2992.3,6
2026-07-22T05:19:00+00:00,2992.3,2992.3,2992.3,2992.3,5
2026-07-22T05:20:00+00:00,2991.5,2991.5,2991.3,2991.3,4
2026-07-22T05:21:00+00:00,2991.2,2991.5,2991.2,2991.5,10
2026-07-22T05:23:00+00:00,2991.4,2991.5,2991.4,2991.5,2
2026-07-22T05:24:00+00:00,2991.3,2991.5,2991.1,2991.1,17
2026-07-22T05:25:00+00:00,2991.7,2991.8,2991.7,2991.7,3
2026-07-22T05:26:00+00:00,2991.4,2991.4,2991.3,2991.3,3
2026-07-22T05:27:00+00:00,2992.1,2992.1,2992.1,2992.1,2
2026-07-22T05:28:00+00:00,2991.7,2991.7,2991.5,2991.5,3
2026-07-22T05:29:00+00:00,2991.5,2991.5,2991.5,2991.5,1
2026-07-22T05:30:00+00:00,2991.2,2991.6,2991.2,2991.4,8
2026-07-22T05:31:00+00:00,2991.6,2991.6,2991.0,2991.1,18
2026-07-22T05:32:00+00:00,2991.2,2991.6,2991.2,2991.4,12
2026-07-22T05:33:00+00:00,2991.4,2991.4,2991.2,2991.4,8
2026-07-22T05:34:00+00:00,2991.4,2992.1,2991.3,2992.0,19
2026-07-22T05:35:00+00:00,2992.2,2992.2,2991.6,2991.6,6
2026-07-22T05:36:00+00:00,2991.1,2991.2,2991.0,2991.1,5
2026-07-22T05:37:00+00:00,2990.8,2991.0,2990.5,2990.9,47
2026-07-22T05:38:00+00:00,2991.1,2991.2,2991.0,2991.0,12
2026-07-22T05:39:00+00:00,2990.9,2991.5,2990.9,2991.5,3
2026-07-22T05:40:00+00:00,2991.5,2991.5,2991.2,2991.2,3
2026-07-22T05:41:00+00:00,2990.7,2990.7,2990.7,2990.7,1
2026-07-22T05:42:00+00:00,2990.9,2990.9,2990.9,2990.9,3
2026-07-22T05:43:00+00:00,2990.9,2991.1,2990.8,2991.1,6
2026-07-22T05:44:00+00:00,2991.1,2991.3,2991.1,2991.3,7
2026-07-22T05:45:00+00:00,2991.0,2991.0,2990.2,2990.2,12
2026-07-22T05:46:00+00:00,2990.2,2990.5,2990.1,2990.5,13
2026-07-22T05:47:00+00:00,2990.6,2991.0,2990.6,2990.9,8
2026-07-22T05:48:00+00:00,2990.7,2990.9,2990.5,2990.7,15
2026-07-22T05:49:00+00:00,2990.9,2990.9,2990.9,2990.9,1
2026-07-22T05:50:00+00:00,2990.9,2991.1,2990.9,2991.1,3
2026-07-22T05:51:00+00:00,2991.3,2991.7,2991.3,2991.5,39
2026-07-22T05:53:00+00:00,2991.7,2991.7,2991.3,2991.3,3
2026-07-22T05:54:00+00:00,2991.2,2991.2,2990.5,2990.5,3
2026-07-22T05:55:00+00:00,2990.9,2990.9,2990.9,2990.9,2
2026-07-22T05:56:00+00:00,2990.9,2990.9,2990.9,2990.9,1
2026-07-22T05:57:00+00:00,2990.6,2990.6,2990.6,2990.6,1
2026-07-22T05:58:00+00:00,2990.6,2990.9,2990.6,2990.9,5
2026-07-22T05:59:00+00:00,2991.0,2991.1,2990.9,2990.9,9
2026-07-22T06:00:00+00:00,2991.0,2991.0,2990.5,2990.8,26
2026-07-22T06:01:00+00:00,2990.7,2990.8,2990.7,2990.8,3
2026-07-22T06:02:00+00:00,2991.0,2991.0,2990.8,2990.9,12
2026-07-22T06:03:00+00:00,2990.9,2991.0,2990.9,2990.9,12
2026-07-22T06:04:00+00:00,2991.1,2991.5,2991.1,2991.3,17
2026-07-22T06:05:00+00:00,2990.6,2990.6,2990.2,2990.3,11
2026-07-22T06:06:00+00:00,2990.4,2990.4,2989.6,2989.7,53
2026-07-22T06:07:00+00:00,2989.8,2989.9,2989.5,2989.9,8
2026-07-22T06:08:00+00:00,2989.7,2989.7,2989.7,2989.7,2
2026-07-22T06:09:00+00:00,2989.5,2989.7,2989.4,2989.6,13
2026-07-22T06:10:00+00:00,2989.8,2990.0,2989.8,2989.9,17
2026-07-22T06:11:00+00:00,2989.7,2990.4,2989.7,2990.0,32
2026-07-22T06:12:00+00:00,2989.8,2990.3,2989.8,2990.3,7
2026-07-22T06:13:00+00:00,2990.4,2990.4,2990.2,2990.2,2
2026-07-22T06:14:00+00:00,2990.1,2990.1,2990.1,2990.1,1
2026-07-22T06:15:00+00:00,2990.1,2990.1,2989.6,2989.6,14
2026-07-22T06:16:00+00:00,2989.5,2989.5,2988.8,2989.1,25
2026-07-22T06:17:00+00:00,2989.1,2989.1,2988.9,2988.9,5
2026-07-22T06:18:00+00:00,2988.8,2988.8,2987.7,2988.1,55
2026-07-22T06:19:00+00:00,2987.9,2988.0,2987.4,2987.9,20
2026-07-22T06:20:00+00:00,2987.8,2987.8,2986.6,2986.7,70
2026-07-22T06:21:00+00:00,2987.0,2987.1,2986.7,2986.7,53
2026-07-22T06:22:00+00:00,2986.6,2986.6,2985.8,2985.9,41
2026-07-22T06:23:00+00:00,2985.8,2985.8,2985.2,2985.3,54
2026-07-22T06:24:00+00:00,2985.1,2985.7,2984.5,2985.7,79
2026-07-22T06:25:00+00:00,2985.4,2985.6,2985.0,2985.0,20
2026-07-22T06:26:00+00:00,2984.8,2985.1,2984.6,2984.6,65
2026-07-22T06:27:00+00:00,2984.9,2985.3,2984.9,2985.1,24
2026-07-22T06:28:00+00:00,2985.1,2985.3,2984.6,2984.8,16
2026-07-22T06:29:00+00:00,2984.8,2985.3,2984.8,2985.0,7
2026-07-22T06:30:00+00:00,2985.1,2985.6,2984.6,2984.6,80
2026-07-22T06:31:00+00:00,2984.8,2985.0,2984.1,2984.3,32
2026-07-22T06:32:00+00:00,2984.4,2984.4,2984.1,2984.1,15
2026-07-22T06:33:00+00:00,2984.1,2984.5,2984.1,2984.3,16
2026-07-22T06:34:00+00:00,2984.5,2985.0,2984.3,2984.7,15
2026-07-22T06:35:00+00:00,2985.0,2985.4,2985.0,2985.4,15
2026-07-22T06:36:00+00:00,2986.1,2986.6,2986.1,2986.3,13
2026-07-22T06:37:00+00:00,2986.7,2986.9,2986.5,2986.6,19
2026-07-22T06:38:00+00:00,2986.5,2986.5,2986.0,2986.2,48
2026-07-22T06:39:00+00:00,2985.7,2985.7,2985.4,2985.5,7
2026-07-22T06:40:00+00:00,2985.5,2985.8,2985.4,2985.6,13
2026-07-22T06:41:00+00:00,2985.1,2985.4,2985.1,2985.4,6
2026-07-22T06:42:00+00:00,2985.2,2985.2,2984.7,2984.7,8
2026-07-22T06:43:00+00:00,2984.7,2984.7,2984.7,2984.7,1
2026-07-22T06:44:00+00:00,2985.0,2985.1,2984.7,2984.7,15
2026-07-22T06:45:00+00:00,2984.6,2984.6,2983.5,2983.6,39
2026-07-22T06:46:00+00:00,2983.4,2983.4,2982.9,2983.0,38
2026-07-22T06:47:00+00:00,2983.0,2983.0,2982.0,2982.4,70
2026-07-22T06:48:00+00:00,2982.6,2983.0,2982.3,2982.9,25
2026-07-22T06:49:00+00:00,2982.9,2982.9,2982.6,2982.7,15
2026-07-22T06:50:00+00:00,2982.8,2983.0,2982.4,2983.0,25
2026-07-22T06:51:00+00:00,2983.0,2983.8,2983.0,2983.8,14
2026-07-22T06:52:00+00:00,2983.9,2984.2,2983.9,2984.2,9
2026-07-22T06:53:00+00:00,2984.2,2984.4,2984.0,2984.3,17
2026-07-22T06:54:00+00:00,2984.2,2984.4,2983.8,2983.8,21
2026-07-22T06:55:00+00:00,2983.9,2984.0,2982.9,2983.4,63
2026-07-22T06:56:00+00:00,2983.4,2983.5,2983.2,2983.2,8
2026-07-22T06:57:00+00:00,2983.1,2983.1,2982.7,2982.7,11
2026-07-22T06:58:00+00:00,2983.0,2983.0,2982.8,2982.9,7
2026-07-22T06:59:00+00:00,2983.0,2983.0,2982.5,2982.5,16
2026-07-22T07:00:00+00:00,2982.4,2982.7,2981.5,2982.4,87
2026-07-22T07:01:00+00:00,2982.5,2982.5,2981.6,2981.6,26
2026-07-22T07:02:00+00:00,2981.8,2982.2,2981.1,2981.1,31
2026-07-22T07:03:00+00:00,2981.1,2981.8,2980.9,2981.8,22
2026-07-22T07:04:00+00:00,2982.1,2982.5,2981.7,2982.3,45
2026-07-22T07:05:00+00:00,2981.8,2981.9,2981.2,2981.5,50
2026-07-22T07:06:00+00:00,2981.4,2981.4,2980.6,2981.4,107
2026-07-22T07:07:00+00:00,2981.4,2982.1,2981.4,2982.1,27
2026-07-22T07:08:00+00:00,2981.8,2982.0,2981.5,2982.0,24
2026-07-22T07:09:00+00:00,2981.9,2981.9,2981.4,2981.6,25
2026-07-22T07:10:00+00:00,2981.8,2982.1,2981.4,2982.1,28
2026-07-22T07:11:00+00:00,2981.9,2982.1,2981.5,2981.6,21
2026-07-22T07:12:00+00:00,2982.1,2982.7,2981.9,2982.7,46
2026-07-22T07:13:00+00:00,2983.1,2983.9,2983.1,2983.6,70
2026-07-22T07:14:00+00:00,2983.7,2984.9,2983.7,2984.9,37
2026-07-22T07:15:00+00:00,2984.7,2985.7,2984.5,2984.9,75
2026-07-22T07:16:00+00:00,2984.9,2985.0,2984.4,2984.4,18
2026-07-22T07:17:00+00:00,2984.6,2985.1,2984.6,2985.0,9
2026-07-22T07:18:00+00:00,2985.5,2986.1,2985.5,2986.1,32
2026-07-22T07:19:00+00:00,2986.1,2986.2,2985.4,2985.4,24
2026-07-22T07:20:00+00:00,2985.4,2985.7,2985.4,2985.5,5
2026-07-22T07:21:00+00:00,2985.7,2986.0,2985.7,2985.7,5
2026-07-22T07:22:00+00:00,2985.9,2985.9,2985.6,2985.7,7
2026-07-22T07:23:00+00:00,2985.6,2985.7,2985.2,2985.4,16
2026-07-22T07:24:00+00:00,2985.4,2985.4,2984.3,2984.6,17
2026-07-22T07:25:00+00:00,2984.7,2984.8,2984.3,2984.6,54
2026-07-22T07:26:00+00:00,2985.2,2985.7,2985.2,2985.4,6
2026-07-22T07:27:00+00:00,2986.5,2987.0,2986.5,2986.9,23
2026-07-22T07:28:00+00:00,2986.6,2986.6,2986.4,2986.6,9
2026-07-22T07:29:00+00:00,2986.8,2986.9,2986.1,2986.3,8
2026-07-22T07:30:00+00:00,2986.5,2986.9,2984.7,2984.8,42
2026-07-22T07:31:00+00:00,2984.5,2984.6,2983.6,2984.5,31
2026-07-22T07:32:00+00:00,2984.3,2984.7,2984.3,2984.6,5
2026-07-22T07:33:00+00:00,2984.4,2984.6,2984.3,2984.6,12
2026-07-22T07:34:00+00:00,2984.4,2984.4,2983.7,2983.7,6
2026-07-22T07:35:00+00:00,2983.7,2983.9,2983.4,2983.8,17
2026-07-22T07:36:00+00:00,2983.4,2983.4,2982.7,2982.9,10
2026-07-22T07:37:00+00:00,2982.6,2982.7,2982.0,2982.7,22
2026-07-22T07:38:00+00:00,2983.0,2983.3,2982.8,2982.8,19
2026-07-22T07:39:00+00:00,2982.5,2982.6,2981.9,2982.1,25
2026-07-22T07:40:00+00:00,2981.7,2982.0,2981.2,2981.4,58
2026-07-22T07:41:00+00:00,2981.3,2981.5,2979.8,2980.3,72
2026-07-22T07:42:00+00:00,2980.1,2981.1,2980.1,2981.1,19
2026-07-22T07:43:00+00:00,2981.2,2981.3,2980.6,2981.3,30
2026-07-22T07:44:00+00:00,2981.7,2982.4,2981.4,2982.3,24
2026-07-22T07:45:00+00:00,2982.6,2982.6,2982.1,2982.1,67
2026-07-22T07:46:00+00:00,2982.2,2982.2,2981.7,2982.0,10
2026-07-22T07:47:00+00:00,2982.2,2982.7,2982.1,2982.1,23
2026-07-22T07:48:00+00:00,2982.5,2983.6,2981.3,2982.9,98
2026-07-22T07:49:00+00:00,2982.1,2982.2,2981.1,2981.2,19
2026-07-22T07:50:00+00:00,2981.2,2981.5,2981.0,2981.3,10
2026-07-22T07:51:00+00:00,2981.3,2981.6,2981.3,2981.4,4
2026-07-22T07:52:00+00:00,2981.7,2981.7,2981.3,2981.3,7
2026-07-22T07:53:00+00:00,2981.5,2982.5,2981.3,2982.5,15
2026-07-22T07:54:00+00:00,2982.6,2982.9,2982.4,2982.4,14
2026-07-22T07:55:00+00:00,2983.0,2983.3,2982.8,2983.0,13
2026-07-22T07:56:00+00:00,2982.6,2983.1,2982.6,2982.8,9
2026-07-22T07:57:00+00:00,2982.6,2983.1,2982.4,2983.1,12
2026-07-22T07:58:00+00:00,2983.1,2983.1,2982.9,2983.0,4
2026-07-22T07:59:00+00:00,2982.8,2983.0,2982.7,2982.9,9
2026-07-22T08:00:00+00:00,2982.7,2983.4,2982.5,2983.3,24
2026-07-22T08:01:00+00:00,2983.4,2984.3,2982.9,2984.0,46
2026-07-22T08:02:00+00:00,2984.2,2984.4,2984.0,2984.4,9
2026-07-22T08:03:00+00:00,2984.4,2985.0,2984.1,2985.0,20
2026-07-22T08:04:00+00:00,2985.1,2986.4,2985.0,2986.3,76
2026-07-22T08:05:00+00:00,2986.4,2987.2,2985.8,2986.3,42
2026-07-22T08:06:00+00:00,2986.5,2986.9,2985.4,2985.4,37
2026-07-22T08:07:00+00:00,2985.7,2986.6,2985.5,2986.6,9
2026-07-22T08:08:00+00:00,2986.6,2987.7,2986.5,2986.7,46
2026-07-22T08:09:00+00:00,2986.5,2986.5,2986.3,2986.3,8
2026-07-22T08:10:00+00:00,2986.4,2986.4,2985.3,2985.4,14
2026-07-22T08:11:00+00:00,2985.6,2985.6,2985.0,2985.1,23
2026-07-22T08:12:00+00:00,2984.9,2984.9,2984.3,2984.7,17
2026-07-22T08:13:00+00:00,2984.9,2985.6,2984.8,2985.4,23
2026-07-22T08:14:00+00:00,2985.2,2985.5,2985.1,2985.2,18
2026-07-22T08:15:00+00:00,2985.2,2985.9,2985.2,2985.9,12
2026-07-22T08:16:00+00:00,2986.5,2986.9,2986.2,2986.5,18
2026-07-22T08:17:00+00:00,2986.5,2987.0,2986.4,2987.0,15
2026-07-22T08:18:00+00:00,2987.1,2988.1,2987.1,2988.1,37
2026-07-22T08:19:00+00:00,2988.2,2988.3,2987.1,2987.8,37
2026-07-22T08:20:00+00:00,2987.9,2988.6,2987.9,2987.9,16
2026-07-22T08:21:00+00:00,2988.2,2988.8,2988.2,2988.5,39
2026-07-22T08:22:00+00:00,2988.6,2988.9,2988.4,2988.4,15
2026-07-22T08:23:00+00:00,2988.6,2989.4,2988.6,2989.0,35
2026-07-22T08:24:00+00:00,2988.8,2988.9,2988.0,2988.7,19
2026-07-22T08:25:00+00:00,2988.7,2988.7,2988.6,2988.7,8
2026-07-22T08:26:00+00:00,2989.2,2989.5,2988.8,2988.8,13
2026-07-22T08:27:00+00:00,2988.7,2989.0,2988.6,2988.6,13
2026-07-22T08:28:00+00:00,2988.7,2989.2,2988.7,2989.0,10
2026-07-22T08:29:00+00:00,2989.1,2989.9,2989.1,2989.6,31
2026-07-22T08:30:00+00:00,2989.7,2991.3,2989.7,2991.2,84
2026-07-22T08:31:00+00:00,2991.1,2991.3,2989.7,2989.8,51
2026-07-22T08:32:00+00:00,2989.9,2990.5,2989.9,2990.0,13
2026-07-22T08:33:00+00:00,2990.0,2990.2,2989.9,2990.1,15
2026-07-22T08:34:00+00:00,2989.4,2989.7,2989.4,2989.7,5
2026-07-22T08:35:00+00:00,2990.0,2990.0,2990.0,2990.0,1
2026-07-22T08:36:00+00:00,2989.7,2989.8,2989.0,2989.1,10
2026-07-22T08:37:00+00:00,2989.3,2989.3,2989.0,2989.1,13
2026-07-22T08:38:00+00:00,2988.6,2988.8,2988.4,2988.8,13
2026-07-22T08:39:00+00:00,2988.8,2988.9,2988.0,2988.0,17
2026-07-22T08:40:00+00:00,2988.3,2988.6,2988.1,2988.1,16
2026-07-22T08:41:00+00:00,2988.3,2988.3,2988.2,2988.2,3
2026-07-22T08:42:00+00:00,2988.1,2988.7,2988.1,2988.7,9
2026-07-22T08:43:00+00:00,2988.7,2988.7,2988.7,2988.7,1
2026-07-22T08:44:00+00:00,2988.8,2988.8,2988.3,2988.4,11
2026-07-22T08:45:00+00:00,2988.9,2989.9,2988.9,2989.9,8
2026-07-22T08:46:00+00:00,2990.0,2990.4,2990.0,2990.0,21
2026-07-22T08:47:00+00:00,2990.4,2990.4,2990.0,2990.2,3
2026-07-22T08:48:00+00:00,2989.9,2989.9,2989.5,2989.5,3
2026-07-22T08:49:00+00:00,2989.9,2990.1,2989.7,2990.1,22
2026-07-22T08:50:00+00:00,2990.2,2990.3,2989.9,2989.9,14
2026-07-22T08:51:00+00:00,2989.8,2990.3,2989.8,2990.3,21
2026-07-22T08:52:00+00:00,2990.3,2991.3,2990.3,2991.2,51
2026-07-22T08:53:00+00:00,2991.0,2991.6,2991.0,2991.3,16
2026-07-22T08:54:00+00:00,2991.7,2991.7,2991.1,2991.1,18
2026-07-22T08:55:00+00:00,2991.6,2991.6,2990.6,2990.8,59
2026-07-22T08:56:00+00:00,2990.7,2991.0,2990.5,2990.7,31
2026-07-22T08:57:00+00:00,2990.9,2991.3,2990.7,2991.3,28
2026-07-22T08:58:00+00:00,2991.2,2991.6,2991.2,2991.6,15
2026-07-22T08:59:00+00:00,2991.4,2991.5,2991.4,2991.5,9
2026-07-22T09:00:00+00:00,2991.6,2991.6,2991.2,2991.2,20
2026-07-22T09:01:00+00:00,2991.7,2992.8,2991.4,2992.5,57
2026-07-22T09:02:00+00:00,2992.5,2993.1,2992.4,2992.7,67
2026-07-22T09:03:00+00:00,2993.0,2993.6,2993.0,2993.0,43
2026-07-22T09:04:00+00:00,2992.9,2993.4,2992.7,2993.4,17
2026-07-22T09:05:00+00:00,2993.3,2993.3,2992.6,2993.1,24
2026-07-22T09:06:00+00:00,2993.3,2993.3,2992.5,2992.8,19
2026-07-22T09:07:00+00:00,2993.0,2993.9,2993.0,2993.6,32
2026-07-22T09:08:00+00:00,2993.6,2993.6,2992.6,2993.0,14
2026-07-22T09:09:00+00:00,2993.3,2993.3,2991.2,2991.3,84
2026-07-22T09:10:00+00:00,2991.8,2992.0,2990.9,2991.0,53
2026-07-22T09:11:00+00:00,2990.7,2991.5,2990.7,2991.2,14
2026-07-22T09:12:00+00:00,2991.1,2991.5,2990.8,2991.1,17
2026-07-22T09:13:00+00:00,2991.1,2991.1,2991.1,2991.1,1
2026-07-22T09:14:00+00:00,2990.3,2990.4,2990.2,2990.2,18
2026-07-22T09:15:00+00:00,2990.6,2990.7,2990.3,2990.3,10
2026-07-22T09:16:00+00:00,2990.4,2990.4,2989.6,2989.9,62
2026-07-22T09:17:00+00:00,2990.1,2990.5,2990.0,2990.2,10
2026-07-22T09:18:00+00:00,2990.5,2990.8,2990.3,2990.7,52
2026-07-22T09:19:00+00:00,2990.6,2990.6,2990.5,2990.6,4
2026-07-22T09:20:00+00:00,2990.3,2991.2,2990.3,2991.2,44
2026-07-22T09:21:00+00:00,2991.3,2991.5,2990.8,2990.8,26
2026-07-22T09:22:00+00:00,2991.3,2991.4,2990.9,2990.9,15
2026-07-22T09:23:00+00:00,2990.1,2990.3,2989.8,2990.3,15
2026-07-22T09:24:00+00:00,2990.1,2990.5,2989.8,2990.5,87
2026-07-22T09:25:00+00:00,2990.8,2990.8,2989.8,2990.0,46
2026-07-22T09:26:00+00:00,2989.9,2990.3,2989.9,2990.1,6
2026-07-22T09:27:00+00:00,2990.1,2990.1,2989.2,2989.2,19
2026-07-22T09:28:00+00:00,2989.3,2989.3,2988.7,2989.3,21
2026-07-22T09:29:00+00:00,2989.3,2989.3,2988.5,2988.6,20
2026-07-22T09:30:00+00:00,2988.5,2988.8,2987.7,2987.7,39
2026-07-22T09:31:00+00:00,2987.9,2988.0,2987.3,2987.4,37
2026-07-22T09:32:00+00:00,2987.2,2987.5,2986.9,2987.5,34
2026-07-22T09:33:00+00:00,2987.0,2987.1,2986.3,2986.5,49
2026-07-22T09:34:00+00:00,2986.5,2987.6,2986.4,2986.8,57
2026-07-22T09:35:00+00:00,2986.9,2988.8,2986.9,2988.8,30
2026-07-22T09:36:00+00:00,2988.6,2990.0,2988.6,2989.6,52
2026-07-22T09:37:00+00:00,2989.7,2990.2,2989.6,2990.1,17
2026-07-22T09:38:00+00:00,2990.0,2990.1,2989.2,2989.2,17
2026-07-22T09:39:00+00:00,2989.1,2989.4,2988.9,2988.9,49
2026-07-22T09:40:00+00:00,2988.9,2989.3,2988.8,2988.8,38
2026-07-22T09:41:00+00:00,2988.8,2988.8,2987.6,2988.0,33
2026-07-22T09:42:00+00:00,2988.3,2988.3,2987.9,2987.9,7
2026-07-22T09:43:00+00:00,2988.1,2988.8,2988.1,2988.5,12
2026-07-22T09:44:00+00:00,2988.3,2988.5,2988.1,2988.3,13
2026-07-22T09:45:00+00:00,2988.3,2988.6,2987.8,2987.9,14
2026-07-22T09:46:00+00:00,2988.2,2988.2,2987.1,2987.3,11
2026-07-22T09:47:00+00:00,2987.3,2987.7,2987.3,2987.7,12
2026-07-22T09:48:00+00:00,2987.6,2987.7,2987.3,2987.7,11
2026-07-22T09:49:00+00:00,2987.6,2987.6,2987.1,2987.1,6
2026-07-22T09:50:00+00:00,2987.0,2987.0,2986.4,2986.5,13
2026-07-22T09:51:00+00:00,2986.2,2986.4,2985.8,2986.1,27
2026-07-22T09:52:00+00:00,2986.1,2986.4,2985.2,2986.3,33
2026-07-22T09:53:00+00:00,2986.2,2986.7,2985.9,2986.7,18
2026-07-22T09:54:00+00:00,2986.8,2987.4,2986.6,2987.3,18
2026-07-22T09:55:00+00:00,2987.3,2988.2,2987.1,2987.6,58
2026-07-22T09:56:00+00:00,2987.9,2989.3,2987.9,2989.3,57
2026-07-22T09:57:00+00:00,2989.4,2989.8,2988.9,2989.3,23
2026-07-22T09:58:00+00:00,2989.4,2989.4,2989.3,2989.4,7
2026-07-22T09:59:00+00:00,2989.3,2989.6,2988.0,2988.5,25
2026-07-22T10:00:00+00:00,2988.7,2988.9,2988.6,2988.9,5
2026-07-22T10:01:00+00:00,2988.9,2989.3,2988.8,2989.2,20
2026-07-22T10:02:00+00:00,2989.3,2990.2,2989.3,2990.1,12
2026-07-22T10:03:00+00:00,2989.9,2990.0,2989.4,2989.5,18
2026-07-22T10:04:00+00:00,2989.4,2989.4,2989.1,2989.4,9
2026-07-22T10:05:00+00:00,2989.2,2989.2,2989.2,2989.2,1
2026-07-22T10:06:00+00:00,2989.3,2989.9,2989.0,2989.6,20
2026-07-22T10:07:00+00:00,2989.5,2989.5,2989.4,2989.4,4
2026-07-22T10:08:00+00:00,2989.5,2989.5,2989.0,2989.0,13
2026-07-22T10:09:00+00:00,2989.2,2989.2,2989.1,2989.2,4
2026-07-22T10:10:00+00:00,2989.7,2989.7,2988.3,2988.7,19
2026-07-22T10:11:00+00:00,2988.9,2989.1,2988.3,2988.3,8
2026-07-22T10:12:00+00:00,2988.5,2988.7,2988.3,2988.3,12
2026-07-22T10:13:00+00:00,2988.3,2988.7,2988.3,2988.6,8
2026-07-22T10:14:00+00:00,2988.6,2988.6,2988.4,2988.4,9
2026-07-22T10:15:00+00:00,2988.5,2988.9,2988.2,2988.8,14
2026-07-22T10:16:00+00:00,2988.9,2989.1,2988.6,2989.1,17
2026-07-22T10:17:00+00:00,2988.6,2989.1,2988.6,2988.9,9
2026-07-22T10:18:00+00:00,2988.8,2989.2,2988.8,2989.2,8
2026-07-22T10:19:00+00:00,2989.5,2989.9,2988.9,2989.1,8
2026-07-22T10:20:00+00:00,2989.3,2992.0,2989.3,2990.5,139
2026-07-22T10:21:00+00:00,2990.4,2991.5,2990.4,2991.3,41
2026-07-22T10:22:00+00:00,2991.4,2991.5,2990.9,2991.5,24
2026-07-22T10:23:00+00:00,2991.2,2991.2,2990.2,2990.5,15
2026-07-22T10:24:00+00:00,2990.5,2991.0,2990.3,2990.8,21
2026-07-22T10:25:00+00:00,2990.7,2990.8,2989.8,2990.2,25
2026-07-22T10:26:00+00:00,2990.3,2990.8,2990.1,2990.4,27
2026-07-22T10:27:00+00:00,2990.4,2990.7,2990.4,2990.7,14
2026-07-22T10:28:00+00:00,2990.8,2990.8,2990.0,2990.2,44
2026-07-22T10:29:00+00:00,2990.2,2990.9,2990.2,2990.7,20
2026-07-22T10:30:00+00:00,2990.6,2990.7,2990.2,2990.7,22
2026-07-22T10:31:00+00:00,2990.2,2990.2,2989.8,2989.8,12
2026-07-22T10:32:00+00:00,2989.9,2990.3,2989.6,2989.7,23
2026-07-22T10:33:00+00:00,2989.9,2990.1,2989.9,2990.0,9
2026-07-22T10:34:00+00:00,2990.4,2990.4,2990.4,2990.4,1
2026-07-22T10:35:00+00:00,2990.4,2990.5,2990.2,2990.2,8
2026-07-22T10:36:00+00:00,2990.2,2991.0,2990.2,2991.0,9
2026-07-22T10:37:00+00:00,2990.8,2991.2,2990.8,2991.0,8
2026-07-22T10:38:00+00:00,2991.0,2991.0,2990.0,2990.1,26
2026-07-22T10:39:00+00:00,2990.1,2990.1,2989.4,2989.5,5
2026-07-22T10:40:00+00:00,2989.6,2989.7,2989.2,2989.7,7
2026-07-22T10:41:00+00:00,2989.6,2989.6,2989.2,2989.2,8
2026-07-22T10:42:00+00:00,2989.1,2989.3,2989.1,2989.3,11
2026-07-22T10:43:00+00:00,2989.5,2989.5,2988.8,2989.0,20
2026-07-22T10:44:00+00:00,2989.2,2989.4,2989.1,2989.1,7
2026-07-22T10:45:00+00:00,2988.9,2989.3,2988.8,2989.0,47
2026-07-22T10:46:00+00:00,2989.2,2989.3,2989.0,2989.2,15
2026-07-22T10:47:00+00:00,2988.6,2988.9,2988.6,2988.7,10
2026-07-22T10:48:00+00:00,2988.4,2989.0,2988.4,2988.8,26
2026-07-22T10:49:00+00:00,2988.9,2990.3,2988.9,2990.3,11
2026-07-22T10:50:00+00:00,2989.8,2990.6,2989.8,2990.6,35
2026-07-22T10:51:00+00:00,2990.5,2990.5,2989.9,2989.9,18
2026-07-22T10:52:00+00:00,2989.8,2989.9,2989.7,2989.7,14
2026-07-22T10:53:00+00:00,2989.8,2989.8,2989.7,2989.8,9
2026-07-22T10:54:00+00:00,2989.8,2989.9,2989.2,2989.2,6
2026-07-22T10:55:00+00:00,2989.4,2989.6,2989.2,2989.3,17
2026-07-22T10:56:00+00:00,2989.7,2990.2,2989.7,2990.1,9
2026-07-22T10:57:00+00:00,2990.1,2990.1,2989.2,2989.4,9
2026-07-22T10:58:00+00:00,2989.5,2989.5,2989.4,2989.4,3
2026-07-22T10:59:00+00:00,2989.4,2989.4,2989.1,2989.1,2
2026-07-22T11:00:00+00:00,2989.1,2989.1,2988.3,2988.6,52
2026-07-22T11:01:00+00:00,2988.7,2989.1,2988.4,2988.5,20
2026-07-22T11:02:00+00:00,2988.6,2989.2,2988.6,2989.2,21
2026-07-22T11:03:00+00:00,2989.3,2989.7,2989.3,2989.5,16
2026-07-22T11:04:00+00:00,2989.4,2989.4,2989.3,2989.3,6
2026-07-22T11:05:00+00:00,2989.3,2989.7,2989.3,2989.7,9
2026-07-22T11:06:00+00:00,2989.8,2989.9,2989.3,2989.8,7
2026-07-22T11:07:00+00:00,2989.6,2990.9,2989.5,2990.9,27
2026-07-22T11:08:00+00:00,2990.9,2991.1,2990.4,2990.8,36
2026-07-22T11:09:00+00:00,2990.8,2991.8,2990.8,2991.7,34
2026-07-22T11:10:00+00:00,2991.6,2992.1,2991.5,2991.7,24
2026-07-22T11:11:00+00:00,2991.8,2991.8,2991.2,2991.2,6
2026-07-22T11:12:00+00:00,2991.4,2991.5,2991.3,2991.3,10
2026-07-22T11:13:00+00:00,2991.2,2991.2,2989.8,2989.8,21
2026-07-22T11:14:00+00:00,2989.9,2990.0,2989.7,2989.8,15
2026-07-22T11:15:00+00:00,2989.5,2989.5,2988.0,2988.1,30
2026-07-22T11:16:00+00:00,2988.1,2988.2,2987.6,2987.9,61
2026-07-22T11:17:00+00:00,2987.9,2987.9,2986.5,2987.0,105
2026-07-22T11:18:00+00:00,2987.2,2988.0,2986.9,2988.0,29
2026-07-22T11:19:00+00:00,2987.8,2987.8,2987.0,2987.4,45
2026-07-22T11:20:00+00:00,2987.2,2988.3,2987.2,2988.3,34
2026-07-22T11:21:00+00:00,2988.2,2988.7,2988.2,2988.7,29
2026-07-22T11:22:00+00:00,2988.8,2988.8,2988.3,2988.6,20
2026-07-22T11:23:00+00:00,2988.3,2989.1,2988.3,2989.1,16
2026-07-22T11:24:00+00:00,2989.1,2989.1,2988.9,2988.9,18
2026-07-22T11:25:00+00:00,2988.3,2988.5,2987.5,2987.6,18
2026-07-22T11:26:00+00:00,2987.3,2987.3,2986.8,2987.2,21
2026-07-22T11:27:00+00:00,2987.5,2987.8,2987.0,2987.0,9
2026-07-22T11:28:00+00:00,2987.0,2987.2,2986.4,2987.1,23
2026-07-22T11:29:00+00:00,2987.0,2987.0,2986.8,2986.9,21
2026-07-22T11:30:00+00:00,2987.0,2987.2,2987.0,2987.2,3
2026-07-22T11:31:00+00:00,2987.3,2987.5,2987.3,2987.5,3
2026-07-22T11:32:00+00:00,2987.5,2987.6,2987.5,2987.6,3
2026-07-22T11:33:00+00:00,2987.7,2988.2,2987.7,2988.0,19
2026-07-22T11:34:00+00:00,2988.0,2988.3,2988.0,2988.0,17
2026-07-22T11:35:00+00:00,2988.0,2988.5,2988.0,2988.5,21
2026-07-22T11:36:00+00:00,2988.6,2989.0,2988.6,2989.0,13
2026-07-22T11:37:00+00:00,2988.7,2988.8,2987.8,2988.3,16
2026-07-22T11:38:00+00:00,2988.6,2988.8,2987.5,2987.5,32
2026-07-22T11:39:00+00:00,2987.6,2987.8,2987.3,2987.3,8
2026-07-22T11:40:00+00:00,2987.1,2987.1,2984.7,2985.2,410
2026-07-22T11:41:00+00:00,2985.3,2985.4,2982.8,2984.2,201
2026-07-22T11:42:00+00:00,2984.2,2984.2,2980.9,2981.9,166
2026-07-22T11:43:00+00:00,2982.0,2982.3,2979.9,2979.9,171
2026-07-22T11:44:00+00:00,2980.3,2982.4,2980.3,2982.1,66
2026-07-22T11:45:00+00:00,2982.0,2983.2,2981.4,2983.2,109
2026-07-22T11:46:00+00:00,2983.0,2983.1,2982.5,2982.5,90
2026-07-22T11:47:00+00:00,2982.8,2985.0,2982.7,2984.5,111
2026-07-22T11:48:00+00:00,2984.7,2985.2,2984.4,2985.0,43
2026-07-22T11:49:00+00:00,2985.0,2985.1,2984.6,2984.7,36
2026-07-22T11:50:00+00:00,2984.5,2984.5,2982.8,2982.8,21
2026-07-22T11:51:00+00:00,2983.3,2984.0,2983.3,2983.3,23
2026-07-22T11:52:00+00:00,2983.4,2983.4,2982.6,2983.0,37
2026-07-22T11:53:00+00:00,2982.9,2982.9,2982.3,2982.3,28
2026-07-22T11:54:00+00:00,2982.3,2983.6,2982.3,2983.1,30
2026-07-22T11:55:00+00:00,2983.4,2983.7,2983.0,2983.5,27
2026-07-22T11:56:00+00:00,2983.4,2983.4,2982.7,2983.2,80
2026-07-22T11:57:00+00:00,2983.4,2983.9,2983.0,2983.0,20
2026-07-22T11:58:00+00:00,2982.8,2982.9,2982.4,2982.9,43
2026-07-22T11:59:00+00:00,2983.0,2983.0,2982.4,2983.0,53
2026-07-22T12:00:00+00:00,2983.1,2984.1,2983.0,2983.6,58
2026-07-22T12:01:00+00:00,2983.7,2983.7,2982.5,2982.8,30
2026-07-22T12:02:00+00:00,2983.1,2983.1,2982.5,2982.5,27
2026-07-22T12:03:00+00:00,2982.4,2982.4,2981.3,2982.0,58
2026-07-22T12:04:00+00:00,2982.1,2982.2,2981.5,2982.0,29
2026-07-22T12:05:00+00:00,2982.3,2983.8,2982.1,2983.8,64
2026-07-22T12:06:00+00:00,2984.0,2984.1,2983.3,2983.5,66
2026-07-22T12:07:00+00:00,2983.3,2983.6,2982.8,2982.9,39
2026-07-22T12:08:00+00:00,2982.9,2984.0,2982.9,2983.9,14
2026-07-22T12:09:00+00:00,2984.0,2984.5,2983.8,2984.2,48
2026-07-22T12:10:00+00:00,2984.0,2984.8,2983.8,2984.4,40
2026-07-22T12:11:00+00:00,2984.5,2984.9,2983.9,2984.6,27
2026-07-22T12:12:00+00:00,2984.6,2984.9,2984.4,2984.9,23
2026-07-22T12:13:00+00:00,2984.8,2985.3,2984.4,2985.3,49
2026-07-22T12:14:00+00:00,2984.9,2985.1,2984.7,2984.8,15
2026-07-22T12:15:00+00:00,2985.1,2985.1,2984.7,2984.8,32
2026-07-22T12:16:00+00:00,2984.6,2985.2,2984.1,2985.1,41
2026-07-22T12:17:00+00:00,2984.8,2985.0,2984.4,2984.9,88
2026-07-22T12:18:00+00:00,2984.9,2985.8,2984.9,2985.5,44
2026-07-22T12:19:00+00:00,2985.5,2985.9,2985.2,2985.6,40
2026-07-22T12:20:00+00:00,2985.2,2985.6,2985.0,2985.6,7
2026-07-22T12:21:00+00:00,2984.8,2984.8,2983.5,2984.1,43
2026-07-22T12:22:00+00:00,2983.9,2984.1,2983.5,2984.0,24
2026-07-22T12:23:00+00:00,2984.3,2984.3,2982.4,2982.4,42
2026-07-22T12:24:00+00:00,2982.5,2982.9,2982.3,2982.6,56
2026-07-22T12:25:00+00:00,2982.4,2982.7,2982.4,2982.6,19
2026-07-22T12:26:00+00:00,2982.6,2983.0,2982.4,2983.0,17
2026-07-22T12:27:00+00:00,2983.2,2984.2,2983.0,2984.2,19
2026-07-22T12:28:00+00:00,2983.9,2984.1,2983.9,2984.0,6
2026-07-22T12:29:00+00:00,2984.0,2984.4,2984.0,2984.2,20
2026-07-22T12:30:00+00:00,2984.5,2985.4,2984.2,2985.4,72
2026-07-22T12:31:00+00:00,2985.4,2986.1,2985.0,2985.9,43
2026-07-22T12:32:00+00:00,2986.0,2986.6,2985.7,2986.5,82
2026-07-22T12:33:00+00:00,2986.5,2987.0,2986.4,2986.9,61
2026-07-22T12:34:00+00:00,2986.6,2987.3,2986.5,2986.7,41
2026-07-22T12:35:00+00:00,2987.0,2987.5,2986.7,2987.4,23
2026-07-22T12:36:00+00:00,2987.5,2987.8,2987.2,2987.2,30
2026-07-22T12:37:00+00:00,2987.4,2987.5,2986.7,2987.4,44
2026-07-22T12:38:00+00:00,2987.1,2987.2,2986.9,2987.2,18
2026-07-22T12:39:00+00:00,2987.1,2987.8,2987.1,2987.7,27
2026-07-22T12:40:00+00:00,2987.7,2987.7,2987.1,2987.1,10
2026-07-22T12:41:00+00:00,2987.1,2987.5,2987.0,2987.2,29
2026-07-22T12:42:00+00:00,2987.2,2987.2,2986.6,2986.6,23
2026-07-22T12:43:00+00:00,2986.5,2987.2,2986.3,2987.2,19
2026-07-22T12:44:00+00:00,2987.2,2987.2,2987.1,2987.1,7
2026-07-22T12:45:00+00:00,2987.4,2987.4,2986.2,2986.3,21
2026-07-22T12:46:00+00:00,2986.4,2987.4,2986.4,2987.1,56
2026-07-22T12:47:00+00:00,2986.8,2987.1,2986.4,2986.4,25
2026-07-22T12:48:00+00:00,2986.3,2986.3,2984.7,2984.9,100
2026-07-22T12:49:00+00:00,2985.3,2985.4,2984.4,2984.4,30
2026-07-22T12:50:00+00:00,2984.4,2984.7,2984.2,2984.6,23
2026-07-22T12:51:00+00:00,2984.7,2985.1,2984.5,2985.1,14
2026-07-22T12:52:00+00:00,2985.3,2985.6,2984.9,2985.2,33
2026-07-22T12:53:00+00:00,2985.3,2985.7,2984.9,2985.5,23
2026-07-22T12:54:00+00:00,2985.7,2985.9,2985.7,2985.8,12
2026-07-22T12:55:00+00:00,2985.8,2985.8,2985.5,2985.5,18
2026-07-22T12:56:00+00:00,2985.5,2985.7,2976.9,2979.9,1030
2026-07-22T12:57:00+00:00,2980.5,2983.0,2978.7,2982.3,641
2026-07-22T12:58:00+00:00,2982.3,2983.8,2981.9,2983.1,233
2026-07-22T12:59:00+00:00,2983.3,2984.3,2983.0,2983.1,103
2026-07-22T13:00:00+00:00,2983.0,2984.5,2982.9,2984.2,123
2026-07-22T13:01:00+00:00,2984.2,2984.6,2983.7,2984.4,78
2026-07-22T13:02:00+00:00,2984.6,2984.7,2983.9,2984.1,51
2026-07-22T13:03:00+00:00,2984.1,2984.7,2983.7,2984.7,66
2026-07-22T13:04:00+00:00,2984.8,2985.5,2984.7,2985.2,40
2026-07-22T13:05:00+00:00,2985.0,2985.2,2984.4,2984.6,53
2026-07-22T13:06:00+00:00,2984.6,2984.9,2984.5,2984.5,31
2026-07-22T13:07:00+00:00,2984.5,2984.6,2983.8,2984.1,66
2026-07-22T13:08:00+00:00,2984.2,2984.6,2984.0,2984.3,14
2026-07-22T13:09:00+00:00,2984.3,2986.0,2984.3,2986.0,32
2026-07-22T13:10:00+00:00,2985.8,2985.8,2984.9,2984.9,48
2026-07-22T13:11:00+00:00,2985.2,2985.4,2984.5,2984.8,54
2026-07-22T13:12:00+00:00,2984.7,2984.9,2984.0,2984.2,20
2026-07-22T13:13:00+00:00,2984.2,2984.6,2984.2,2984.6,36
2026-07-22T13:14:00+00:00,2984.6,2984.9,2984.4,2984.8,37
2026-07-22T13:15:00+00:00,2984.6,2985.1,2984.5,2985.1,18
2026-07-22T13:16:00+00:00,2985.1,2986.0,2985.1,2985.9,49
2026-07-22T13:17:00+00:00,2985.8,2986.1,2985.3,2985.7,59
2026-07-22T13:18:00+00:00,2985.6,2986.2,2985.3,2985.8,99
2026-07-22T13:19:00+00:00,2986.0,2987.0,2985.7,2986.8,62
2026-07-22T13:20:00+00:00,2986.8,2986.8,2986.2,2986.6,53
2026-07-22T13:21:00+00:00,2986.5,2986.9,2986.3,2986.7,66
2026-07-22T13:22:00+00:00,2986.8,2986.9,2986.6,2986.9,25
2026-07-22T13:23:00+00:00,2987.1,2988.5,2986.9,2988.3,151
2026-07-22T13:24:00+00:00,2988.4,2988.9,2988.1,2988.9,132
2026-07-22T13:25:00+00:00,2989.0,2989.6,2988.4,2989.4,150
2026-07-22T13:26:00+00:00,2989.4,2989.5,2988.5,2988.6,90
2026-07-22T13:27:00+00:00,2988.6,2988.7,2987.6,2987.6,86
2026-07-22T13:28:00+00:00,2987.6,2988.2,2986.9,2986.9,113
2026-07-22T13:29:00+00:00,2986.9,2989.1,2986.9,2989.0,148
2026-07-22T13:30:00+00:00,2989.1,2992.4,2986.2,2990.7,1447
2026-07-22T13:31:00+00:00,2990.6,2994.9,2989.5,2993.8,838
2026-07-22T13:32:00+00:00,2993.7,2995.6,2992.8,2995.5,534
2026-07-22T13:33:00+00:00,2995.3,2996.5,2994.4,2996.0,503
2026-07-22T13:34:00+00:00,2995.7,2996.1,2992.9,2995.3,551
2026-07-22T13:35:00+00:00,2995.3,2995.5,2992.2,2993.3,522
2026-07-22T13:36:00+00:00,2993.4,2993.5,2990.0,2990.1,483
2026-07-22T13:37:00+00:00,2990.0,2990.7,2987.7,2989.2,601
2026-07-22T13:38:00+00:00,2988.8,2989.2,2986.8,2987.9,415
2026-07-22T13:39:00+00:00,2988.1,2991.3,2987.8,2990.7,429
2026-07-22T13:40:00+00:00,2990.7,2990.7,2988.4,2990.1,313
2026-07-22T13:41:00+00:00,2990.0,2991.3,2987.1,2987.2,393
2026-07-22T13:42:00+00:00,2987.2,2987.3,2983.7,2983.7,614
2026-07-22T13:43:00+00:00,2983.8,2988.3,2983.8,2987.7,350
2026-07-22T13:44:00+00:00,2987.5,2990.7,2987.5,2990.7,404
2026-07-22T13:45:00+00:00,2990.8,2992.1,2989.8,2991.6,598
2026-07-22T13:46:00+00:00,2991.6,2991.6,2988.9,2989.8,361
2026-07-22T13:47:00+00:00,2989.9,2990.5,2988.0,2988.1,268
2026-07-22T13:48:00+00:00,2988.0,2989.0,2986.4,2988.1,307
2026-07-22T13:49:00+00:00,2988.1,2988.1,2984.8,2984.8,298
2026-07-22T13:50:00+00:00,2984.8,2987.0,2984.2,2986.0,593
2026-07-22T13:51:00+00:00,2986.0,2987.1,2984.6,2985.4,233
2026-07-22T13:52:00+00:00,2985.7,2988.4,2985.1,2987.5,789
2026-07-22T13:53:00+00:00,2987.4,2987.7,2986.4,2986.5,200
2026-07-22T13:54:00+00:00,2986.5,2988.1,2985.2,2988.1,293
2026-07-22T13:55:00+00:00,2987.9,2990.8,2986.6,2990.6,296
2026-07-22T13:56:00+00:00,2990.7,2993.0,2989.9,2993.0,390
2026-07-22T13:57:00+00:00,2992.6,2994.5,2992.0,2994.0,414
2026-07-22T13:58:00+00:00,2993.8,2994.2,2992.1,2992.7,312
2026-07-22T13:59:00+00:00,2992.4,2993.6,2991.9,2992.3,180
2026-07-22T14:00:00+00:00,2992.3,2993.3,2990.5,2992.2,382
2026-07-22T14:01:00+00:00,2992.2,2993.3,2991.3,2992.2,197
2026-07-22T14:02:00+00:00,2992.1,2992.4,2990.0,2990.2,687
2026-07-22T14:03:00+00:00,2990.1,2992.1,2989.7,2991.0,345
2026-07-22T14:04:00+00:00,2990.7,2992.8,2990.3,2991.4,378
2026-07-22T14:05:00+00:00,2991.4,2993.6,2990.7,2993.3,309
2026-07-22T14:06:00+00:00,2993.2,2993.2,2991.6,2991.9,160
2026-07-22T14:07:00+00:00,2991.9,2992.6,2990.6,2991.0,230
2026-07-22T14:08:00+00:00,2991.0,2991.0,2989.1,2989.1,305
2026-07-22T14:09:00+00:00,2989.1,2991.3,2988.2,2990.9,334
2026-07-22T14:10:00+00:00,2991.1,2991.7,2989.9,2991.2,502
2026-07-22T14:11:00+00:00,2991.0,2992.2,2991.0,2991.3,91
2026-07-22T14:12:00+00:00,2991.1,2992.8,2990.8,2992.3,119
2026-07-22T14:13:00+00:00,2992.5,2992.5,2990.2,2990.2,201
2026-07-22T14:14:00+00:00,2990.2,2990.9,2988.6,2988.7,232
2026-07-22T14:15:00+00:00,2988.6,2989.3,2985.9,2987.7,413
2026-07-22T14:16:00+00:00,2987.8,2988.7,2986.0,2986.0,220
2026-07-22T14:17:00+00:00,2986.0,2988.1,2985.4,2988.1,178
2026-07-22T14:18:00+00:00,2987.8,2988.6,2987.2,2987.5,142
2026-07-22T14:19:00+00:00,2987.5,2989.0,2987.1,2988.4,167
2026-07-22T14:20:00+00:00,2988.4,2988.7,2987.2,2988.3,204
2026-07-22T14:21:00+00:00,2988.2,2989.4,2987.9,2988.6,232
2026-07-22T14:22:00+00:00,2988.4,2988.9,2986.9,2987.3,170
2026-07-22T14:23:00+00:00,2987.5,2987.7,2985.0,2986.1,649
2026-07-22T14:24:00+00:00,2986.0,2986.7,2984.7,2985.4,207
2026-07-22T14:25:00+00:00,2985.4,2986.8,2984.5,2985.7,412
2026-07-22T14:26:00+00:00,2985.7,2986.0,2980.6,2983.2,1315
2026-07-22T14:27:00+00:00,2983.3,2984.4,2981.0,2982.3,524
2026-07-22T14:28:00+00:00,2982.2,2983.3,2982.0,2982.4,265
2026-07-22T14:29:00+00:00,2982.4,2983.3,2981.2,2981.5,239
2026-07-22T14:30:00+00:00,2981.7,2984.1,2980.6,2982.5,519
2026-07-22T14:31:00+00:00,2982.7,2983.5,2981.8,2983.2,254
2026-07-22T14:32:00+00:00,2983.1,2985.7,2983.1,2985.4,377
2026-07-22T14:33:00+00:00,2985.2,2985.3,2981.6,2981.8,220
2026-07-22T14:34:00+00:00,2981.9,2982.3,2980.1,2980.4,291
2026-07-22T14:35:00+00:00,2980.6,2981.3,2980.0,2981.3,395
2026-07-22T14:36:00+00:00,2981.3,2981.6,2980.0,2980.4,230
2026-07-22T14:37:00+00:00,2981.0,2981.5,2979.6,2979.8,185
2026-07-22T14:38:00+00:00,2979.7,2980.0,2978.5,2979.3,322
2026-07-22T14:39:00+00:00,2979.3,2979.7,2978.1,2979.3,232
2026-07-22T14:40:00+00:00,2979.0,2979.0,2977.6,2978.4,929
2026-07-22T14:41:00+00:00,2978.5,2979.1,2976.2,2976.8,354
2026-07-22T14:42:00+00:00,2976.6,2978.3,2975.8,2978.0,607
2026-07-22T14:43:00+00:00,2977.9,2978.1,2976.6,2977.2,133
2026-07-22T14:44:00+00:00,2977.3,2977.9,2975.6,2975.6,208
2026-07-22T14:45:00+00:00,2975.6,2977.7,2975.1,2977.0,503
2026-07-22T14:46:00+00:00,2977.0,2978.2,2975.6,2975.7,264
2026-07-22T14:47:00+00:00,2975.6,2975.8,2974.3,2974.4,686
2026-07-22T14:48:00+00:00,2974.6,2975.3,2973.8,2973.9,247
2026-07-22T14:49:00+00:00,2974.0,2975.1,2972.9,2975.1,561
2026-07-22T14:50:00+00:00,2975.3,2975.6,2974.4,2975.5,228
2026-07-22T14:51:00+00:00,2975.3,2975.5,2973.3,2973.8,255
2026-07-22T14:52:00+00:00,2973.6,2973.8,2971.8,2972.0,373
2026-07-22T14:53:00+00:00,2972.0,2973.8,2971.9,2972.6,155
2026-07-22T14:54:00+00:00,2972.9,2973.9,2972.0,2972.0,149
2026-07-22T14:55:00+00:00,2971.9,2972.3,2971.2,2972.1,180
2026-07-22T14:56:00+00:00,2972.2,2972.8,2971.3,2971.8,245
2026-07-22T14:57:00+00:00,2971.6,2972.7,2971.5,2972.4,171
2026-07-22T14:58:00+00:00,2972.3,2972.6,2971.8,2972.0,182
2026-07-22T14:59:00+00:00,2972.2,2973.2,2971.4,2972.7,248
2026-07-22T15:00:00+00:00,2973.1,2975.1,2972.7,2975.0,388
2026-07-22T15:01:00+00:00,2975.0,2975.2,2973.4,2973.5,265
2026-07-22T15:02:00+00:00,2973.4,2975.9,2973.2,2975.9,193
2026-07-22T15:03:00+00:00,2975.9,2976.8,2975.6,2976.6,393
2026-07-22T15:04:00+00:00,2976.7,2978.8,2976.7,2977.4,328
2026-07-22T15:05:00+00:00,2977.4,2977.9,2976.7,2977.9,123
2026-07-22T15:06:00+00:00,2977.6,2977.6,2975.4,2975.5,290
2026-07-22T15:07:00+00:00,2975.3,2975.9,2974.8,2975.9,201
2026-07-22T15:08:00+00:00,2975.8,2976.9,2974.5,2976.9,252
2026-07-22T15:09:00+00:00,2977.0,2977.2,2976.4,2976.7,149
2026-07-22T15:10:00+00:00,2976.7,2978.6,2976.7,2978.5,194
2026-07-22T15:11:00+00:00,2978.7,2979.2,2978.1,2978.5,177
2026-07-22T15:12:00+00:00,2978.9,2979.0,2977.8,2978.3,128
2026-07-22T15:13:00+00:00,2978.1,2978.4,2976.8,2977.3,182
2026-07-22T15:14:00+00:00,2977.2,2977.8,2976.6,2977.0,82
2026-07-22T15:15:00+00:00,2976.8,2977.3,2976.6,2977.0,87
2026-07-22T15:16:00+00:00,2977.0,2977.3,2975.6,2976.1,188
2026-07-22T15:17:00+00:00,2976.1,2976.5,2975.3,2975.4,163
2026-07-22T15:18:00+00:00,2975.5,2976.2,2975.1,2975.4,129
2026-07-22T15:19:00+00:00,2975.7,2977.4,2975.7,2977.4,119
2026-07-22T15:20:00+00:00,2977.5,2982.0,2977.2,2979.6,825
2026-07-22T15:21:00+00:00,2979.7,2980.0,2978.6,2978.6,154
2026-07-22T15:22:00+00:00,2978.7,2979.5,2978.5,2979.2,114
2026-07-22T15:23:00+00:00,2979.3,2980.2,2979.3,2979.6,135
2026-07-22T15:24:00+00:00,2979.8,2981.0,2979.6,2980.9,187
2026-07-22T15:25:00+00:00,2980.9,2982.8,2980.7,2982.8,423
2026-07-22T15:26:00+00:00,2982.9,2983.2,2982.3,2982.5,431
2026-07-22T15:27:00+00:00,2982.6,2983.6,2982.1,2982.3,506
2026-07-22T15:28:00+00:00,2982.3,2982.5,2982.0,2982.5,118
2026-07-22T15:29:00+00:00,2982.5,2982.9,2981.2,2981.3,170
2026-07-22T15:30:00+00:00,2981.4,2982.1,2980.6,2981.9,221
2026-07-22T15:31:00+00:00,2982.1,2982.3,2981.2,2981.2,81
2026-07-22T15:32:00+00:00,2981.4,2981.4,2979.9,2980.4,189
2026-07-22T15:33:00+00:00,2980.5,2981.2,2979.7,2981.1,159
2026-07-22T15:34:00+00:00,2981.0,2981.8,2980.2,2980.2,112
2026-07-22T15:35:00+00:00,2980.2,2980.9,2979.8,2980.6,209
2026-07-22T15:36:00+00:00,2980.7,2981.1,2979.9,2980.4,119
2026-07-22T15:37:00+00:00,2980.4,2980.5,2979.2,2980.4,165
2026-07-22T15:38:00+00:00,2980.4,2980.6,2978.6,2979.4,223
2026-07-22T15:39:00+00:00,2979.3,2979.9,2978.6,2979.7,121
2026-07-22T15:40:00+00:00,2979.7,2981.6,2979.0,2981.6,142
2026-07-22T15:41:00+00:00,2981.5,2981.8,2979.6,2980.0,140
2026-07-22T15:42:00+00:00,2980.2,2980.2,2978.6,2978.8,86
2026-07-22T15:43:00+00:00,2978.9,2979.3,2977.8,2978.2,203
2026-07-22T15:44:00+00:00,2978.3,2978.8,2978.1,2978.8,69
2026-07-22T15:45:00+00:00,2978.8,2980.4,2978.8,2980.0,173
2026-07-22T15:46:00+00:00,2979.8,2979.8,2977.4,2977.5,96
2026-07-22T15:47:00+00:00,2977.5,2978.4,2977.5,2978.3,93
2026-07-22T15:48:00+00:00,2978.3,2979.3,2977.7,2978.9,98
2026-07-22T15:49:00+00:00,2978.9,2979.2,2978.6,2978.9,69
2026-07-22T15:50:00+00:00,2979.1,2979.3,2978.6,2979.0,53
2026-07-22T15:51:00+00:00,2979.0,2979.6,2978.8,2979.1,42
2026-07-22T15:52:00+00:00,2979.4,2979.5,2978.5,2978.6,56
2026-07-22T15:53:00+00:00,2978.5,2978.9,2977.2,2977.2,97
2026-07-22T15:54:00+00:00,2977.3,2977.7,2976.9,2977.0,139
2026-07-22T15:55:00+00:00,2977.0,2977.6,2976.5,2977.4,103
2026-07-22T15:56:00+00:00,2977.5,2977.7,2976.3,2977.1,78
2026-07-22T15:57:00+00:00,2977.3,2977.7,2976.8,2977.6,35
2026-07-22T15:58:00+00:00,2977.5,2978.6,2977.5,2978.3,107
2026-07-22T15:59:00+00:00,2978.4,2979.6,2978.4,2979.4,140
2026-07-22T16:00:00+00:00,2979.4,2979.7,2978.9,2979.5,93
2026-07-22T16:01:00+00:00,2979.5,2979.7,2978.4,2978.7,52
2026-07-22T16:02:00+00:00,2978.5,2978.5,2977.7,2977.9,58
2026-07-22T16:03:00+00:00,2977.8,2978.9,2977.6,2978.8,47
2026-07-22T16:04:00+00:00,2978.7,2979.9,2978.7,2979.6,67
2026-07-22T16:05:00+00:00,2979.6,2980.7,2979.1,2980.7,100
2026-07-22T16:06:00+00:00,2980.8,2981.6,2980.3,2980.3,176
2026-07-22T16:07:00+00:00,2980.8,2980.8,2980.1,2980.6,85
2026-07-22T16:08:00+00:00,2980.8,2981.4,2980.8,2981.0,68
2026-07-22T16:09:00+00:00,2980.9,2981.1,2980.3,2980.8,61
2026-07-22T16:10:00+00:00,2980.6,2981.2,2980.4,2980.9,59
2026-07-22T16:11:00+00:00,2980.9,2981.3,2979.5,2979.7,84
2026-07-22T16:12:00+00:00,2979.4,2980.3,2979.4,2979.5,62
2026-07-22T16:13:00+00:00,2979.4,2979.9,2979.0,2979.8,45
2026-07-22T16:14:00+00:00,2980.2,2980.3,2979.6,2979.7,93
2026-07-22T16:15:00+00:00,2979.7,2979.8,2979.0,2979.0,77
2026-07-22T16:16:00+00:00,2979.0,2979.2,2977.6,2977.8,137
2026-07-22T16:17:00+00:00,2977.9,2978.1,2977.4,2977.7,73
2026-07-22T16:18:00+00:00,2977.8,2979.4,2977.7,2979.0,113
2026-07-22T16:20:00+00:00,2980.0,2980.1,2979.4,2979.6,50
2026-07-22T16:21:00+00:00,2979.4,2980.2,2979.2,2979.7,31
2026-07-22T16:22:00+00:00,2980.1,2980.6,2979.8,2980.3,37
2026-07-22T16:23:00+00:00,2980.4,2980.5,2979.4,2979.4,37
2026-07-22T16:24:00+00:00,2979.6,2980.1,2978.9,2980.0,29
2026-07-22T16:25:00+00:00,2980.0,2980.7,2979.7,2979.9,61
2026-07-22T16:26:00+00:00,2979.6,2979.6,2977.9,2978.5,82
2026-07-22T16:27:00+00:00,2978.6,2979.0,2978.1,2978.3,67
2026-07-22T16:28:00+00:00,2978.5,2979.2,2978.5,2979.2,20
2026-07-22T16:29:00+00:00,2979.3,2979.9,2979.1,2979.8,49
2026-07-22T16:30:00+00:00,2979.7,2980.0,2979.1,2979.9,49
2026-07-22T16:31:00+00:00,2980.0,2980.9,2980.0,2980.6,114
2026-07-22T16:32:00+00:00,2980.5,2980.7,2980.2,2980.2,43
2026-07-22T16:33:00+00:00,2980.3,2980.7,2980.0,2980.6,27
2026-07-22T16:34:00+00:00,2980.7,2980.7,2979.6,2980.3,37
2026-07-22T16:35:00+00:00,2980.2,2980.2,2979.6,2979.6,47
2026-07-22T16:36:00+00:00,2979.7,2979.8,2979.4,2979.4,41
2026-07-22T16:37:00+00:00,2979.3,2980.4,2979.2,2980.1,73
2026-07-22T16:38:00+00:00,2980.2,2980.4,2979.7,2979.7,26
2026-07-22T16:39:00+00:00,2979.8,2980.4,2979.8,2980.1,40
2026-07-22T16:40:00+00:00,2980.2,2980.2,2979.2,2979.2,31
2026-07-22T16:41:00+00:00,2979.1,2979.1,2978.4,2978.7,57
2026-07-22T16:42:00+00:00,2978.6,2979.2,2978.5,2978.9,35
2026-07-22T16:43:00+00:00,2978.8,2978.8,2978.1,2978.3,23
2026-07-22T16:44:00+00:00,2978.2,2978.6,2978.0,2978.0,84
2026-07-22T16:45:00+00:00,2978.4,2979.1,2977.3,2977.5,117
2026-07-22T16:46:00+00:00,2977.7,2977.9,2976.5,2976.5,111
2026-07-22T16:47:00+00:00,2976.5,2976.5,2975.7,2975.7,132
2026-07-22T16:48:00+00:00,2975.9,2977.4,2975.9,2977.3,149
2026-07-22T16:49:00+00:00,2977.4,2977.4,2976.9,2976.9,46
2026-07-22T16:50:00+00:00,2977.0,2977.2,2976.4,2976.9,40
2026-07-22T16:51:00+00:00,2977.0,2977.4,2975.6,2975.6,144
2026-07-22T16:52:00+00:00,2975.7,2976.9,2975.6,2976.7,72
2026-07-22T16:53:00+00:00,2976.9,2977.1,2976.0,2976.4,55
2026-07-22T16:54:00+00:00,2976.3,2976.3,2975.9,2976.0,20
2026-07-22T16:55:00+00:00,2975.8,2978.1,2975.6,2977.7,182
2026-07-22T16:56:00+00:00,2977.7,2978.0,2977.3,2977.4,116
2026-07-22T16:57:00+00:00,2977.3,2978.9,2977.3,2978.0,165
2026-07-22T16:58:00+00:00,2977.9,2978.1,2977.3,2977.4,43
2026-07-22T16:59:00+00:00,2977.4,2977.6,2977.0,2977.6,22
2026-07-22T17:00:00+00:00,2977.5,2978.0,2977.0,2977.7,58
2026-07-22T17:01:00+00:00,2977.8,2978.3,2977.5,2977.5,35
2026-07-22T17:02:00+00:00,2977.4,2977.5,2976.0,2976.5,184
2026-07-22T17:03:00+00:00,2977.0,2977.1,2975.6,2976.0,188
2026-07-22T17:04:00+00:00,2975.9,2975.9,2975.3,2975.6,88
2026-07-22T17:05:00+00:00,2975.6,2976.7,2975.5,2976.1,108
2026-07-22T17:06:00+00:00,2976.2,2976.6,2975.6,2975.9,76
2026-07-22T17:07:00+00:00,2976.1,2977.5,2976.1,2977.3,74
2026-07-22T17:08:00+00:00,2977.4,2977.5,2976.7,2976.8,38
2026-07-22T17:09:00+00:00,2976.7,2976.9,2976.0,2976.4,27
2026-07-22T17:10:00+00:00,2976.2,2976.5,2975.8,2976.0,36
2026-07-22T17:11:00+00:00,2976.0,2976.2,2975.8,2976.0,14
2026-07-22T17:12:00+00:00,2976.3,2976.4,2975.9,2976.1,25
2026-07-22T17:13:00+00:00,2976.1,2976.1,2974.8,2974.8,69
2026-07-22T17:14:00+00:00,2974.8,2975.0,2974.4,2974.8,79
2026-07-22T17:15:00+00:00,2974.6,2975.0,2973.9,2975.0,150
2026-07-22T17:16:00+00:00,2975.1,2975.4,2974.8,2975.3,90
2026-07-22T17:17:00+00:00,2975.4,2976.1,2975.4,2976.0,51
2026-07-22T17:18:00+00:00,2975.7,2976.3,2975.2,2975.2,48
2026-07-22T17:19:00+00:00,2975.2,2975.5,2975.0,2975.1,21
2026-07-22T17:20:00+00:00,2975.1,2975.1,2974.4,2974.6,41
2026-07-22T17:21:00+00:00,2974.6,2975.8,2974.6,2974.7,38
2026-07-22T17:22:00+00:00,2974.9,2975.5,2974.8,2975.4,41
2026-07-22T17:23:00+00:00,2975.5,2975.6,2975.1,2975.5,45
2026-07-22T17:24:00+00:00,2975.4,2975.7,2975.2,2975.6,44
2026-07-22T17:25:00+00:00,2975.6,2975.9,2975.1,2975.6,41
2026-07-22T17:26:00+00:00,2975.5,2975.7,2975.2,2975.3,30
2026-07-22T17:27:00+00:00,2975.1,2975.5,2975.0,2975.3,36
2026-07-22T17:28:00+00:00,2975.2,2976.9,2975.2,2976.2,150
2026-07-22T17:29:00+00:00,2976.1,2976.2,2975.4,2975.4,53
2026-07-22T17:30:00+00:00,2975.3,2975.7,2975.0,2975.7,54
2026-07-22T17:31:00+00:00,2975.5,2976.6,2975.4,2976.0,25
2026-07-22T17:32:00+00:00,2976.1,2976.5,2975.4,2975.5,65
2026-07-22T17:33:00+00:00,2975.5,2975.7,2975.1,2975.5,41
2026-07-22T17:34:00+00:00,2975.5,2975.9,2975.4,2975.5,32
2026-07-22T17:35:00+00:00,2975.1,2976.0,2974.9,2975.5,47
2026-07-22T17:36:00+00:00,2975.6,2976.8,2975.6,2976.6,59
2026-07-22T17:37:00+00:00,2976.6,2977.3,2976.3,2977.3,68
2026-07-22T17:38:00+00:00,2977.3,2977.6,2976.7,2976.7,43
2026-07-22T17:39:00+00:00,2976.8,2977.6,2976.8,2977.5,77
2026-07-22T17:40:00+00:00,2977.2,2977.2,2976.4,2976.4,76
2026-07-22T17:41:00+00:00,2976.4,2976.4,2975.3,2975.9,161
2026-07-22T17:42:00+00:00,2976.1,2976.1,2975.4,2975.4,94
2026-07-22T17:43:00+00:00,2975.5,2976.1,2975.3,2975.6,38
2026-07-22T17:44:00+00:00,2976.2,2976.6,2976.1,2976.6,43
2026-07-22T17:45:00+00:00,2976.4,2976.7,2976.4,2976.4,31
2026-07-22T17:46:00+00:00,2976.5,2977.6,2976.3,2977.3,76
2026-07-22T17:47:00+00:00,2977.5,2977.5,2977.0,2977.1,42
2026-07-22T17:48:00+00:00,2977.1,2977.3,2976.3,2976.5,65
2026-07-22T17:49:00+00:00,2976.8,2977.1,2976.4,2976.5,25
2026-07-22T17:50:00+00:00,2976.4,2977.6,2976.3,2977.4,58
2026-07-22T17:51:00+00:00,2977.8,2978.4,2977.8,2978.3,104
2026-07-22T17:52:00+00:00,2978.4,2978.4,2977.3,2977.5,32
2026-07-22T17:53:00+00:00,2977.5,2977.6,2976.4,2976.6,118
2026-07-22T17:54:00+00:00,2976.4,2976.4,2975.8,2975.8,83
2026-07-22T17:55:00+00:00,2975.7,2976.9,2974.9,2976.3,125
2026-07-22T17:56:00+00:00,2976.4,2976.6,2975.7,2975.8,29
2026-07-22T17:57:00+00:00,2976.0,2976.4,2975.5,2975.7,34
2026-07-22T17:58:00+00:00,2975.7,2975.9,2975.4,2975.4,39
2026-07-22T17:59:00+00:00,2975.4,2975.4,2975.2,2975.4,20
2026-07-22T18:00:00+00:00,2975.4,2976.5,2975.4,2976.1,80
2026-07-22T18:01:00+00:00,2976.1,2976.1,2974.9,2975.0,79
2026-07-22T18:02:00+00:00,2975.1,2975.1,2973.6,2974.2,228
2026-07-22T18:03:00+00:00,2974.3,2974.6,2974.1,2974.5,37
2026-07-22T18:04:00+00:00,2974.6,2975.1,2974.3,2974.7,85
2026-07-22T18:05:00+00:00,2974.5,2974.6,2973.4,2973.5,108
2026-07-22T18:06:00+00:00,2973.3,2973.8,2973.1,2973.7,135
2026-07-22T18:07:00+00:00,2973.6,2974.9,2973.6,2974.8,104
2026-07-22T18:08:00+00:00,2974.8,2975.0,2973.6,2973.6,41
2026-07-22T18:09:00+00:00,2973.4,2973.4,2972.7,2972.9,81
2026-07-22T18:10:00+00:00,2972.7,2972.9,2972.2,2972.7,103
2026-07-22T18:11:00+00:00,2972.6,2972.9,2972.1,2972.3,32
2026-07-22T18:12:00+00:00,2972.2,2972.2,2970.9,2971.2,241
2026-07-22T18:13:00+00:00,2971.4,2971.9,2970.7,2971.1,209
2026-07-22T18:14:00+00:00,2971.1,2971.6,2970.9,2970.9,74
2026-07-22T18:15:00+00:00,2970.9,2971.9,2970.8,2971.9,168
2026-07-22T18:16:00+00:00,2971.7,2972.6,2971.5,2972.2,106
2026-07-22T18:17:00+00:00,2972.3,2972.7,2972.1,2972.7,51
2026-07-22T18:18:00+00:00,2972.8,2974.0,2972.6,2974.0,312
2026-07-22T18:19:00+00:00,2973.9,2974.3,2973.2,2973.5,96
2026-07-22T18:20:00+00:00,2973.4,2974.5,2973.1,2974.5,64
2026-07-22T18:21:00+00:00,2974.6,2974.9,2974.0,2974.3,242
2026-07-22T18:22:00+00:00,2974.2,2974.7,2973.9,2974.5,210
2026-07-22T18:23:00+00:00,2974.4,2974.4,2973.9,2974.0,72
2026-07-22T18:24:00+00:00,2974.0,2974.6,2973.5,2973.6,37
2026-07-22T18:25:00+00:00,2973.6,2973.7,2973.3,2973.7,35
2026-07-22T18:26:00+00:00,2973.7,2973.8,2973.0,2973.0,79
2026-07-22T18:27:00+00:00,2973.1,2973.6,2972.9,2973.1,16
2026-07-22T18:28:00+00:00,2973.1,2974.4,2973.0,2974.3,81
2026-07-22T18:29:00+00:00,2974.3,2974.5,2973.8,2974.3,42
2026-07-22T18:30:00+00:00,2974.3,2974.3,2972.9,2973.2,206
2026-07-22T18:31:00+00:00,2973.0,2973.0,2971.9,2971.9,283
2026-07-22T18:32:00+00:00,2971.8,2972.1,2971.6,2971.8,141
2026-07-22T18:33:00+00:00,2971.8,2972.4,2971.6,2972.1,54
2026-07-22T18:34:00+00:00,2971.9,2972.0,2971.5,2971.5,54
2026-07-22T18:35:00+00:00,2971.4,2972.7,2971.3,2972.7,54
2026-07-22T18:36:00+00:00,2972.9,2973.0,2972.4,2972.6,33
2026-07-22T18:37:00+00:00,2972.7,2972.8,2971.9,2972.1,11
2026-07-22T18:38:00+00:00,2972.2,2972.4,2972.0,2972.2,25
2026-07-22T18:39:00+00:00,2972.3,2972.7,2971.7,2972.7,31
2026-07-22T18:40:00+00:00,2972.9,2972.9,2972.0,2972.0,23
2026-07-22T18:41:00+00:00,2972.2,2973.0,2972.0,2973.0,58
2026-07-22T18:42:00+00:00,2973.0,2973.3,2972.5,2972.5,75
2026-07-22T18:43:00+00:00,2972.6,2973.0,2972.6,2972.7,28
2026-07-22T18:44:00+00:00,2972.8,2972.9,2972.4,2972.4,43
2026-07-22T18:45:00+00:00,2972.2,2973.3,2972.0,2973.1,117
2026-07-22T18:46:00+00:00,2973.0,2973.3,2972.8,2973.3,33
2026-07-22T18:47:00+00:00,2973.1,2973.1,2972.5,2972.8,12
2026-07-22T18:48:00+00:00,2972.8,2973.2,2972.4,2972.4,53
2026-07-22T18:49:00+00:00,2972.4,2972.4,2971.1,2971.1,39
2026-07-22T18:50:00+00:00,2971.1,2971.3,2970.5,2971.3,151
2026-07-22T18:51:00+00:00,2971.3,2971.9,2970.9,2971.0,55
2026-07-22T18:52:00+00:00,2971.0,2971.2,2970.9,2971.2,43
2026-07-22T18:53:00+00:00,2971.3,2972.3,2971.3,2972.2,51
2026-07-22T18:54:00+00:00,2972.2,2973.0,2972.2,2972.7,99
2026-07-22T18:55:00+00:00,2972.5,2973.0,2972.5,2972.6,48
2026-07-22T18:56:00+00:00,2972.5,2972.6,2971.8,2972.0,48
2026-07-22T18:57:00+00:00,2972.0,2972.3,2971.9,2972.1,15
2026-07-22T18:58:00+00:00,2972.0,2972.5,2971.9,2972.2,23
2026-07-22T18:59:00+00:00,2972.3,2972.3,2971.8,2971.9,10
2026-07-22T19:00:00+00:00,2971.9,2971.9,2971.1,2971.1,65
2026-07-22T19:01:00+00:00,2971.0,2971.4,2969.8,2970.0,306
2026-07-22T19:02:00+00:00,2969.8,2969.9,2969.2,2969.2,63
2026-07-22T19:03:00+00:00,2969.4,2970.3,2969.4,2969.9,91
2026-07-22T19:04:00+00:00,2969.8,2970.3,2969.8,2970.0,64
2026-07-22T19:05:00+00:00,2969.7,2970.4,2969.6,2969.8,59
2026-07-22T19:06:00+00:00,2969.7,2969.9,2969.3,2969.3,58
2026-07-22T19:07:00+00:00,2969.2,2969.3,2967.6,2967.7,266
2026-07-22T19:08:00+00:00,2967.6,2969.3,2967.6,2968.8,88
2026-07-22T19:09:00+00:00,2968.8,2968.8,2968.4,2968.4,24
2026-07-22T19:10:00+00:00,2968.3,2968.4,2967.9,2967.9,42
2026-07-22T19:11:00+00:00,2967.9,2968.0,2967.4,2967.6,105
2026-07-22T19:12:00+00:00,2967.9,2967.9,2967.1,2967.1,91
2026-07-22T19:13:00+00:00,2967.1,2968.1,2967.0,2967.6,86
2026-07-22T19:14:00+00:00,2967.6,2967.7,2967.0,2967.1,90
2026-07-22T19:15:00+00:00,2967.2,2968.2,2966.8,2968.2,98
2026-07-22T19:16:00+00:00,2968.1,2969.8,2968.1,2969.6,129
2026-07-22T19:17:00+00:00,2969.5,2969.5,2968.5,2969.0,39
2026-07-22T19:18:00+00:00,2969.1,2969.3,2968.6,2969.1,49
2026-07-22T19:19:00+00:00,2969.1,2969.3,2968.4,2968.6,60
2026-07-22T19:20:00+00:00,2968.4,2968.6,2968.0,2968.1,49
2026-07-22T19:21:00+00:00,2968.2,2968.2,2967.4,2968.1,74
2026-07-22T19:22:00+00:00,2967.9,2968.2,2967.5,2967.8,53
2026-07-22T19:23:00+00:00,2967.9,2968.8,2967.8,2968.6,62
2026-07-22T19:24:00+00:00,2968.4,2968.4,2967.9,2968.1,22
2026-07-22T19:25:00+00:00,2968.3,2968.6,2967.5,2967.9,62
2026-07-22T19:26:00+00:00,2968.1,2968.6,2968.1,2968.2,43
2026-07-22T19:27:00+00:00,2968.2,2969.5,2968.0,2969.3,57
2026-07-22T19:28:00+00:00,2969.3,2970.2,2969.3,2969.8,108
2026-07-22T19:29:00+00:00,2970.0,2970.1,2969.1,2969.1,52
2026-07-22T19:30:00+00:00,2969.0,2969.4,2967.9,2967.9,97
2026-07-22T19:31:00+00:00,2968.3,2968.8,2967.8,2968.0,76
2026-07-22T19:32:00+00:00,2967.9,2968.8,2967.9,2968.2,68
2026-07-22T19:33:00+00:00,2968.3,2968.5,2968.2,2968.3,69
2026-07-22T19:34:00+00:00,2968.2,2968.3,2967.4,2968.3,94
2026-07-22T19:35:00+00:00,2968.2,2968.9,2968.1,2968.1,82
2026-07-22T19:36:00+00:00,2968.1,2968.5,2967.1,2967.2,295
2026-07-22T19:37:00+00:00,2967.3,2967.7,2967.0,2967.1,49
2026-07-22T19:38:00+00:00,2967.2,2967.2,2966.4,2966.7,246
2026-07-22T19:39:00+00:00,2966.3,2966.4,2965.5,2965.6,181
2026-07-22T19:40:00+00:00,2965.9,2966.6,2965.7,2966.1,110
2026-07-22T19:41:00+00:00,2966.4,2966.7,2965.7,2966.5,87
2026-07-22T19:42:00+00:00,2966.5,2967.9,2966.3,2967.6,203
2026-07-22T19:43:00+00:00,2967.8,2968.2,2967.3,2967.6,130
2026-07-22T19:44:00+00:00,2967.6,2968.0,2967.1,2967.2,57
2026-07-22T19:45:00+00:00,2967.3,2968.1,2966.5,2966.6,95
2026-07-22T19:46:00+00:00,2966.6,2967.0,2966.1,2966.1,114
2026-07-22T19:47:00+00:00,2966.0,2966.7,2966.0,2966.6,48
2026-07-22T19:48:00+00:00,2966.7,2967.6,2966.7,2967.6,69
2026-07-22T19:49:00+00:00,2967.7,2968.7,2967.7,2968.6,138
2026-07-22T19:50:00+00:00,2968.6,2969.9,2967.7,2968.4,466
2026-07-22T19:51:00+00:00,2968.3,2969.5,2967.2,2967.5,77
2026-07-22T19:52:00+00:00,2967.5,2968.5,2967.3,2968.0,94
2026-07-22T19:53:00+00:00,2967.9,2968.8,2967.7,2968.5,90
2026-07-22T19:54:00+00:00,2968.3,2969.6,2967.8,2969.3,175
2026-07-22T19:55:00+00:00,2969.3,2969.8,2967.6,2969.5,342
2026-07-22T19:56:00+00:00,2969.6,2969.7,2968.7,2969.5,142
2026-07-22T19:57:00+00:00,2969.2,2970.2,2969.2,2969.9,166
2026-07-22T19:58:00+00:00,2969.8,2971.3,2969.6,2970.4,450
2026-07-22T19:59:00+00:00,2970.4,2971.1,2968.5,2968.8,1948
2026-07-22T20:00:00+00:00,2968.9,2971.1,2968.5,2970.7,543
2026-07-22T20:01:00+00:00,2970.8,2971.5,2969.5,2971.3,578
2026-07-22T20:02:00+00:00,2970.9,2971.1,2969.1,2969.6,497
2026-07-22T20:03:00+00:00,2969.7,2970.6,2969.2,2969.8,161
2026-07-22T20:04:00+00:00,2970.2,2970.5,2969.7,2970.4,94
2026-07-22T20:05:00+00:00,2970.1,2970.3,2969.2,2969.6,97
2026-07-22T20:06:00+00:00,2969.6,2970.4,2969.4,2969.9,160
2026-07-22T20:07:00+00:00,2970.0,2970.6,2969.7,2970.5,99
2026-07-22T20:08:00+00:00,2970.4,2970.8,2968.7,2970.0,178
2026-07-22T20:09:00+00:00,2969.7,2969.7,2969.2,2969.2,39
2026-07-22T20:10:00+00:00,2969.2,2969.3,2968.8,2968.9,72
2026-07-22T20:11:00+00:00,2968.9,2969.8,2968.9,2969.7,45
2026-07-22T20:12:00+00:00,2969.8,2970.0,2969.3,2969.8,45
2026-07-22T20:13:00+00:00,2969.7,2970.7,2969.6,2970.5,72
2026-07-22T20:14:00+00:00,2970.6,2971.2,2970.6,2971.0,68
2026-07-22T20:15:00+00:00,2970.9,2972.1,2970.8,2971.7,117
2026-07-22T20:16:00+00:00,2971.8,2973.7,2971.5,2972.8,188
2026-07-22T20:17:00+00:00,2972.9,2973.0,2972.2,2972.6,30
2026-07-22T20:18:00+00:00,2972.7,2972.9,2972.2,2972.6,46
2026-07-22T20:19:00+00:00,2972.4,2972.7,2972.0,2972.3,80
2026-07-22T20:20:00+00:00,2972.0,2972.2,2971.8,2971.9,35
2026-07-22T20:21:00+00:00,2972.1,2972.4,2972.0,2972.0,25
2026-07-22T20:22:00+00:00,2972.2,2972.7,2972.2,2972.2,32
2026-07-22T20:23:00+00:00,2972.2,2972.5,2971.5,2972.0,42
2026-07-22T20:24:00+00:00,2972.0,2972.7,2972.0,2972.6,17
2026-07-22T20:25:00+00:00,2972.9,2973.0,2972.0,2972.1,57
2026-07-22T20:26:00+00:00,2971.9,2972.1,2971.6,2971.8,23
2026-07-22T20:27:00+00:00,2971.7,2972.3,2971.7,2972.0,33
2026-07-22T20:28:00+00:00,2972.1,2972.4,2971.9,2972.0,47
2026-07-22T20:29:00+00:00,2971.8,2972.6,2971.7,2972.6,31
2026-07-22T20:30:00+00:00,2972.7,2973.0,2972.3,2973.0,49
2026-07-22T20:31:00+00:00,2973.1,2973.7,2972.8,2973.7,34
2026-07-22T20:32:00+00:00,2973.4,2973.7,2973.0,2973.0,38
2026-07-22T20:33:00+00:00,2973.0,2973.0,2972.7,2972.8,36
2026-07-22T20:34:00+00:00,2972.7,2972.8,2972.3,2972.3,24
2026-07-22T20:35:00+00:00,2972.1,2972.2,2971.8,2972.0,22
2026-07-22T20:36:00+00:00,2971.8,2972.5,2971.8,2972.5,37
2026-07-22T20:37:00+00:00,2972.2,2972.7,2972.1,2972.3,48
2026-07-22T20:38:00+00:00,2972.4,2972.4,2971.9,2971.9,17
2026-07-22T20:39:00+00:00,2971.7,2972.4,2971.7,2972.2,22
2026-07-22T20:40:00+00:00,2972.2,2972.2,2972.0,2972.0,10
2026-07-22T20:41:00+00:00,2972.0,2972.0,2971.6,2971.9,18
2026-07-22T20:42:00+00:00,2972.1,2972.5,2971.9,2972.5,37
2026-07-22T20:43:00+00:00,2972.5,2972.5,2972.1,2972.1,69
2026-07-22T20:44:00+00:00,2972.1,2972.7,2972.0,2972.2,130
2026-07-22T20:45:00+00:00,2972.2,2972.2,2971.6,2972.1,30
2026-07-22T20:46:00+00:00,2972.1,2972.3,2971.9,2972.0,23
2026-07-22T20:47:00+00:00,2971.9,2972.4,2971.9,2972.4,14
2026-07-22T20:48:00+00:00,2972.3,2972.6,2972.1,2972.2,28
2026-07-22T20:49:00+00:00,2972.1,2972.4,2972.1,2972.2,13
2026-07-22T20:50:00+00:00,2972.1,2972.8,2972.1,2972.3,47
2026-07-22T20:51:00+00:00,2972.4,2972.6,2972.3,2972.3,28
2026-07-22T20:52:00+00:00,2972.4,2972.5,2972.3,2972.3,37
2026-07-22T20:53:00+00:00,2972.4,2972.5,2971.9,2972.0,48
2026-07-22T20:54:00+00:00,2972.0,2972.7,2972.0,2972.5,74
2026-07-22T20:55:00+00:00,2972.6,2972.8,2972.3,2972.6,48
2026-07-22T20:56:00+00:00,2972.7,2972.7,2972.6,2972.7,12
2026-07-22T20:57:00+00:00,2972.8,2973.0,2972.7,2973.0,14
2026-07-22T20:58:00+00:00,2972.9,2973.5,2972.8,2973.3,36
2026-07-22T20:59:00+00:00,2973.2,2973.4,2972.5,2973.3,98
2026-07-22T22:00:00+00:00,2973.9,2975.6,2971.7,2971.9,110
2026-07-22T22:01:00+00:00,2971.5,2972.6,2970.1,2970.2,64
2026-07-22T22:02:00+00:00,2970.2,2970.5,2969.3,2970.5,47
2026-07-22T22:03:00+00:00,2970.8,2972.7,2970.6,2971.0,14
2026-07-22T22:04:00+00:00,2970.5,2971.0,2970.5,2971.0,14
2026-07-22T22:05:00+00:00,2971.0,2972.4,2970.7,2972.3,16
2026-07-22T22:06:00+00:00,2972.3,2972.8,2971.8,2972.8,16
2026-07-22T22:07:00+00:00,2971.1,2971.5,2970.6,2971.0,6
2026-07-22T22:08:00+00:00,2971.5,2971.7,2971.1,2971.6,8
2026-07-22T22:09:00+00:00,2971.1,2971.1,2970.6,2971.1,14
2026-07-22T22:10:00+00:00,2970.6,2971.1,2969.9,2969.9,33
2026-07-22T22:11:00+00:00,2969.9,2969.9,2969.6,2969.9,15
2026-07-22T22:12:00+00:00,2970.1,2970.2,2969.7,2969.9,10
2026-07-22T22:13:00+00:00,2970.1,2970.2,2969.7,2970.1,9
2026-07-22T22:14:00+00:00,2970.1,2970.1,2969.4,2969.4,15
2026-07-22T22:15:00+00:00,2969.5,2970.1,2969.1,2969.7,22
2026-07-22T22:16:00+00:00,2969.1,2969.2,2968.9,2968.9,24
2026-07-22T22:17:00+00:00,2968.9,2968.9,2967.7,2968.0,32
2026-07-22T22:18:00+00:00,2968.2,2968.8,2968.2,2968.8,18
2026-07-22T22:19:00+00:00,2968.8,2968.8,2968.6,2968.8,7
2026-07-22T22:20:00+00:00,2968.3,2968.3,2968.3,2968.3,2
2026-07-22T22:21:00+00:00,2968.8,2969.0,2968.6,2968.8,10
2026-07-22T22:22:00+00:00,2968.7,2968.9,2968.3,2968.3,17
2026-07-22T22:23:00+00:00,2968.3,2968.6,2968.2,2968.2,12
2026-07-22T22:24:00+00:00,2968.3,2968.3,2967.9,2967.9,7
2026-07-22T22:25:00+00:00,2968.2,2968.3,2967.7,2967.7,15
2026-07-22T22:26:00+00:00,2967.9,2968.1,2967.9,2968.1,2
2026-07-22T22:27:00+00:00,2968.0,2968.0,2967.4,2967.6,15
2026-07-22T22:28:00+00:00,2967.3,2967.3,2966.3,2966.4,49
2026-07-22T22:29:00+00:00,2966.2,2966.5,2965.9,2966.3,73
2026-07-22T22:30:00+00:00,2966.1,2968.0,2966.1,2968.0,69
2026-07-22T22:31:00+00:00,2968.0,2968.0,2967.5,2967.7,17
2026-07-22T22:32:00+00:00,2967.0,2967.3,2967.0,2967.2,8
2026-07-22T22:33:00+00:00,2967.0,2967.1,2966.4,2966.4,14
2026-07-22T22:34:00+00:00,2966.4,2966.5,2966.0,2966.0,12
2026-07-22T22:35:00+00:00,2965.8,2966.1,2965.8,2966.1,18
2026-07-22T22:36:00+00:00,2966.2,2966.3,2965.0,2965.1,87
2026-07-22T22:37:00+00:00,2965.1,2965.4,2964.0,2964.1,53
2026-07-22T22:38:00+00:00,2964.2,2964.7,2963.8,2963.8,30
2026-07-22T22:39:00+00:00,2964.0,2964.1,2962.3,2962.8,90
2026-07-22T22:40:00+00:00,2962.6,2963.5,2962.6,2963.0,36
2026-07-22T22:41:00+00:00,2963.3,2963.3,2962.9,2962.9,13
2026-07-22T22:42:00+00:00,2963.3,2963.9,2963.3,2963.3,19
2026-07-22T22:43:00+00:00,2963.1,2963.4,2963.1,2963.4,7
2026-07-22T22:44:00+00:00,2963.7,2963.7,2963.5,2963.5,3
2026-07-22T22:45:00+00:00,2963.3,2963.7,2963.1,2963.6,24
2026-07-22T22:46:00+00:00,2963.7,2963.9,2963.5,2963.7,7
2026-07-22T22:47:00+00:00,2963.8,2963.8,2963.6,2963.8,11
2026-07-22T22:48:00+00:00,2963.9,2964.3,2962.8,2963.0,25
2026-07-22T22:49:00+00:00,2962.8,2963.4,2962.7,2963.4,50
2026-07-22T22:50:00+00:00,2963.6,2964.0,2963.4,2963.4,11
2026-07-22T22:51:00+00:00,2964.0,2964.1,2964.0,2964.1,10
2026-07-22T22:52:00+00:00,2964.2,2964.6,2964.2,2964.4,15
2026-07-22T22:53:00+00:00,2964.4,2964.9,2964.3,2964.6,19
2026-07-22T22:54:00+00:00,2965.0,2965.6,2965.0,2965.4,30
2026-07-22T22:55:00+00:00,2965.3,2965.3,2964.6,2965.1,11
2026-07-22T22:56:00+00:00,2965.1,2965.5,2965.0,2965.4,13
2026-07-22T22:57:00+00:00,2965.5,2965.8,2965.0,2965.0,22
2026-07-22T22:58:00+00:00,2964.9,2965.1,2964.8,2965.0,8
2026-07-22T22:59:00+00:00,2965.1,2965.2,2964.8,2965.0,10
2026-07-22T23:00:00+00:00,2965.0,2965.3,2964.6,2965.3,43
2026-07-22T23:01:00+00:00,2965.1,2965.3,2965.0,2965.1,11
2026-07-22T23:02:00+00:00,2965.1,2965.2,2964.4,2964.8,12
2026-07-22T23:03:00+00:00,2964.6,2964.6,2964.6,2964.6,1
2026-07-22T23:04:00+00:00,2964.7,2964.7,2963.2,2963.6,21
2026-07-22T23:05:00+00:00,2964.2,2964.2,2963.6,2963.6,12
2026-07-22T23:07:00+00:00,2963.8,2964.2,2963.8,2964.2,4
2026-07-22T23:08:00+00:00,2964.1,2964.1,2964.0,2964.0,4
2026-07-22T23:09:00+00:00,2963.9,2963.9,2963.7,2963.7,7
2026-07-22T23:10:00+00:00,2963.8,2964.5,2963.8,2964.5,26
2026-07-22T23:11:00+00:00,2964.5,2964.8,2964.3,2964.3,20
2026-07-22T23:12:00+00:00,2964.3,2965.0,2964.3,2964.9,12
2026-07-22T23:13:00+00:00,2965.0,2965.3,2964.9,2965.1,13
2026-07-22T23:14:00+00:00,2965.1,2965.1,2965.0,2965.0,8
2026-07-22T23:15:00+00:00,2965.0,2965.0,2964.7,2964.8,6
2026-07-22T23:16:00+00:00,2964.9,2964.9,2964.4,2964.4,13
2026-07-22T23:17:00+00:00,2964.2,2964.2,2963.6,2963.6,7
2026-07-22T23:18:00+00:00,2963.6,2963.6,2962.9,2963.4,28
2026-07-22T23:19:00+00:00,2963.4,2963.4,2962.9,2963.0,18
2026-07-22T23:20:00+00:00,2963.2,2963.5,2963.2,2963.5,3
2026-07-22T23:21:00+00:00,2963.5,2963.5,2963.2,2963.2,6
2026-07-22T23:23:00+00:00,2963.4,2963.6,2963.4,2963.6,2
2026-07-22T23:24:00+00:00,2963.6,2964.0,2963.6,2963.8,26
2026-07-22T23:25:00+00:00,2964.0,2964.0,2963.8,2963.8,10
2026-07-22T23:26:00+00:00,2963.7,2963.7,2963.5,2963.6,7
2026-07-22T23:28:00+00:00,2963.6,2963.7,2963.6,2963.6,4
2026-07-22T23:29:00+00:00,2963.5,2963.7,2963.4,2963.6,13
2026-07-22T23:30:00+00:00,2963.7,2964.2,2963.7,2964.1,21
2026-07-22T23:31:00+00:00,2964.2,2964.6,2964.2,2964.6,4
2026-07-22T23:32:00+00:00,2964.6,2964.9,2964.5,2964.5,6
2026-07-22T23:33:00+00:00,2964.8,2964.9,2964.8,2964.9,3
2026-07-22T23:34:00+00:00,2964.8,2965.0,2964.5,2964.5,15
2026-07-22T23:35:00+00:00,2964.6,2964.7,2964.6,2964.7,8
2026-07-22T23:36:00+00:00,2964.5,2964.6,2964.5,2964.6,9
2026-07-22T23:37:00+00:00,2965.0,2965.0,2965.0,2965.0,1
2026-07-22T23:38:00+00:00,2965.0,2965.0,2964.8,2964.8,3
2026-07-22T23:39:00+00:00,2964.9,2964.9,2964.9,2964.9,3
2026-07-22T23:40:00+00:00,2965.1,2965.5,2965.0,2965.5,23
2026-07-22T23:41:00+00:00,2965.4,2965.5,2965.2,2965.5,17
2026-07-22T23:42:00+00:00,2965.5,2965.5,2965.3,2965.3,16
2026-07-22T23:43:00+00:00,2965.2,2965.5,2964.8,2965.3,23
2026-07-22T23:44:00+00:00,2965.6,2965.6,2965.2,2965.3,4
2026-07-22T23:45:00+00:00,2965.1,2966.6,2965.0,2966.6,40
2026-07-22T23:46:00+00:00,2966.6,2967.2,2966.4,2966.7,52
2026-07-22T23:47:00+00:00,2966.7,2967.0,2966.7,2966.9,8
2026-07-22T23:48:00+00:00,2966.9,2967.8,2966.9,2967.7,42
2026-07-22T23:49:00+00:00,2967.7,2968.1,2967.0,2967.0,36
2026-07-22T23:50:00+00:00,2967.1,2967.1,2966.2,2966.9,44
2026-07-22T23:51:00+00:00,2966.9,2967.3,2966.9,2967.3,2
2026-07-22T23:52:00+00:00,2968.0,2968.0,2967.1,2967.2,7
2026-07-22T23:53:00+00:00,2966.8,2967.1,2966.8,2967.1,4
2026-07-22T23:54:00+00:00,2967.3,2967.3,2967.2,2967.2,2
2026-07-22T23:55:00+00:00,2967.4,2967.6,2967.1,2967.6,19
2026-07-22T23:57:00+00:00,2967.5,2967.9,2967.5,2967.7,14
2026-07-22T23:58:00+00:00,2968.1,2968.7,2968.1,2968.4,22
2026-07-22T23:59:00+00:00,2968.5,2968.7,2968.4,2968.7,6
2026-07-23T00:00:00+00:00,2968.7,2969.3,2967.8,2968.9,70
2026-07-23T00:01:00+00:00,2968.9,2969.6,2968.8,2969.6,52
2026-07-23T00:02:00+00:00,2969.6,2969.6,2968.5,2968.7,31
2026-07-23T00:03:00+00:00,2968.7,2970.0,2968.7,2969.9,49
2026-07-23T00:04:00+00:00,2969.9,2970.8,2969.9,2970.2,28
2026-07-23T00:05:00+00:00,2970.3,2970.6,2970.0,2970.0,20
2026-07-23T00:06:00+00:00,2970.1,2970.4,2969.9,2970.4,26
2026-07-23T00:07:00+00:00,2970.3,2970.5,2970.0,2970.5,8
2026-07-23T00:08:00+00:00,2970.7,2970.8,2970.3,2970.6,12
2026-07-23T00:09:00+00:00,2970.6,2970.9,2970.4,2970.4,51
2026-07-23T00:10:00+00:00,2970.3,2970.4,2969.9,2969.9,16
2026-07-23T00:11:00+00:00,2970.0,2970.4,2970.0,2970.2,11
2026-07-23T00:12:00+00:00,2970.0,2970.0,2969.4,2969.5,20
2026-07-23T00:13:00+00:00,2969.4,2969.6,2969.0,2969.3,21
2026-07-23T00:14:00+00:00,2969.7,2969.7,2969.6,2969.6,6
2026-07-23T00:15:00+00:00,2970.1,2970.1,2968.9,2969.2,53
2026-07-23T00:16:00+00:00,2969.2,2970.8,2969.1,2970.6,20
2026-07-23T00:17:00+00:00,2970.8,2972.1,2970.8,2971.7,71
2026-07-23T00:18:00+00:00,2971.5,2971.6,2971.3,2971.3,22
2026-07-23T00:19:00+00:00,2971.4,2971.5,2971.2,2971.3,24
2026-07-23T00:20:00+00:00,2971.5,2972.2,2971.5,2972.2,29
2026-07-23T00:21:00+00:00,2972.4,2972.7,2971.9,2972.2,21
2026-07-23T00:22:00+00:00,2972.2,2973.9,2972.2,2973.5,49
2026-07-23T00:23:00+00:00,2973.8,2973.8,2972.7,2972.7,20
2026-07-23T00:24:00+00:00,2972.8,2973.6,2972.8,2973.5,36
2026-07-23T00:25:00+00:00,2973.6,2974.0,2973.4,2974.0,63
2026-07-23T00:26:00+00:00,2974.3,2974.6,2973.9,2974.5,55
2026-07-23T00:27:00+00:00,2974.5,2975.1,2974.4,2974.8,74
2026-07-23T00:28:00+00:00,2974.7,2974.9,2973.9,2974.0,46
2026-07-23T00:29:00+00:00,2974.0,2974.0,2973.0,2973.1,63
2026-07-23T00:30:00+00:00,2973.2,2974.0,2973.2,2973.6,38
2026-07-23T00:31:00+00:00,2973.5,2973.5,2972.7,2973.0,39
2026-07-23T00:32:00+00:00,2972.9,2973.9,2972.9,2973.8,21
2026-07-23T00:33:00+00:00,2973.5,2973.8,2973.3,2973.8,15
2026-07-23T00:34:00+00:00,2973.8,2974.2,2973.5,2973.8,27
2026-07-23T00:35:00+00:00,2974.0,2974.4,2974.0,2974.1,10
2026-07-23T00:36:00+00:00,2973.9,2974.1,2973.8,2974.1,5
2026-07-23T00:37:00+00:00,2974.0,2974.1,2973.7,2974.1,9
2026-07-23T00:38:00+00:00,2974.4,2975.1,2973.9,2974.9,26
2026-07-23T00:39:00+00:00,2974.9,2974.9,2974.2,2974.5,18
2026-07-23T00:40:00+00:00,2974.9,2975.4,2974.2,2974.5,67
2026-07-23T00:41:00+00:00,2974.9,2975.0,2974.8,2974.9,5
2026-07-23T00:42:00+00:00,2975.3,2975.8,2974.8,2974.8,37
2026-07-23T00:43:00+00:00,2974.7,2975.6,2974.7,2975.2,10
2026-07-23T00:44:00+00:00,2975.1,2975.5,2975.1,2975.4,25
2026-07-23T00:45:00+00:00,2975.1,2976.0,2975.1,2976.0,35
2026-07-23T00:46:00+00:00,2976.1,2976.1,2975.2,2975.3,10
2026-07-23T00:47:00+00:00,2975.4,2975.6,2975.4,2975.5,6
2026-07-23T00:48:00+00:00,2975.4,2975.6,2975.4,2975.4,7
2026-07-23T00:49:00+00:00,2975.5,2975.6,2975.4,2975.4,20
2026-07-23T00:50:00+00:00,2975.3,2975.6,2975.0,2975.0,17
2026-07-23T00:51:00+00:00,2975.4,2977.0,2975.4,2976.8,84
2026-07-23T00:52:00+00:00,2976.7,2976.8,2976.2,2976.2,24
2026-07-23T00:53:00+00:00,2975.8,2976.1,2975.6,2976.1,50
2026-07-23T00:54:00+00:00,2976.0,2976.5,2975.9,2976.4,15
2026-07-23T00:55:00+00:00,2976.4,2976.5,2976.3,2976.5,15
2026-07-23T00:56:00+00:00,2976.5,2976.7,2976.3,2976.4,19
2026-07-23T00:57:00+00:00,2976.3,2976.8,2976.3,2976.6,18
2026-07-23T00:58:00+00:00,2976.9,2977.1,2976.5,2976.7,24
2026-07-23T00:59:00+00:00,2976.7,2976.7,2975.9,2976.1,14
2026-07-23T01:00:00+00:00,2976.3,2976.7,2975.3,2976.1,84
2026-07-23T01:01:00+00:00,2976.4,2977.5,2976.4,2977.2,33
2026-07-23T01:02:00+00:00,2977.3,2977.3,2977.0,2977.3,16
2026-07-23T01:03:00+00:00,2977.4,2977.9,2977.4,2977.8,19
2026-07-23T01:04:00+00:00,2977.8,2978.1,2977.4,2977.6,32
2026-07-23T01:05:00+00:00,2977.5,2978.0,2977.5,2977.9,27
2026-07-23T01:06:00+00:00,2977.5,2977.5,2976.9,2977.1,18
2026-07-23T01:07:00+00:00,2977.5,2977.8,2977.5,2977.8,9
2026-07-23T01:08:00+00:00,2978.0,2978.0,2977.6,2977.6,7
2026-07-23T01:09:00+00:00,2977.7,2978.0,2977.5,2978.0,18
2026-07-23T01:10:00+00:00,2978.4,2978.8,2978.1,2978.7,45
2026-07-23T01:11:00+00:00,2978.4,2978.5,2978.1,2978.3,17
2026-07-23T01:12:00+00:00,2978.6,2978.7,2978.3,2978.6,18
2026-07-23T01:13:00+00:00,2978.7,2978.8,2978.7,2978.8,11
2026-07-23T01:14:00+00:00,2978.7,2978.8,2978.5,2978.5,10
2026-07-23T01:15:00+00:00,2978.5,2978.5,2978.0,2978.3,20
2026-07-23T01:16:00+00:00,2978.1,2978.3,2977.6,2977.8,19
2026-07-23T01:17:00+00:00,2977.7,2978.0,2977.2,2977.3,32
2026-07-23T01:18:00+00:00,2977.4,2977.8,2977.3,2977.4,28
2026-07-23T01:19:00+00:00,2977.3,2977.3,2977.0,2977.1,7
2026-07-23T01:20:00+00:00,2977.0,2977.4,2976.7,2977.0,47
2026-07-23T01:21:00+00:00,2977.5,2978.0,2977.4,2977.5,26
2026-07-23T01:22:00+00:00,2977.3,2977.7,2977.3,2977.7,4
2026-07-23T01:23:00+00:00,2977.4,2977.5,2976.9,2977.1,39
2026-07-23T01:24:00+00:00,2977.0,2977.0,2976.9,2976.9,6
2026-07-23T01:25:00+00:00,2976.4,2976.5,2975.9,2976.5,52
2026-07-23T01:26:00+00:00,2976.4,2976.8,2976.1,2976.8,31
2026-07-23T01:27:00+00:00,2976.6,2977.2,2976.4,2977.2,24
2026-07-23T01:28:00+00:00,2977.1,2977.1,2976.5,2976.5,12
2026-07-23T01:29:00+00:00,2976.3,2976.3,2975.9,2976.1,20
2026-07-23T01:30:00+00:00,2976.2,2976.6,2973.7,2973.7,83
2026-07-23T01:31:00+00:00,2973.8,2974.3,2973.7,2974.0,39
2026-07-23T01:32:00+00:00,2974.1,2974.6,2974.1,2974.5,18
2026-07-23T01:33:00+00:00,2975.4,2975.8,2975.0,2975.8,11
2026-07-23T01:34:00+00:00,2975.8,2975.9,2975.5,2975.9,21
2026-07-23T01:35:00+00:00,2975.9,2975.9,2975.6,2975.6,11
2026-07-23T01:36:00+00:00,2975.6,2975.7,2975.4,2975.7,13
2026-07-23T01:37:00+00:00,2975.7,2976.4,2974.8,2974.8,11
2026-07-23T01:38:00+00:00,2974.7,2974.9,2974.7,2974.9,5
2026-07-23T01:39:00+00:00,2974.9,2975.2,2973.3,2973.3,38
2026-07-23T01:40:00+00:00,2973.3,2973.8,2972.9,2973.6,56
2026-07-23T01:41:00+00:00,2973.3,2973.9,2973.3,2973.7,20
2026-07-23T01:42:00+00:00,2973.6,2974.0,2973.6,2974.0,10
2026-07-23T01:43:00+00:00,2974.0,2974.2,2973.9,2974.2,19
2026-07-23T01:44:00+00:00,2974.0,2974.0,2973.1,2973.2,15
2026-07-23T01:45:00+00:00,2973.1,2973.7,2973.1,2973.5,26
2026-07-23T01:46:00+00:00,2973.2,2973.4,2973.2,2973.2,18
2026-07-23T01:47:00+00:00,2973.4,2973.5,2973.0,2973.1,8
2026-07-23T01:48:00+00:00,2972.9,2973.4,2972.5,2973.4,27
2026-07-23T01:49:00+00:00,2973.3,2973.5,2973.2,2973.4,11
2026-07-23T01:50:00+00:00,2973.5,2973.9,2973.4,2973.9,17
2026-07-23T01:51:00+00:00,2973.9,2974.6,2973.9,2974.5,23
2026-07-23T01:52:00+00:00,2974.5,2974.7,2973.9,2973.9,22
2026-07-23T01:53:00+00:00,2973.7,2973.8,2972.9,2973.2,25
2026-07-23T01:54:00+00:00,2973.4,2973.6,2973.4,2973.6,10
2026-07-23T01:55:00+00:00,2973.8,2973.8,2973.6,2973.8,11
2026-07-23T01:56:00+00:00,2973.8,2973.8,2973.5,2973.5,4
2026-07-23T01:57:00+00:00,2973.0,2973.0,2972.7,2972.7,9
2026-07-23T01:58:00+00:00,2972.6,2972.7,2971.9,2972.2,34
2026-07-23T01:59:00+00:00,2972.2,2972.3,2971.6,2971.6,17
2026-07-23T02:00:00+00:00,2971.9,2972.2,2971.6,2971.8,29
2026-07-23T02:01:00+00:00,2971.9,2972.5,2971.9,2972.4,10
2026-07-23T02:02:00+00:00,2972.7,2972.9,2972.7,2972.8,11
2026-07-23T02:03:00+00:00,2972.7,2972.7,2971.9,2972.1,19
2026-07-23T02:04:00+00:00,2972.2,2973.5,2972.2,2973.5,9
2026-07-23T02:05:00+00:00,2973.5,2973.5,2972.8,2972.8,9
2026-07-23T02:06:00+00:00,2973.6,2973.6,2973.1,2973.1,7
2026-07-23T02:07:00+00:00,2973.1,2973.3,2972.9,2973.0,10
2026-07-23T02:08:00+00:00,2972.9,2972.9,2972.7,2972.8,6
2026-07-23T02:09:00+00:00,2972.6,2972.6,2972.2,2972.2,7
2026-07-23T02:10:00+00:00,2972.2,2972.2,2971.9,2972.1,10
2026-07-23T02:11:00+00:00,2972.0,2972.3,2972.0,2972.3,16
2026-07-23T02:12:00+00:00,2972.1,2972.1,2971.4,2971.6,16
2026-07-23T02:13:00+00:00,2971.8,2971.9,2971.6,2971.9,12
2026-07-23T02:14:00+00:00,2971.9,2971.9,2971.3,2971.3,7
2026-07-23T02:15:00+00:00,2971.2,2971.9,2971.2,2971.9,9
2026-07-23T02:16:00+00:00,2972.0,2972.0,2971.7,2971.8,6
2026-07-23T02:17:00+00:00,2971.6,2971.6,2971.1,2971.3,8
2026-07-23T02:18:00+00:00,2970.8,2971.0,2970.2,2970.4,42
2026-07-23T02:19:00+00:00,2970.6,2970.6,2970.3,2970.4,9
2026-07-23T02:20:00+00:00,2970.3,2970.3,2969.9,2970.1,23
2026-07-23T02:21:00+00:00,2970.2,2970.3,2969.6,2969.6,22
2026-07-23T02:22:00+00:00,2969.8,2970.2,2969.8,2969.9,11
2026-07-23T02:23:00+00:00,2970.1,2970.1,2969.8,2969.9,12
2026-07-23T02:24:00+00:00,2970.0,2970.2,2969.8,2969.9,24
2026-07-23T02:25:00+00:00,2969.8,2969.9,2969.3,2969.3,17
2026-07-23T02:26:00+00:00,2969.4,2970.2,2969.4,2969.9,15
2026-07-23T02:27:00+00:00,2969.7,2969.8,2969.5,2969.6,11
2026-07-23T02:28:00+00:00,2969.7,2970.0,2969.7,2969.9,15
2026-07-23T02:29:00+00:00,2969.9,2970.1,2969.9,2970.1,8
2026-07-23T02:30:00+00:00,2970.2,2970.6,2969.9,2970.6,37
2026-07-23T02:31:00+00:00,2970.7,2970.9,2970.7,2970.9,11
2026-07-23T02:32:00+00:00,2970.9,2971.7,2970.9,2971.2,45
2026-07-23T02:33:00+00:00,2971.3,2971.8,2971.1,2971.8,8
2026-07-23T02:34:00+00:00,2971.8,2972.0,2971.5,2971.6,22
2026-07-23T02:35:00+00:00,2971.5,2971.7,2970.9,2970.9,7
2026-07-23T02:36:00+00:00,2970.8,2971.1,2970.8,2970.8,9
2026-07-23T02:37:00+00:00,2971.0,2971.0,2970.0,2970.3,25
2026-07-23T02:38:00+00:00,2970.2,2970.2,2969.4,2969.6,23
2026-07-23T02:39:00+00:00,2969.7,2970.0,2969.7,2970.0,8
2026-07-23T02:40:00+00:00,2970.0,2970.0,2970.0,2970.0,3
2026-07-23T02:41:00+00:00,2969.8,2970.8,2969.8,2970.6,15
2026-07-23T02:42:00+00:00,2970.7,2970.7,2970.6,2970.7,5
2026-07-23T02:43:00+00:00,2970.4,2970.5,2970.2,2970.3,11
2026-07-23T02:44:00+00:00,2970.3,2970.5,2970.2,2970.5,20
2026-07-23T02:45:00+00:00,2970.4,2970.9,2970.4,2970.9,9
2026-07-23T02:46:00+00:00,2970.8,2971.0,2970.8,2970.9,9
2026-07-23T02:47:00+00:00,2970.7,2970.9,2970.7,2970.9,7
2026-07-23T02:48:00+00:00,2970.6,2971.1,2970.6,2971.1,3
2026-07-23T02:49:00+00:00,2971.0,2971.0,2970.2,2970.2,5
2026-07-23T02:50:00+00:00,2970.0,2970.3,2969.9,2970.1,9
2026-07-23T02:51:00+00:00,2970.4,2970.7,2970.3,2970.7,3
2026-07-23T02:52:00+00:00,2971.2,2971.2,2971.0,2971.1,8
2026-07-23T02:53:00+00:00,2971.1,2971.3,2971.1,2971.3,6
2026-07-23T02:54:00+00:00,2971.4,2971.6,2971.2,2971.4,15
2026-07-23T02:55:00+00:00,2971.4,2971.7,2971.4,2971.5,9
2026-07-23T02:56:00+00:00,2971.5,2971.6,2971.4,2971.4,17
2026-07-23T02:57:00+00:00,2971.3,2971.6,2971.3,2971.6,4
2026-07-23T02:58:00+00:00,2971.8,2971.9,2971.8,2971.8,8
2026-07-23T02:59:00+00:00,2971.5,2971.7,2971.4,2971.7,14
2026-07-23T03:00:00+00:00,2971.8,2971.9,2970.9,2971.0,20
2026-07-23T03:01:00+00:00,2970.9,2970.9,2970.2,2970.4,13
2026-07-23T03:02:00+00:00,2970.8,2970.8,2970.8,2970.8,5
2026-07-23T03:03:00+00:00,2970.2,2970.2,2969.7,2969.9,21
2026-07-23T03:04:00+00:00,2969.9,2970.0,2969.5,2969.5,15
2026-07-23T03:05:00+00:00,2969.3,2969.5,2969.2,2969.4,21
2026-07-23T03:06:00+00:00,2969.2,2969.4,2969.2,2969.4,2
2026-07-23T03:07:00+00:00,2969.5,2969.5,2968.9,2968.9,17
2026-07-23T03:08:00+00:00,2969.0,2969.0,2967.7,2967.7,33
2026-07-23T03:09:00+00:00,2967.8,2968.1,2967.8,2967.8,18
2026-07-23T03:10:00+00:00,2968.1,2968.1,2967.3,2967.4,18
2026-07-23T03:11:00+00:00,2967.2,2967.5,2966.8,2967.5,21
2026-07-23T03:12:00+00:00,2967.6,2967.6,2967.4,2967.4,11
2026-07-23T03:13:00+00:00,2967.3,2967.3,2966.2,2966.8,49
2026-07-23T03:14:00+00:00,2967.1,2967.1,2966.7,2966.7,7
2026-07-23T03:15:00+00:00,2966.7,2966.9,2966.7,2966.7,7
2026-07-23T03:16:00+00:00,2966.2,2966.9,2965.8,2965.9,23
2026-07-23T03:17:00+00:00,2966.2,2966.5,2966.2,2966.4,10
2026-07-23T03:18:00+00:00,2966.8,2966.9,2966.6,2966.6,12
2026-07-23T03:19:00+00:00,2966.3,2966.6,2966.3,2966.6,9
2026-07-23T03:20:00+00:00,2967.1,2967.3,2966.7,2967.0,18
2026-07-23T03:21:00+00:00,2967.5,2967.8,2967.0,2967.0,25
2026-07-23T03:22:00+00:00,2966.9,2966.9,2966.7,2966.7,14
2026-07-23T03:23:00+00:00,2966.8,2967.2,2966.8,2966.9,14
2026-07-23T03:24:00+00:00,2966.7,2966.9,2966.7,2966.7,5
2026-07-23T03:25:00+00:00,2966.7,2966.7,2965.8,2965.8,15
2026-07-23T03:26:00+00:00,2966.2,2966.3,2966.1,2966.3,4
2026-07-23T03:27:00+00:00,2966.4,2966.9,2966.4,2966.7,50
2026-07-23T03:28:00+00:00,2966.6,2967.4,2966.6,2967.4,13
2026-07-23T03:29:00+00:00,2967.3,2967.4,2967.0,2967.2,12
2026-07-23T03:30:00+00:00,2967.4,2968.6,2967.2,2968.6,42
2026-07-23T03:31:00+00:00,2967.8,2968.0,2967.0,2967.0,19
2026-07-23T03:32:00+00:00,2966.5,2967.4,2966.5,2967.1,14
2026-07-23T03:33:00+00:00,2967.2,2967.4,2967.1,2967.1,6
2026-07-23T03:34:00+00:00,2966.8,2967.2,2966.8,2967.2,3
2026-07-23T03:35:00+00:00,2967.2,2967.2,2967.2,2967.2,1
2026-07-23T03:36:00+00:00,2967.7,2967.9,2967.7,2967.9,3
2026-07-23T03:37:00+00:00,2968.1,2968.4,2968.1,2968.1,4
2026-07-23T03:38:00+00:00,2968.3,2968.3,2968.3,2968.3,1
2026-07-23T03:39:00+00:00,2968.5,2969.0,2968.5,2969.0,14
2026-07-23T03:40:00+00:00,2968.9,2969.3,2968.9,2969.2,21
2026-07-23T03:41:00+00:00,2969.1,2969.9,2969.1,2969.3,21
2026-07-23T03:42:00+00:00,2969.5,2969.5,2969.1,2969.1,2
2026-07-23T03:43:00+00:00,2969.2,2969.7,2969.2,2969.7,6
2026-07-23T03:44:00+00:00,2969.9,2970.2,2969.8,2970.2,10
2026-07-23T03:45:00+00:00,2970.2,2970.5,2970.1,2970.5,8
2026-07-23T03:46:00+00:00,2970.2,2970.2,2969.4,2969.4,6
2026-07-23T03:47:00+00:00,2969.6,2970.0,2969.6,2970.0,4
2026-07-23T03:48:00+00:00,2969.9,2970.3,2969.9,2970.3,4
2026-07-23T03:50:00+00:00,2970.3,2970.5,2970.3,2970.5,3
2026-07-23T03:51:00+00:00,2970.6,2970.6,2970.1,2970.1,4
2026-07-23T03:52:00+00:00,2970.3,2970.5,2970.3,2970.5,2
2026-07-23T03:53:00+00:00,2970.3,2970.3,2970.3,2970.3,1
2026-07-23T03:54:00+00:00,2970.3,2970.3,2970.1,2970.1,6
2026-07-23T03:55:00+00:00,2970.0,2970.0,2970.0,2970.0,1
2026-07-23T03:56:00+00:00,2969.8,2969.8,2969.6,2969.6,4
2026-07-23T03:57:00+00:00,2969.7,2969.7,2969.6,2969.6,3
2026-07-23T03:58:00+00:00,2969.4,2969.6,2969.2,2969.6,4
2026-07-23T03:59:00+00:00,2969.3,2969.3,2969.2,2969.2,2
2026-07-23T04:00:00+00:00,2968.8,2968.8,2968.3,2968.7,20
2026-07-23T04:01:00+00:00,2968.8,2968.9,2968.8,2968.9,9
2026-07-23T04:02:00+00:00,2968.7,2969.0,2968.7,2969.0,4
2026-07-23T04:03:00+00:00,2969.0,2969.2,2969.0,2969.0,4
2026-07-23T04:04:00+00:00,2968.7,2968.7,2968.6,2968.6,2
2026-07-23T04:05:00+00:00,2968.3,2968.3,2967.7,2967.7,12
2026-07-23T04:06:00+00:00,2967.5,2967.5,2967.2,2967.2,11
2026-07-23T04:07:00+00:00,2967.3,2967.3,2966.8,2967.0,13
2026-07-23T04:08:00+00:00,2967.1,2968.7,2967.0,2968.7,38
2026-07-23T04:09:00+00:00,2968.6,2968.7,2968.2,2968.2,13
2026-07-23T04:11:00+00:00,2968.2,2968.4,2968.2,2968.4,7
2026-07-23T04:12:00+00:00,2968.3,2968.6,2968.0,2968.6,5
2026-07-23T04:13:00+00:00,2969.3,2969.6,2969.2,2969.6,10
2026-07-23T04:14:00+00:00,2969.9,2970.1,2969.9,2970.1,7
2026-07-23T04:15:00+00:00,2970.3,2970.4,2970.3,2970.4,4
2026-07-23T04:16:00+00:00,2970.2,2970.5,2969.8,2969.8,39
2026-07-23T04:17:00+00:00,2969.4,2969.6,2969.4,2969.6,2
2026-07-23T04:18:00+00:00,2969.3,2969.7,2969.2,2969.5,10
2026-07-23T04:19:00+00:00,2969.5,2969.5,2969.3,2969.3,7
2026-07-23T04:20:00+00:00,2969.7,2969.7,2969.7,2969.7,1
2026-07-23T04:21:00+00:00,2969.5,2970.0,2969.5,2969.9,3
2026-07-23T04:22:00+00:00,2970.1,2970.7,2969.9,2970.7,8
2026-07-23T04:23:00+00:00,2970.7,2970.8,2970.6,2970.6,6
2026-07-23T04:24:00+00:00,2970.6,2970.6,2970.5,2970.5,3
2026-07-23T04:25:00+00:00,2970.4,2971.8,2970.4,2971.7,44
2026-07-23T04:26:00+00:00,2971.8,2971.9,2971.6,2971.6,15
2026-07-23T04:27:00+00:00,2971.6,2971.6,2971.3,2971.5,18
2026-07-23T04:28:00+00:00,2971.0,2971.0,2970.1,2970.2,11
2026-07-23T04:29:00+00:00,2970.4,2971.5,2970.3,2971.3,42
2026-07-23T04:30:00+00:00,2971.2,2971.5,2970.9,2971.0,23
2026-07-23T04:31:00+00:00,2971.0,2971.0,2970.8,2971.0,3
2026-07-23T04:32:00+00:00,2970.4,2970.8,2970.4,2970.8,4
2026-07-23T04:33:00+00:00,2970.8,2970.9,2970.8,2970.8,6
2026-07-23T04:34:00+00:00,2971.0,2971.3,2971.0,2971.2,5
2026-07-23T04:35:00+00:00,2971.6,2971.6,2971.5,2971.5,2
2026-07-23T04:36:00+00:00,2970.9,2971.2,2970.9,2971.2,16
2026-07-23T04:37:00+00:00,2971.5,2971.5,2971.3,2971.3,16
2026-07-23T04:38:00+00:00,2971.4,2971.4,2971.4,2971.4,2
2026-07-23T04:39:00+00:00,2971.2,2971.4,2971.2,2971.4,4
2026-07-23T04:41:00+00:00,2971.3,2971.3,2970.6,2970.6,5
2026-07-23T04:42:00+00:00,2970.5,2970.7,2970.3,2970.4,6
2026-07-23T04:43:00+00:00,2970.1,2970.1,2969.6,2969.6,8
2026-07-23T04:44:00+00:00,2969.6,2970.1,2969.6,2970.1,12
2026-07-23T04:45:00+00:00,2969.7,2970.0,2969.6,2970.0,13
2026-07-23T04:46:00+00:00,2970.8,2970.8,2970.5,2970.5,3
2026-07-23T04:47:00+00:00,2970.4,2970.6,2970.4,2970.6,4
2026-07-23T04:48:00+00:00,2970.2,2970.2,2970.0,2970.0,2
2026-07-23T04:49:00+00:00,2969.4,2969.4,2968.9,2968.9,18
2026-07-23T04:50:00+00:00,2968.8,2969.0,2968.7,2968.7,14
2026-07-23T04:51:00+00:00,2968.6,2968.8,2968.3,2968.3,13
2026-07-23T04:52:00+00:00,2968.7,2968.7,2968.2,2968.2,3
2026-07-23T04:53:00+00:00,2968.1,2968.2,2967.8,2968.2,6
2026-07-23T04:54:00+00:00,2968.1,2968.1,2968.1,2968.1,2
2026-07-23T04:55:00+00:00,2968.1,2968.3,2967.6,2968.0,37
2026-07-23T04:56:00+00:00,2967.9,2968.1,2967.8,2967.8,5
2026-07-23T04:57:00+00:00,2968.1,2968.5,2968.1,2968.5,2
2026-07-23T04:58:00+00:00,2968.6,2968.7,2968.6,2968.7,6
2026-07-23T04:59:00+00:00,2968.3,2968.3,2968.3,2968.3,6
2026-07-23T05:00:00+00:00,2968.3,2968.7,2968.1,2968.1,17
2026-07-23T05:01:00+00:00,2967.6,2967.8,2967.6,2967.8,3
2026-07-23T05:02:00+00:00,2967.9,2967.9,2967.9,2967.9,1
2026-07-23T05:03:00+00:00,2967.8,2967.8,2967.8,2967.8,2
2026-07-23T05:04:00+00:00,2967.4,2967.4,2967.4,2967.4,3
2026-07-23T05:05:00+00:00,2967.7,2967.7,2967.6,2967.6,9
2026-07-23T05:06:00+00:00,2967.6,2967.6,2967.6,2967.6,1
2026-07-23T05:07:00+00:00,2967.8,2967.9,2967.6,2967.6,7
2026-07-23T05:08:00+00:00,2967.8,2967.8,2967.7,2967.7,2
2026-07-23T05:09:00+00:00,2967.7,2967.9,2967.7,2967.9,2
2026-07-23T05:10:00+00:00,2968.0,2968.0,2967.8,2967.9,10
2026-07-23T05:11:00+00:00,2967.5,2967.5,2967.2,2967.2,15
2026-07-23T05:12:00+00:00,2967.0,2967.5,2967.0,2967.5,20
2026-07-23T05:13:00+00:00,2968.0,2968.0,2967.9,2967.9,3
2026-07-23T05:14:00+00:00,2968.6,2968.7,2968.3,2968.7,6
2026-07-23T05:15:00+00:00,2968.7,2968.8,2968.4,2968.8,8
2026-07-23T05:16:00+00:00,2968.8,2968.8,2968.2,2968.2,3
2026-07-23T05:17:00+00:00,2968.2,2968.2,2968.2,2968.2,1
2026-07-23T05:18:00+00:00,2968.8,2968.8,2968.7,2968.7,3
2026-07-23T05:19:00+00:00,2968.0,2968.2,2968.0,2968.2,9
2026-07-23T05:20:00+00:00,2969.0,2969.2,2969.0,2969.1,7
2026-07-23T05:21:00+00:00,2969.4,2969.8,2969.3,2969.8,19
2026-07-23T05:22:00+00:00,2969.8,2969.8,2969.1,2969.1,12
2026-07-23T05:23:00+00:00,2968.6,2968.6,2968.5,2968.6,12
2026-07-23T05:24:00+00:00,2967.9,2969.3,2967.9,2969.3,6
2026-07-23T05:25:00+00:00,2969.3,2970.2,2969.3,2969.8,21
2026-07-23T05:26:00+00:00,2970.1,2971.0,2970.1,2971.0,13
2026-07-23T05:27:00+00:00,2971.1,2971.2,2970.9,2971.2,9
2026-07-23T05:28:00+00:00,2970.9,2971.2,2970.9,2971.0,11
2026-07-23T05:29:00+00:00,2971.2,2972.2,2971.2,2972.2,46
2026-07-23T05:30:00+00:00,2972.2,2973.4,2972.1,2973.2,54
2026-07-23T05:31:00+00:00,2973.4,2973.4,2973.1,2973.3,10
2026-07-23T05:32:00+00:00,2973.1,2973.4,2973.1,2973.4,5
2026-07-23T05:33:00+00:00,2972.8,2973.0,2972.5,2972.5,13
2026-07-23T05:34:00+00:00,2972.1,2972.1,2971.9,2972.1,7
2026-07-23T05:35:00+00:00,2972.0,2972.0,2971.5,2971.9,9
2026-07-23T05:36:00+00:00,2971.8,2971.9,2971.8,2971.9,3
2026-07-23T05:37:00+00:00,2971.8,2971.8,2971.8,2971.8,2
2026-07-23T05:38:00+00:00,2971.7,2971.7,2970.6,2970.7,10
2026-07-23T05:39:00+00:00,2970.3,2970.6,2969.9,2969.9,16
2026-07-23T05:40:00+00:00,2970.2,2970.4,2969.9,2970.4,7
2026-07-23T05:41:00+00:00,2970.4,2970.6,2970.4,2970.5,5
2026-07-23T05:42:00+00:00,2970.4,2970.4,2970.4,2970.4,4
2026-07-23T05:43:00+00:00,2969.8,2969.8,2969.3,2969.3,6
2026-07-23T05:44:00+00:00,2969.2,2970.0,2969.2,2970.0,8
2026-07-23T05:45:00+00:00,2969.8,2969.9,2969.7,2969.9,5
2026-07-23T05:47:00+00:00,2969.5,2969.6,2969.5,2969.6,3
2026-07-23T05:48:00+00:00,2969.0,2969.0,2968.5,2968.7,24
2026-07-23T05:49:00+00:00,2968.4,2968.8,2968.4,2968.8,2
2026-07-23T05:50:00+00:00,2968.1,2968.4,2967.6,2968.4,17
2026-07-23T05:51:00+00:00,2968.6,2968.6,2968.2,2968.2,7
2026-07-23T05:52:00+00:00,2967.9,2968.1,2967.8,2968.0,8
2026-07-23T05:53:00+00:00,2967.6,2967.8,2967.6,2967.8,4
2026-07-23T05:54:00+00:00,2967.5,2967.5,2966.3,2966.3,31
2026-07-23T05:55:00+00:00,2966.3,2967.4,2966.3,2967.1,20
2026-07-23T05:56:00+00:00,2967.3,2967.4,2967.2,2967.2,4
2026-07-23T05:57:00+00:00,2967.7,2967.7,2967.2,2967.2,3
2026-07-23T05:58:00+00:00,2966.9,2966.9,2966.8,2966.8,7
2026-07-23T05:59:00+00:00,2966.8,2966.8,2966.2,2966.2,2
2026-07-23T06:00:00+00:00,2966.6,2967.1,2966.4,2967.0,27
2026-07-23T06:01:00+00:00,2967.6,2968.5,2967.6,2968.1,26
2026-07-23T06:02:00+00:00,2967.9,2967.9,2967.5,2967.5,6
2026-07-23T06:03:00+00:00,2967.3,2967.5,2967.3,2967.5,3
2026-07-23T06:04:00+00:00,2967.5,2967.6,2967.5,2967.6,6
2026-07-23T06:05:00+00:00,2967.8,2968.1,2967.7,2967.8,6
2026-07-23T06:06:00+00:00,2967.9,2967.9,2966.9,2966.9,10
2026-07-23T06:07:00+00:00,2967.0,2967.0,2966.6,2966.6,6
2026-07-23T06:08:00+00:00,2966.9,2966.9,2966.8,2966.8,3
2026-07-23T06:09:00+00:00,2966.9,2967.1,2966.6,2966.6,18
2026-07-23T06:10:00+00:00,2966.8,2967.4,2966.8,2967.2,8
2026-07-23T06:11:00+00:00,2966.9,2967.2,2966.8,2967.1,8
2026-07-23T06:12:00+00:00,2967.2,2967.2,2966.8,2967.0,9
2026-07-23T06:14:00+00:00,2967.9,2968.0,2967.7,2967.7,5
2026-07-23T06:15:00+00:00,2967.4,2967.7,2967.4,2967.7,2
2026-07-23T06:16:00+00:00,2967.1,2967.3,2966.8,2967.3,17
2026-07-23T06:17:00+00:00,2967.3,2968.2,2967.3,2967.9,8
2026-07-23T06:18:00+00:00,2968.1,2968.1,2967.7,2967.7,8
2026-07-23T06:19:00+00:00,2967.6,2968.3,2967.5,2968.1,11
2026-07-23T06:20:00+00:00,2968.4,2968.5,2968.0,2968.1,8
2026-07-23T06:21:00+00:00,2968.3,2968.3,2968.2,2968.3,5
2026-07-23T06:22:00+00:00,2968.0,2968.0,2967.5,2967.5,12
2026-07-23T06:23:00+00:00,2967.6,2967.7,2967.4,2967.7,4
2026-07-23T06:24:00+00:00,2968.3,2968.3,2968.1,2968.3,4
2026-07-23T06:25:00+00:00,2968.2,2969.0,2968.2,2968.9,22
2026-07-23T06:27:00+00:00,2968.4,2968.4,2968.2,2968.4,9
2026-07-23T06:28:00+00:00,2968.8,2968.8,2968.7,2968.7,2
2026-07-23T06:29:00+00:00,2968.8,2969.3,2968.6,2968.9,68
2026-07-23T06:30:00+00:00,2969.2,2969.4,2968.9,2968.9,20
2026-07-23T06:31:00+00:00,2968.6,2968.6,2968.3,2968.3,6
2026-07-23T06:32:00+00:00,2968.4,2968.5,2968.2,2968.3,7
2026-07-23T06:33:00+00:00,2968.1,2968.3,2968.0,2968.0,18
2026-07-23T06:34:00+00:00,2967.9,2967.9,2967.4,2967.9,17
2026-07-23T06:35:00+00:00,2968.1,2968.1,2967.4,2967.6,14
2026-07-23T06:36:00+00:00,2967.8,2967.9,2967.8,2967.9,10
2026-07-23T06:37:00+00:00,2967.5,2967.5,2967.5,2967.5,2
2026-07-23T06:38:00+00:00,2967.5,2967.7,2967.4,2967.7,19
2026-07-23T06:39:00+00:00,2967.6,2967.6,2967.5,2967.5,11
2026-07-23T06:40:00+00:00,2967.6,2967.7,2967.3,2967.7,23
2026-07-23T06:41:00+00:00,2967.2,2967.2,2966.9,2966.9,20
2026-07-23T06:42:00+00:00,2967.1,2967.4,2967.1,2967.4,5
2026-07-23T06:43:00+00:00,2967.4,2967.8,2967.4,2967.6,9
2026-07-23T06:44:00+00:00,2967.5,2967.5,2966.7,2966.7,15
2026-07-23T06:45:00+00:00,2966.7,2967.3,2966.6,2967.3,18
2026-07-23T06:46:00+00:00,2967.3,2969.0,2967.3,2969.0,8
2026-07-23T06:47:00+00:00,2968.7,2969.0,2968.7,2968.8,9
2026-07-23T06:48:00+00:00,2968.5,2968.6,2968.5,2968.6,5
2026-07-23T06:49:00+00:00,2968.5,2968.5,2968.2,2968.3,11
2026-07-23T06:50:00+00:00,2968.1,2968.2,2968.1,2968.2,5
2026-07-23T06:51:00+00:00,2968.1,2968.1,2967.3,2967.3,8
2026-07-23T06:52:00+00:00,2966.5,2966.5,2966.2,2966.4,7
2026-07-23T06:53:00+00:00,2966.7,2966.8,2966.7,2966.8,7
2026-07-23T06:54:00+00:00,2966.8,2967.2,2966.5,2966.9,31
2026-07-23T06:55:00+00:00,2966.9,2967.0,2966.6,2966.6,6
2026-07-23T06:56:00+00:00,2966.7,2966.9,2966.7,2966.8,5
2026-07-23T06:57:00+00:00,2966.8,2967.0,2966.8,2967.0,4
2026-07-23T06:58:00+00:00,2967.0,2967.0,2966.3,2966.3,8
2026-07-23T06:59:00+00:00,2966.3,2966.3,2966.1,2966.1,11
2026-07-23T07:00:00+00:00,2966.1,2966.1,2964.0,2964.0,124
2026-07-23T07:01:00+00:00,2964.1,2964.1,2963.0,2963.1,59
2026-07-23T07:02:00+00:00,2963.6,2965.9,2963.6,2965.6,37
2026-07-23T07:03:00+00:00,2965.7,2966.2,2965.7,2965.9,23
2026-07-23T07:04:00+00:00,2965.9,2965.9,2964.5,2965.4,27
2026-07-23T07:05:00+00:00,2965.4,2966.3,2965.2,2965.3,84
2026-07-23T07:06:00+00:00,2965.0,2965.0,2964.4,2964.7,23
2026-07-23T07:07:00+00:00,2964.8,2964.9,2964.5,2964.5,6
2026-07-23T07:08:00+00:00,2964.2,2964.5,2964.0,2964.1,21
2026-07-23T07:09:00+00:00,2963.7,2964.0,2963.2,2963.5,20
2026-07-23T07:10:00+00:00,2963.6,2963.6,2960.5,2960.6,197
2026-07-23T07:11:00+00:00,2960.4,2960.6,2959.0,2959.0,211
2026-07-23T07:12:00+00:00,2958.6,2959.4,2957.0,2957.1,72
2026-07-23T07:13:00+00:00,2957.2,2958.5,2956.9,2958.3,49
2026-07-23T07:14:00+00:00,2958.3,2961.1,2958.3,2960.9,84
2026-07-23T07:15:00+00:00,2961.0,2961.9,2961.0,2961.7,30
2026-07-23T07:16:00+00:00,2961.4,2962.7,2961.2,2962.7,38
2026-07-23T07:17:00+00:00,2962.7,2962.7,2961.7,2962.5,11
2026-07-23T07:18:00+00:00,2962.8,2962.8,2961.8,2962.4,5
2026-07-23T07:19:00+00:00,2962.7,2963.2,2961.9,2963.0,67
2026-07-23T07:20:00+00:00,2963.3,2964.2,2962.9,2964.2,38
2026-07-23T07:21:00+00:00,2964.1,2964.4,2963.4,2964.0,27
2026-07-23T07:22:00+00:00,2963.9,2964.4,2963.5,2963.7,32
2026-07-23T07:23:00+00:00,2963.7,2964.5,2963.7,2964.4,18
2026-07-23T07:24:00+00:00,2964.3,2964.3,2963.3,2963.5,12
2026-07-23T07:25:00+00:00,2963.1,2965.3,2963.1,2965.3,16
2026-07-23T07:26:00+00:00,2965.1,2966.1,2965.0,2965.5,41
2026-07-23T07:27:00+00:00,2965.7,2966.1,2965.4,2965.4,12
2026-07-23T07:28:00+00:00,2965.0,2965.7,2964.8,2964.8,19
2026-07-23T07:29:00+00:00,2964.7,2964.7,2963.9,2963.9,17
2026-07-23T07:30:00+00:00,2963.9,2963.9,2963.1,2963.1,14
2026-07-23T07:31:00+00:00,2962.8,2962.8,2962.0,2962.4,13
2026-07-23T07:32:00+00:00,2962.3,2962.5,2961.5,2961.6,9
2026-07-23T07:33:00+00:00,2962.0,2962.3,2961.5,2961.8,20
2026-07-23T07:34:00+00:00,2961.6,2961.7,2960.3,2960.4,20
2026-07-23T07:35:00+00:00,2960.7,2960.9,2960.4,2960.7,11
2026-07-23T07:36:00+00:00,2960.9,2962.1,2960.6,2962.1,16
2026-07-23T07:37:00+00:00,2961.6,2961.6,2961.3,2961.6,10
2026-07-23T07:38:00+00:00,2961.5,2962.2,2961.2,2961.2,16
2026-07-23T07:39:00+00:00,2961.4,2961.4,2960.8,2960.8,16
2026-07-23T07:40:00+00:00,2960.9,2961.3,2960.6,2960.6,10
2026-07-23T07:41:00+00:00,2960.7,2960.7,2960.6,2960.6,6
2026-07-23T07:42:00+00:00,2960.5,2960.6,2959.5,2959.5,29
2026-07-23T07:43:00+00:00,2959.5,2960.1,2958.9,2960.1,58
2026-07-23T07:44:00+00:00,2960.4,2960.6,2959.5,2959.7,19
2026-07-23T07:45:00+00:00,2959.7,2959.7,2958.8,2959.3,21
2026-07-23T07:46:00+00:00,2959.3,2959.3,2958.2,2959.3,35
2026-07-23T07:47:00+00:00,2959.0,2959.3,2958.6,2959.0,23
2026-07-23T07:48:00+00:00,2958.9,2959.6,2958.7,2959.4,30
2026-07-23T07:49:00+00:00,2959.3,2959.4,2958.4,2958.7,27
2026-07-23T07:50:00+00:00,2958.3,2958.3,2957.1,2958.3,43
2026-07-23T07:51:00+00:00,2958.3,2958.3,2957.5,2957.5,31
2026-07-23T07:52:00+00:00,2957.4,2958.5,2957.4,2957.8,26
2026-07-23T07:53:00+00:00,2957.8,2958.5,2957.5,2957.5,19
2026-07-23T07:54:00+00:00,2957.8,2959.9,2957.8,2959.5,25
2026-07-23T07:55:00+00:00,2959.8,2961.3,2959.4,2960.8,39
2026-07-23T07:56:00+00:00,2960.6,2960.9,2960.0,2960.0,52
2026-07-23T07:57:00+00:00,2960.3,2961.0,2960.3,2961.0,11
2026-07-23T07:58:00+00:00,2960.8,2961.2,2960.6,2960.8,16
2026-07-23T07:59:00+00:00,2961.4,2961.7,2960.9,2961.7,19
2026-07-23T08:00:00+00:00,2961.9,2962.2,2959.4,2959.6,67
2026-07-23T08:01:00+00:00,2959.3,2959.3,2957.8,2957.9,59
2026-07-23T08:02:00+00:00,2957.6,2959.4,2957.2,2958.8,37
2026-07-23T08:03:00+00:00,2958.9,2960.8,2958.9,2960.5,29
2026-07-23T08:04:00+00:00,2960.8,2961.4,2960.3,2961.4,22
2026-07-23T08:05:00+00:00,2961.3,2962.5,2961.3,2962.1,14
2026-07-23T08:06:00+00:00,2962.4,2963.7,2962.3,2963.2,70
2026-07-23T08:07:00+00:00,2963.3,2964.2,2962.6,2964.2,67
2026-07-23T08:08:00+00:00,2964.1,2965.1,2963.9,2964.6,38
2026-07-23T08:09:00+00:00,2964.7,2965.5,2964.7,2965.5,34
2026-07-23T08:10:00+00:00,2965.4,2965.7,2965.0,2965.0,22
2026-07-23T08:11:00+00:00,2964.9,2965.4,2964.9,2965.3,53
2026-07-23T08:12:00+00:00,2965.1,2966.1,2965.1,2965.9,20
2026-07-23T08:13:00+00:00,2965.4,2965.7,2964.6,2964.6,25
2026-07-23T08:14:00+00:00,2964.4,2964.5,2964.2,2964.4,14
2026-07-23T08:15:00+00:00,2964.4,2964.5,2964.1,2964.1,17
2026-07-23T08:16:00+00:00,2963.9,2965.3,2963.5,2965.3,17
2026-07-23T08:17:00+00:00,2965.5,2966.8,2965.5,2966.5,56
2026-07-23T08:18:00+00:00,2966.4,2967.3,2966.2,2967.3,15
2026-07-23T08:19:00+00:00,2967.0,2967.0,2966.2,2966.5,23
2026-07-23T08:20:00+00:00,2966.4,2967.3,2966.3,2967.1,21
2026-07-23T08:21:00+00:00,2967.3,2967.4,2966.9,2967.1,31
2026-07-23T08:22:00+00:00,2966.9,2966.9,2966.4,2966.4,12
2026-07-23T08:23:00+00:00,2966.2,2966.3,2965.1,2965.2,40
2026-07-23T08:24:00+00:00,2965.0,2965.3,2964.6,2965.3,13
2026-07-23T08:25:00+00:00,2965.5,2966.4,2965.5,2966.4,24
2026-07-23T08:26:00+00:00,2966.2,2967.2,2966.2,2967.1,26
2026-07-23T08:27:00+00:00,2967.3,2967.3,2966.6,2966.8,18
2026-07-23T08:28:00+00:00,2967.2,2967.6,2966.5,2966.5,17
2026-07-23T08:29:00+00:00,2966.7,2967.0,2966.1,2966.1,6
2026-07-23T08:30:00+00:00,2966.8,2966.9,2966.3,2966.7,9
2026-07-23T08:31:00+00:00,2965.9,2966.7,2965.9,2966.5,11
2026-07-23T08:32:00+00:00,2965.7,2965.7,2964.5,2964.5,35
2026-07-23T08:33:00+00:00,2964.1,2965.4,2964.0,2965.4,21
2026-07-23T08:34:00+00:00,2965.1,2965.9,2964.6,2965.9,21
2026-07-23T08:35:00+00:00,2965.9,2966.1,2964.9,2964.9,15
2026-07-23T08:36:00+00:00,2965.4,2965.4,2965.2,2965.4,17
2026-07-23T08:37:00+00:00,2965.2,2965.4,2965.2,2965.2,4
2026-07-23T08:38:00+00:00,2965.5,2965.8,2965.4,2965.4,10
2026-07-23T08:39:00+00:00,2965.4,2965.4,2965.1,2965.1,3
2026-07-23T08:40:00+00:00,2964.8,2964.8,2964.5,2964.5,6
2026-07-23T08:41:00+00:00,2963.8,2964.4,2963.8,2964.3,6
2026-07-23T08:42:00+00:00,2963.8,2965.4,2963.8,2965.4,9
2026-07-23T08:43:00+00:00,2965.6,2965.7,2964.4,2964.4,10
2026-07-23T08:44:00+00:00,2964.3,2964.5,2964.3,2964.3,6
2026-07-23T08:45:00+00:00,2964.4,2964.5,2964.4,2964.5,2
2026-07-23T08:46:00+00:00,2965.1,2965.2,2965.0,2965.2,4
2026-07-23T08:47:00+00:00,2965.0,2965.5,2965.0,2965.5,4
2026-07-23T08:48:00+00:00,2965.5,2965.9,2965.5,2965.9,3
2026-07-23T08:49:00+00:00,2966.0,2966.1,2965.7,2966.0,7
2026-07-23T08:50:00+00:00,2965.9,2966.6,2965.7,2966.0,15
2026-07-23T08:51:00+00:00,2965.5,2966.4,2965.5,2966.4,10
2026-07-23T08:52:00+00:00,2966.3,2966.4,2965.9,2965.9,7
2026-07-23T08:53:00+00:00,2966.3,2967.6,2966.3,2967.3,50
2026-07-23T08:54:00+00:00,2967.6,2967.6,2967.3,2967.3,3
2026-07-23T08:55:00+00:00,2967.3,2967.4,2967.1,2967.3,10
2026-07-23T08:56:00+00:00,2967.6,2968.1,2967.6,2968.1,15
2026-07-23T08:57:00+00:00,2968.1,2968.3,2967.7,2967.7,11
2026-07-23T08:58:00+00:00,2968.0,2968.3,2968.0,2968.3,7
2026-07-23T08:59:00+00:00,2968.4,2969.1,2968.3,2968.9,36
2026-07-23T09:00:00+00:00,2968.9,2969.1,2968.3,2968.4,45
2026-07-23T09:01:00+00:00,2968.3,2969.0,2968.1,2968.8,13
2026-07-23T09:02:00+00:00,2968.8,2969.8,2968.6,2969.6,40
2026-07-23T09:03:00+00:00,2969.5,2972.4,2969.5,2970.6,214
2026-07-23T09:04:00+00:00,2970.7,2971.9,2970.0,2971.9,57
2026-07-23T09:05:00+00:00,2971.4,2971.5,2970.4,2970.4,28
2026-07-23T09:06:00+00:00,2970.9,2971.3,2970.5,2970.5,38
2026-07-23T09:07:00+00:00,2970.2,2970.5,2969.3,2969.4,27
2026-07-23T09:08:00+00:00,2969.2,2969.5,2969.0,2969.4,22
2026-07-23T09:09:00+00:00,2969.5,2969.7,2968.6,2968.6,18
2026-07-23T09:10:00+00:00,2968.6,2969.0,2968.3,2968.9,39
2026-07-23T09:11:00+00:00,2969.0,2969.3,2968.8,2969.1,14
2026-07-23T09:12:00+00:00,2969.3,2969.3,2968.9,2968.9,27
2026-07-23T09:13:00+00:00,2969.1,2969.3,2968.4,2969.0,25
2026-07-23T09:14:00+00:00,2968.9,2968.9,2967.6,2967.6,67
2026-07-23T09:15:00+00:00,2967.5,2968.5,2967.3,2968.3,91
2026-07-23T09:16:00+00:00,2968.2,2969.2,2968.2,2969.2,17
2026-07-23T09:17:00+00:00,2969.0,2969.3,2969.0,2969.3,6
2026-07-23T09:18:00+00:00,2969.1,2969.1,2968.8,2968.9,10
2026-07-23T09:19:00+00:00,2968.9,2968.9,2968.0,2968.0,16
2026-07-23T09:20:00+00:00,2967.8,2967.8,2967.5,2967.5,4
2026-07-23T09:21:00+00:00,2967.3,2967.3,2966.5,2966.5,12
2026-07-23T09:22:00+00:00,2966.7,2966.7,2966.3,2966.3,16
2026-07-23T09:23:00+00:00,2966.1,2966.4,2966.1,2966.4,9
2026-07-23T09:24:00+00:00,2966.3,2967.2,2966.3,2966.4,11
2026-07-23T09:25:00+00:00,2966.5,2966.9,2966.5,2966.7,11
2026-07-23T09:26:00+00:00,2966.6,2966.6,2965.7,2966.1,21
2026-07-23T09:27:00+00:00,2966.3,2966.5,2966.0,2966.0,11
2026-07-23T09:28:00+00:00,2965.9,2966.0,2965.6,2965.6,13
2026-07-23T09:29:00+00:00,2965.5,2965.5,2965.0,2965.5,16
2026-07-23T09:30:00+00:00,2965.5,2965.6,2965.0,2965.1,11
2026-07-23T09:31:00+00:00,2965.3,2965.5,2965.2,2965.5,7
2026-07-23T09:32:00+00:00,2965.1,2965.5,2964.9,2964.9,14
2026-07-23T09:33:00+00:00,2964.7,2965.2,2964.5,2965.0,10
2026-07-23T09:34:00+00:00,2964.7,2965.4,2964.1,2965.3,33
2026-07-23T09:35:00+00:00,2965.0,2965.3,2964.9,2965.3,9
2026-07-23T09:36:00+00:00,2965.6,2965.6,2965.6,2965.6,4
2026-07-23T09:37:00+00:00,2966.0,2966.1,2965.5,2965.5,13
2026-07-23T09:38:00+00:00,2965.5,2966.3,2965.5,2966.3,4
2026-07-23T09:39:00+00:00,2966.2,2966.8,2966.1,2966.8,11
2026-07-23T09:40:00+00:00,2967.2,2967.3,2966.8,2966.8,15
2026-07-23T09:41:00+00:00,2967.0,2967.3,2966.8,2967.3,7
2026-07-23T09:42:00+00:00,2967.4,2967.4,2967.2,2967.2,3
2026-07-23T09:43:00+00:00,2967.2,2967.7,2967.1,2967.4,16
2026-07-23T09:44:00+00:00,2967.7,2967.7,2967.5,2967.5,4
2026-07-23T09:45:00+00:00,2967.7,2968.1,2967.7,2968.0,10
2026-07-23T09:46:00+00:00,2968.0,2968.0,2967.0,2967.0,14
2026-07-23T09:47:00+00:00,2967.2,2967.2,2967.2,2967.2,1
2026-07-23T09:48:00+00:00,2967.0,2967.9,2966.9,2967.7,10
2026-07-23T09:49:00+00:00,2967.5,2967.7,2967.5,2967.5,7
2026-07-23T09:50:00+00:00,2967.1,2967.5,2967.1,2967.5,13
2026-07-23T09:51:00+00:00,2967.0,2967.0,2966.1,2966.1,13
2026-07-23T09:52:00+00:00,2966.4,2966.6,2966.2,2966.3,10
2026-07-23T09:53:00+00:00,2966.8,2967.7,2966.8,2967.4,21
2026-07-23T09:54:00+00:00,2967.3,2967.5,2967.3,2967.5,7
2026-07-23T09:55:00+00:00,2967.6,2967.8,2967.0,2967.2,30
2026-07-23T09:56:00+00:00,2967.1,2967.4,2967.0,2967.4,10
2026-07-23T09:57:00+00:00,2967.1,2967.3,2967.1,2967.3,4
2026-07-23T09:58:00+00:00,2967.2,2967.2,2966.1,2966.2,16
2026-07-23T09:59:00+00:00,2966.1,2966.6,2965.6,2966.6,22
2026-07-23T10:00:00+00:00,2966.8,2967.2,2966.2,2966.3,22
2026-07-23T10:01:00+00:00,2965.8,2967.1,2965.8,2966.8,28
2026-07-23T10:02:00+00:00,2966.9,2967.5,2966.9,2967.2,24
2026-07-23T10:03:00+00:00,2967.0,2967.0,2966.4,2966.4,24
2026-07-23T10:04:00+00:00,2966.5,2966.8,2966.1,2966.3,26
2026-07-23T10:05:00+00:00,2966.2,2966.5,2966.2,2966.2,16
2026-07-23T10:06:00+00:00,2966.6,2966.6,2965.6,2965.8,49
2026-07-23T10:07:00+00:00,2965.9,2966.3,2965.9,2966.3,2
2026-07-23T10:08:00+00:00,2966.5,2966.5,2965.1,2965.1,21
2026-07-23T10:09:00+00:00,2965.3,2965.4,2965.1,2965.4,8
2026-07-23T10:11:00+00:00,2965.0,2965.0,2964.4,2964.4,10
2026-07-23T10:12:00+00:00,2964.3,2965.0,2964.2,2965.0,11
2026-07-23T10:13:00+00:00,2964.6,2964.6,2964.2,2964.2,12
2026-07-23T10:14:00+00:00,2964.1,2964.3,2963.8,2964.3,16
2026-07-23T10:15:00+00:00,2964.3,2965.1,2964.0,2965.1,17
2026-07-23T10:16:00+00:00,2965.3,2965.8,2965.0,2965.1,16
2026-07-23T10:17:00+00:00,2964.9,2964.9,2964.4,2964.4,2
2026-07-23T10:18:00+00:00,2964.7,2965.4,2964.7,2965.4,11
2026-07-23T10:19:00+00:00,2965.0,2965.6,2964.7,2965.1,71
2026-07-23T10:20:00+00:00,2965.1,2965.9,2965.1,2965.1,22
2026-07-23T10:21:00+00:00,2965.1,2966.6,2965.1,2966.4,16
2026-07-23T10:22:00+00:00,2966.4,2966.8,2966.4,2966.8,3
2026-07-23T10:23:00+00:00,2966.8,2966.8,2966.2,2966.2,7
2026-07-23T10:24:00+00:00,2966.2,2966.3,2966.0,2966.3,13
2026-07-23T10:25:00+00:00,2966.5,2966.5,2966.5,2966.5,1
2026-07-23T10:26:00+00:00,2967.0,2967.0,2966.8,2966.8,7
2026-07-23T10:27:00+00:00,2966.8,2966.8,2966.8,2966.8,2
2026-07-23T10:29:00+00:00,2966.7,2967.1,2966.7,2966.7,6
2026-07-23T10:30:00+00:00,2966.2,2967.7,2966.2,2966.7,140
2026-07-23T10:31:00+00:00,2967.1,2967.2,2966.8,2967.2,8
2026-07-23T10:32:00+00:00,2967.4,2968.5,2967.4,2968.3,45
2026-07-23T10:33:00+00:00,2968.4,2968.4,2968.2,2968.4,14
2026-07-23T10:34:00+00:00,2968.2,2968.4,2968.0,2968.4,12
2026-07-23T10:35:00+00:00,2968.7,2969.6,2968.6,2969.5,42
2026-07-23T10:36:00+00:00,2969.5,2970.4,2969.5,2970.0,116
2026-07-23T10:37:00+00:00,2969.7,2970.2,2969.7,2970.1,12
2026-07-23T10:38:00+00:00,2969.9,2969.9,2969.5,2969.5,18
2026-07-23T10:39:00+00:00,2969.6,2970.0,2969.4,2969.5,21
2026-07-23T10:40:00+00:00,2969.6,2969.6,2969.2,2969.4,11
2026-07-23T10:41:00+00:00,2970.0,2970.6,2970.0,2970.6,27
2026-07-23T10:42:00+00:00,2970.5,2970.6,2970.3,2970.4,13
2026-07-23T10:43:00+00:00,2970.3,2970.5,2969.7,2969.7,37
2026-07-23T10:44:00+00:00,2969.7,2970.1,2969.7,2970.1,8
2026-07-23T10:45:00+00:00,2970.0,2970.8,2970.0,2970.7,20
2026-07-23T10:46:00+00:00,2970.6,2970.8,2970.6,2970.7,8
2026-07-23T10:47:00+00:00,2970.7,2971.2,2970.7,2970.8,13
2026-07-23T10:48:00+00:00,2971.0,2971.6,2970.9,2970.9,21
2026-07-23T10:49:00+00:00,2971.2,2971.6,2971.2,2971.6,16
2026-07-23T10:50:00+00:00,2971.5,2971.6,2971.5,2971.6,2
2026-07-23T10:51:00+00:00,2971.5,2971.5,2971.3,2971.3,7
2026-07-23T10:52:00+00:00,2971.5,2972.3,2971.4,2972.2,35
2026-07-23T10:53:00+00:00,2972.3,2972.3,2972.0,2972.1,9
2026-07-23T10:54:00+00:00,2972.0,2972.2,2971.9,2971.9,7
2026-07-23T10:55:00+00:00,2971.8,2972.0,2971.5,2971.8,16
2026-07-23T10:56:00+00:00,2972.0,2972.2,2971.8,2971.8,39
2026-07-23T10:57:00+00:00,2971.6,2972.1,2971.6,2971.8,15
2026-07-23T10:58:00+00:00,2971.7,2971.7,2971.2,2971.2,8
2026-07-23T10:59:00+00:00,2971.2,2971.3,2970.8,2970.9,48
2026-07-23T11:00:00+00:00,2970.7,2971.4,2969.8,2970.4,68
2026-07-23T11:01:00+00:00,2970.4,2970.5,2969.9,2970.0,20
2026-07-23T11:02:00+00:00,2969.6,2969.6,2968.7,2969.6,60
2026-07-23T11:03:00+00:00,2969.7,2969.9,2969.2,2969.8,42
2026-07-23T11:04:00+00:00,2969.7,2969.7,2968.4,2968.7,47
2026-07-23T11:05:00+00:00,2968.7,2968.7,2967.8,2967.8,29
2026-07-23T11:06:00+00:00,2967.7,2968.1,2967.5,2968.1,13
2026-07-23T11:07:00+00:00,2968.6,2968.6,2968.2,2968.2,4
2026-07-23T11:08:00+00:00,2968.0,2968.4,2967.9,2968.0,22
2026-07-23T11:09:00+00:00,2967.9,2968.0,2966.7,2967.0,54
2026-07-23T11:10:00+00:00,2966.9,2967.1,2966.5,2966.9,44
2026-07-23T11:11:00+00:00,2966.8,2967.5,2966.7,2967.4,18
2026-07-23T11:12:00+00:00,2967.7,2967.9,2967.0,2967.0,11
2026-07-23T11:13:00+00:00,2966.8,2967.2,2966.6,2967.1,11
2026-07-23T11:14:00+00:00,2967.4,2968.1,2967.4,2968.1,12
2026-07-23T11:15:00+00:00,2968.1,2969.5,2968.1,2968.8,34
2026-07-23T11:16:00+00:00,2968.8,2968.8,2968.3,2968.3,21
2026-07-23T11:17:00+00:00,2968.5,2968.8,2967.8,2967.8,16
2026-07-23T11:18:00+00:00,2968.0,2968.0,2967.5,2967.9,19
2026-07-23T11:19:00+00:00,2968.0,2968.0,2967.4,2967.4,8
2026-07-23T11:20:00+00:00,2967.5,2967.5,2966.2,2966.3,19
2026-07-23T11:21:00+00:00,2966.5,2966.7,2966.0,2966.5,26
2026-07-23T11:22:00+00:00,2966.1,2966.4,2964.5,2964.5,56
2026-07-23T11:23:00+00:00,2964.6,2965.2,2964.6,2965.1,29
2026-07-23T11:24:00+00:00,2964.8,2965.4,2964.5,2965.2,13
2026-07-23T11:25:00+00:00,2965.3,2965.8,2965.2,2965.8,23
2026-07-23T11:26:00+00:00,2965.6,2966.1,2965.4,2965.7,23
2026-07-23T11:27:00+00:00,2965.6,2965.9,2965.1,2965.4,31
2026-07-23T11:28:00+00:00,2965.4,2965.7,2965.0,2965.2,39
2026-07-23T11:29:00+00:00,2965.2,2965.2,2963.6,2964.5,77
2026-07-23T11:30:00+00:00,2964.5,2964.8,2962.6,2962.8,134
2026-07-23T11:31:00+00:00,2962.8,2963.4,2962.7,2962.8,60
2026-07-23T11:32:00+00:00,2962.6,2962.9,2961.3,2961.6,80
2026-07-23T11:33:00+00:00,2961.5,2961.5,2959.7,2959.8,86
2026-07-23T11:34:00+00:00,2959.9,2961.4,2959.9,2961.4,45
2026-07-23T11:35:00+00:00,2961.5,2961.5,2957.5,2957.5,183
2026-07-23T11:36:00+00:00,2957.7,2958.6,2957.7,2958.2,66
2026-07-23T11:37:00+00:00,2957.5,2957.6,2956.5,2957.6,99
2026-07-23T11:38:00+00:00,2957.5,2957.7,2956.8,2957.0,49
2026-07-23T11:39:00+00:00,2957.4,2957.9,2956.4,2957.2,170
2026-07-23T11:40:00+00:00,2957.2,2957.4,2955.2,2956.6,145
2026-07-23T11:41:00+00:00,2956.6,2956.9,2955.7,2956.4,74
2026-07-23T11:42:00+00:00,2956.6,2957.8,2956.4,2957.0,128
2026-07-23T11:43:00+00:00,2956.8,2957.0,2955.6,2955.7,76
2026-07-23T11:44:00+00:00,2955.5,2955.8,2954.4,2955.2,87
2026-07-23T11:45:00+00:00,2955.3,2955.5,2954.4,2954.4,171
2026-07-23T11:46:00+00:00,2954.5,2954.6,2953.6,2954.2,73
2026-07-23T11:47:00+00:00,2954.5,2955.3,2954.0,2954.9,79
2026-07-23T11:48:00+00:00,2954.7,2956.1,2954.7,2955.7,218
2026-07-23T11:49:00+00:00,2955.6,2956.2,2955.3,2956.2,40
2026-07-23T11:50:00+00:00,2956.2,2958.5,2956.2,2958.2,85
2026-07-23T11:51:00+00:00,2958.5,2958.5,2957.4,2957.7,32
2026-07-23T11:52:00+00:00,2957.8,2961.3,2957.8,2958.9,305
2026-07-23T11:53:00+00:00,2959.0,2960.3,2958.9,2959.9,102
2026-07-23T11:54:00+00:00,2960.0,2960.6,2959.5,2959.6,62
2026-07-23T11:55:00+00:00,2959.9,2960.7,2959.8,2960.4,33
2026-07-23T11:56:00+00:00,2960.3,2960.4,2959.7,2960.1,23
2026-07-23T11:57:00+00:00,2960.3,2961.2,2960.1,2960.7,29
2026-07-23T11:58:00+00:00,2960.9,2961.0,2960.2,2960.3,18
2026-07-23T11:59:00+00:00,2960.6,2960.7,2960.0,2960.0,54
2026-07-23T12:00:00+00:00,2959.4,2959.7,2957.5,2957.8,122
2026-07-23T12:01:00+00:00,2957.7,2958.4,2957.3,2957.4,51
2026-07-23T12:02:00+00:00,2957.5,2958.3,2957.5,2957.5,63
2026-07-23T12:03:00+00:00,2957.8,2958.4,2957.8,2958.2,55
2026-07-23T12:04:00+00:00,2958.5,2958.9,2957.7,2957.7,54
2026-07-23T12:05:00+00:00,2957.6,2958.0,2956.1,2956.1,66
2026-07-23T12:06:00+00:00,2956.0,2956.3,2955.6,2955.6,65
2026-07-23T12:07:00+00:00,2955.5,2957.0,2955.1,2956.7,40
2026-07-23T12:08:00+00:00,2956.9,2957.0,2954.6,2954.8,73
2026-07-23T12:09:00+00:00,2954.9,2955.6,2954.8,2955.0,33
2026-07-23T12:10:00+00:00,2954.9,2955.5,2954.9,2955.5,19
2026-07-23T12:11:00+00:00,2955.6,2955.6,2954.2,2955.1,336
2026-07-23T12:12:00+00:00,2955.0,2955.4,2953.2,2953.2,131
2026-07-23T12:13:00+00:00,2953.3,2954.5,2952.4,2954.2,315
2026-07-23T12:14:00+00:00,2954.2,2954.3,2951.2,2951.4,139
2026-07-23T12:15:00+00:00,2951.4,2954.3,2951.1,2952.7,320
2026-07-23T12:16:00+00:00,2952.8,2953.7,2946.4,2949.8,984
2026-07-23T12:17:00+00:00,2949.8,2951.7,2949.2,2951.2,239
2026-07-23T12:18:00+00:00,2950.9,2951.6,2949.6,2950.0,190
2026-07-23T12:19:00+00:00,2950.1,2951.8,2948.5,2948.6,120
2026-07-23T12:20:00+00:00,2948.5,2949.8,2948.3,2948.8,231
2026-07-23T12:21:00+00:00,2948.6,2951.1,2948.3,2950.4,137
2026-07-23T12:22:00+00:00,2950.4,2950.4,2948.7,2948.7,84
2026-07-23T12:23:00+00:00,2948.8,2949.2,2946.7,2946.9,132
2026-07-23T12:24:00+00:00,2946.9,2947.6,2946.1,2947.5,124
2026-07-23T12:25:00+00:00,2947.7,2947.8,2946.6,2947.5,83
2026-07-23T12:26:00+00:00,2947.9,2948.0,2947.2,2947.4,41
2026-07-23T12:27:00+00:00,2947.7,2948.0,2946.1,2947.2,97
2026-07-23T12:28:00+00:00,2947.2,2947.5,2946.0,2947.1,183
2026-07-23T12:29:00+00:00,2946.9,2947.3,2946.4,2946.4,75
2026-07-23T12:30:00+00:00,2946.3,2946.8,2944.6,2946.3,297
2026-07-23T12:31:00+00:00,2945.9,2946.2,2944.4,2945.3,154
2026-07-23T12:32:00+00:00,2945.3,2946.2,2944.5,2945.8,104
2026-07-23T12:33:00+00:00,2945.7,2945.8,2944.2,2944.6,136
2026-07-23T12:34:00+00:00,2944.6,2945.8,2944.0,2945.7,115
2026-07-23T12:35:00+00:00,2945.5,2945.8,2944.9,2945.6,78
2026-07-23T12:36:00+00:00,2945.7,2945.7,2942.5,2942.6,187
2026-07-23T12:37:00+00:00,2942.5,2943.3,2941.9,2943.2,156
2026-07-23T12:38:00+00:00,2943.4,2945.4,2943.3,2944.9,192
2026-07-23T12:39:00+00:00,2944.7,2944.8,2943.4,2944.3,107
2026-07-23T12:40:00+00:00,2944.0,2944.0,2942.6,2943.5,114
2026-07-23T12:41:00+00:00,2943.4,2943.8,2942.7,2943.2,65
2026-07-23T12:42:00+00:00,2943.1,2943.3,2940.2,2940.6,230
2026-07-23T12:43:00+00:00,2940.6,2941.5,2939.7,2941.1,195
2026-07-23T12:44:00+00:00,2941.3,2942.9,2941.3,2942.7,214
2026-07-23T12:45:00+00:00,2942.7,2943.5,2941.8,2943.3,179
2026-07-23T12:46:00+00:00,2943.3,2944.5,2942.7,2944.5,188
2026-07-23T12:47:00+00:00,2944.2,2944.2,2941.0,2941.2,281
2026-07-23T12:48:00+00:00,2941.3,2942.0,2940.0,2940.8,310
2026-07-23T12:49:00+00:00,2940.7,2943.1,2940.2,2942.9,183
2026-07-23T12:50:00+00:00,2942.8,2944.7,2942.8,2944.4,140
2026-07-23T12:51:00+00:00,2944.4,2945.3,2944.2,2944.8,172
2026-07-23T12:52:00+00:00,2944.9,2945.1,2943.7,2943.9,145
2026-07-23T12:53:00+00:00,2944.1,2945.7,2944.1,2944.9,157
2026-07-23T12:54:00+00:00,2944.9,2945.0,2943.1,2943.4,215
2026-07-23T12:55:00+00:00,2943.4,2944.7,2943.3,2943.5,128
2026-07-23T12:56:00+00:00,2943.7,2944.6,2943.4,2944.4,88
2026-07-23T12:57:00+00:00,2944.3,2945.0,2943.9,2944.9,137
2026-07-23T12:58:00+00:00,2945.0,2945.1,2942.3,2943.1,164
2026-07-23T12:59:00+00:00,2943.3,2944.0,2942.8,2943.0,131
2026-07-23T13:00:00+00:00,2943.0,2943.9,2941.4,2941.9,200
2026-07-23T13:01:00+00:00,2941.8,2942.3,2941.5,2942.0,113
2026-07-23T13:02:00+00:00,2942.1,2942.1,2940.4,2940.5,145
2026-07-23T13:03:00+00:00,2940.7,2941.1,2939.2,2940.2,175
2026-07-23T13:04:00+00:00,2940.2,2940.9,2938.8,2939.6,159
2026-07-23T13:05:00+00:00,2939.5,2940.2,2938.0,2938.5,219
2026-07-23T13:06:00+00:00,2938.3,2938.5,2936.3,2936.8,293
2026-07-23T13:07:00+00:00,2936.8,2938.7,2936.6,2938.7,140
2026-07-23T13:08:00+00:00,2938.7,2940.9,2938.0,2938.2,402
2026-07-23T13:09:00+00:00,2938.4,2938.7,2937.4,2937.7,94
2026-07-23T13:10:00+00:00,2937.8,2937.8,2936.4,2936.8,306
2026-07-23T13:11:00+00:00,2936.8,2937.9,2936.4,2936.8,267
2026-07-23T13:12:00+00:00,2936.7,2938.5,2935.9,2937.8,239
2026-07-23T13:13:00+00:00,2937.8,2937.8,2935.5,2935.9,138
2026-07-23T13:14:00+00:00,2935.7,2937.3,2935.5,2937.1,72
2026-07-23T13:15:00+00:00,2937.1,2937.7,2935.6,2935.8,115
2026-07-23T13:16:00+00:00,2936.2,2936.5,2935.6,2936.0,68
2026-07-23T13:17:00+00:00,2936.0,2937.4,2935.0,2937.4,208
2026-07-23T13:18:00+00:00,2937.2,2937.4,2936.3,2937.0,113
2026-07-23T13:19:00+00:00,2937.1,2937.3,2935.8,2936.5,85
2026-07-23T13:20:00+00:00,2936.6,2936.8,2935.3,2936.3,184
2026-07-23T13:21:00+00:00,2936.4,2937.5,2935.8,2936.0,80
2026-07-23T13:22:00+00:00,2936.1,2936.6,2935.0,2935.5,151
2026-07-23T13:23:00+00:00,2935.4,2935.6,2934.3,2935.6,130
2026-07-23T13:24:00+00:00,2935.8,2936.2,2933.8,2934.8,218
2026-07-23T13:25:00+00:00,2934.8,2936.3,2934.8,2936.2,151
2026-07-23T13:26:00+00:00,2936.1,2936.2,2934.1,2935.1,180
2026-07-23T13:27:00+00:00,2935.0,2935.2,2933.8,2933.9,299
2026-07-23T13:28:00+00:00,2933.9,2936.2,2933.8,2935.2,331
2026-07-23T13:29:00+00:00,2935.2,2940.2,2933.1,2939.8,715
2026-07-23T13:30:00+00:00,2939.7,2942.6,2934.6,2941.1,2464
2026-07-23T13:31:00+00:00,2940.9,2948.1,2939.6,2947.8,1181
2026-07-23T13:32:00+00:00,2948.0,2949.3,2946.3,2947.9,830
2026-07-23T13:33:00+00:00,2948.0,2950.8,2946.9,2949.8,610
2026-07-23T13:34:00+00:00,2949.7,2953.0,2949.2,2952.4,651
2026-07-23T13:35:00+00:00,2952.4,2953.9,2951.2,2952.4,641
2026-07-23T13:36:00+00:00,2952.4,2952.4,2949.9,2951.7,543
2026-07-23T13:37:00+00:00,2951.7,2956.3,2951.4,2955.6,740
2026-07-23T13:38:00+00:00,2955.6,2956.4,2953.6,2954.9,593
2026-07-23T13:39:00+00:00,2955.0,2956.5,2952.8,2956.2,424
2026-07-23T13:40:00+00:00,2956.0,2958.7,2956.0,2956.7,684
2026-07-23T13:41:00+00:00,2956.7,2958.8,2956.2,2958.2,388
2026-07-23T13:42:00+00:00,2958.1,2959.9,2957.7,2958.2,442
2026-07-23T13:43:00+00:00,2958.2,2961.1,2958.0,2960.4,526
2026-07-23T13:44:00+00:00,2960.4,2960.6,2956.9,2957.4,694
2026-07-23T13:45:00+00:00,2957.5,2958.0,2954.4,2956.0,991
2026-07-23T13:46:00+00:00,2956.0,2956.1,2953.3,2953.3,498
2026-07-23T13:47:00+00:00,2953.4,2953.6,2949.2,2950.9,833
2026-07-23T13:48:00+00:00,2950.9,2952.2,2947.8,2948.7,1043
2026-07-23T13:49:00+00:00,2948.6,2949.4,2945.7,2947.4,667
2026-07-23T13:50:00+00:00,2947.3,2949.9,2947.1,2948.7,532
2026-07-23T13:51:00+00:00,2948.6,2949.3,2945.9,2946.0,386
2026-07-23T13:52:00+00:00,2946.1,2947.4,2943.6,2947.0,628
2026-07-23T13:53:00+00:00,2946.9,2948.6,2945.6,2948.2,439
2026-07-23T13:54:00+00:00,2948.1,2950.8,2947.6,2950.8,636
2026-07-23T13:55:00+00:00,2950.7,2952.9,2950.3,2951.1,478
2026-07-23T13:56:00+00:00,2951.0,2951.2,2948.4,2948.6,350
2026-07-23T13:57:00+00:00,2948.7,2948.7,2945.2,2947.0,509
2026-07-23T13:58:00+00:00,2946.8,2947.0,2944.6,2946.6,291
2026-07-23T13:59:00+00:00,2946.3,2947.5,2945.4,2945.5,219
2026-07-23T14:00:00+00:00,2946.4,2952.4,2946.4,2950.7,533
2026-07-23T14:01:00+00:00,2951.3,2951.9,2949.3,2949.7,314
2026-07-23T14:02:00+00:00,2949.9,2951.3,2949.3,2950.4,295
2026-07-23T14:03:00+00:00,2950.6,2952.1,2949.2,2949.6,262
2026-07-23T14:04:00+00:00,2949.7,2954.2,2949.4,2952.7,323
2026-07-23T14:05:00+00:00,2952.7,2953.4,2949.8,2953.3,459
2026-07-23T14:06:00+00:00,2953.2,2954.9,2952.0,2953.1,315
2026-07-23T14:07:00+00:00,2953.0,2954.4,2952.2,2953.1,224
2026-07-23T14:08:00+00:00,2953.2,2954.7,2947.5,2948.2,570
2026-07-23T14:09:00+00:00,2948.6,2949.4,2944.9,2948.4,640
2026-07-23T14:10:00+00:00,2948.4,2951.3,2948.0,2950.6,434
2026-07-23T14:11:00+00:00,2950.8,2953.3,2948.6,2953.3,324
2026-07-23T14:12:00+00:00,2953.4,2955.2,2951.4,2955.2,389
2026-07-23T14:13:00+00:00,2955.0,2956.4,2953.4,2953.9,498
2026-07-23T14:14:00+00:00,2954.1,2955.1,2950.8,2951.8,711
2026-07-23T14:15:00+00:00,2951.8,2954.0,2950.6,2951.4,318
2026-07-23T14:16:00+00:00,2951.4,2955.7,2951.4,2955.5,350
2026-07-23T14:17:00+00:00,2955.4,2956.3,2954.1,2956.3,363
2026-07-23T14:18:00+00:00,2956.3,2956.8,2954.1,2954.3,320
2026-07-23T14:19:00+00:00,2954.4,2954.6,2952.0,2952.7,350
2026-07-23T14:20:00+00:00,2952.8,2954.1,2950.8,2950.8,455
2026-07-23T14:21:00+00:00,2950.9,2954.4,2950.2,2954.0,313
2026-07-23T14:22:00+00:00,2953.9,2954.7,2951.3,2952.2,286
2026-07-23T14:23:00+00:00,2952.1,2952.8,2950.1,2950.2,228
2026-07-23T14:24:00+00:00,2950.8,2951.1,2947.3,2950.3,461
2026-07-23T14:25:00+00:00,2950.2,2952.8,2949.3,2952.2,175
2026-07-23T14:26:00+00:00,2952.3,2952.3,2948.8,2950.4,171
2026-07-23T14:27:00+00:00,2950.6,2950.8,2947.3,2949.2,322
2026-07-23T14:28:00+00:00,2949.1,2950.6,2948.0,2948.1,210
2026-07-23T14:29:00+00:00,2948.2,2951.5,2948.2,2951.1,153
2026-07-23T14:30:00+00:00,2950.6,2951.7,2948.8,2949.6,256
2026-07-23T14:31:00+00:00,2949.3,2952.1,2949.1,2949.1,140
2026-07-23T14:32:00+00:00,2949.4,2949.6,2948.0,2948.8,184
2026-07-23T14:33:00+00:00,2948.6,2949.0,2946.0,2947.1,523
2026-07-23T14:34:00+00:00,2946.9,2948.9,2946.9,2947.4,158
2026-07-23T14:35:00+00:00,2947.6,2947.7,2944.0,2944.1,569
2026-07-23T14:36:00+00:00,2944.3,2946.2,2943.7,2945.8,352
2026-07-23T14:37:00+00:00,2946.0,2952.3,2945.9,2952.1,625
2026-07-23T14:38:00+00:00,2952.0,2952.1,2949.0,2950.7,283
2026-07-23T14:39:00+00:00,2950.8,2952.9,2949.5,2952.9,273
2026-07-23T14:40:00+00:00,2952.9,2955.6,2952.2,2952.7,535
2026-07-23T14:41:00+00:00,2952.7,2953.4,2950.6,2951.6,342
2026-07-23T14:42:00+00:00,2951.5,2953.1,2949.7,2951.0,297
2026-07-23T14:43:00+00:00,2951.1,2952.0,2948.8,2948.8,281
2026-07-23T14:44:00+00:00,2948.9,2950.4,2948.4,2949.1,203
2026-07-23T14:45:00+00:00,2949.0,2949.9,2947.2,2948.8,237
2026-07-23T14:46:00+00:00,2948.8,2952.6,2948.8,2952.0,224
2026-07-23T14:47:00+00:00,2951.9,2953.3,2951.6,2952.2,235
2026-07-23T14:48:00+00:00,2952.1,2952.5,2949.9,2951.0,157
2026-07-23T14:49:00+00:00,2951.2,2952.3,2950.3,2951.7,128
2026-07-23T14:50:00+00:00,2951.8,2952.8,2948.5,2949.3,395
2026-07-23T14:51:00+00:00,2948.9,2949.0,2947.6,2947.6,129
2026-07-23T14:52:00+00:00,2947.9,2950.2,2947.3,2950.2,213
2026-07-23T14:53:00+00:00,2949.8,2950.2,2948.3,2949.5,107
2026-07-23T14:54:00+00:00,2949.1,2950.5,2947.8,2949.5,348
2026-07-23T14:55:00+00:00,2949.4,2951.2,2949.2,2950.7,204
2026-07-23T14:56:00+00:00,2951.0,2953.0,2951.0,2952.8,209
2026-07-23T14:57:00+00:00,2952.7,2953.0,2951.0,2952.1,105
2026-07-23T14:58:00+00:00,2952.1,2952.7,2950.8,2950.8,154
2026-07-23T14:59:00+00:00,2951.1,2952.3,2950.2,2950.2,218
2026-07-23T15:00:00+00:00,2950.4,2951.6,2949.0,2949.3,266
2026-07-23T15:01:00+00:00,2949.4,2949.5,2946.6,2947.9,279
2026-07-23T15:02:00+00:00,2947.6,2947.9,2945.6,2945.6,174
2026-07-23T15:03:00+00:00,2945.7,2946.9,2945.1,2945.1,224
2026-07-23T15:04:00+00:00,2945.0,2945.0,2942.6,2944.7,472
2026-07-23T15:05:00+00:00,2944.8,2944.9,2943.2,2943.8,167
2026-07-23T15:06:00+00:00,2943.1,2944.5,2942.8,2943.8,260
2026-07-23T15:07:00+00:00,2943.6,2945.1,2943.2,2944.1,168
2026-07-23T15:08:00+00:00,2944.1,2944.7,2942.8,2944.5,186
2026-07-23T15:09:00+00:00,2944.6,2945.9,2943.3,2943.3,145
2026-07-23T15:10:00+00:00,2943.3,2943.9,2941.8,2942.1,560
2026-07-23T15:11:00+00:00,2942.2,2942.2,2940.3,2940.3,298
2026-07-23T15:12:00+00:00,2940.3,2940.7,2939.1,2940.4,377
2026-07-23T15:13:00+00:00,2940.3,2941.6,2940.0,2940.7,201
2026-07-23T15:14:00+00:00,2940.7,2941.2,2938.2,2940.3,491
2026-07-23T15:15:00+00:00,2940.2,2943.1,2940.1,2941.0,362
2026-07-23T15:16:00+00:00,2941.3,2941.8,2939.9,2940.6,215
2026-07-23T15:17:00+00:00,2940.6,2943.3,2940.4,2942.1,385
2026-07-23T15:18:00+00:00,2942.2,2942.4,2939.5,2940.0,221
2026-07-23T15:19:00+00:00,2939.8,2939.9,2938.3,2939.9,356
2026-07-23T15:20:00+00:00,2940.0,2942.3,2939.8,2940.8,375
2026-07-23T15:21:00+00:00,2940.9,2941.6,2937.6,2937.8,222
2026-07-23T15:22:00+00:00,2937.7,2939.0,2932.7,2934.3,1535
2026-07-23T15:23:00+00:00,2934.4,2937.7,2934.4,2936.1,569
2026-07-23T15:24:00+00:00,2936.1,2938.4,2935.8,2938.0,242
2026-07-23T15:25:00+00:00,2937.8,2938.1,2935.1,2935.4,174
2026-07-23T15:26:00+00:00,2935.6,2935.6,2933.5,2935.2,519
2026-07-23T15:27:00+00:00,2934.9,2936.0,2934.4,2935.8,314
2026-07-23T15:28:00+00:00,2935.6,2937.0,2934.6,2934.8,279
2026-07-23T15:29:00+00:00,2934.9,2936.4,2934.8,2935.5,196
2026-07-23T15:30:00+00:00,2935.7,2935.9,2932.6,2932.9,478
2026-07-23T15:31:00+00:00,2932.9,2935.6,2932.0,2933.9,344
2026-07-23T15:32:00+00:00,2933.8,2936.2,2933.8,2936.2,209
2026-07-23T15:33:00+00:00,2936.2,2936.9,2934.7,2935.7,181
2026-07-23T15:34:00+00:00,2936.0,2936.5,2935.2,2935.8,166
2026-07-23T15:35:00+00:00,2936.4,2939.6,2936.0,2938.4,302
2026-07-23T15:36:00+00:00,2938.5,2939.6,2937.9,2939.2,247
2026-07-23T15:37:00+00:00,2939.5,2942.4,2938.7,2940.1,739
2026-07-23T15:38:00+00:00,2940.4,2943.1,2940.0,2942.4,347
2026-07-23T15:39:00+00:00,2942.5,2943.0,2941.6,2942.7,187
2026-07-23T15:40:00+00:00,2942.5,2944.5,2942.5,2943.3,336
2026-07-23T15:41:00+00:00,2943.5,2945.8,2942.9,2945.4,353
2026-07-23T15:42:00+00:00,2945.4,2946.5,2943.5,2944.0,344
2026-07-23T15:43:00+00:00,2944.1,2944.3,2942.0,2942.1,167
2026-07-23T15:44:00+00:00,2942.2,2942.9,2941.3,2941.5,189
2026-07-23T15:45:00+00:00,2941.5,2941.9,2939.8,2941.0,273
2026-07-23T15:46:00+00:00,2941.0,2941.1,2938.9,2939.5,143
2026-07-23T15:47:00+00:00,2939.4,2940.6,2939.2,2940.1,156
2026-07-23T15:48:00+00:00,2940.0,2941.4,2939.9,2940.5,114
2026-07-23T15:49:00+00:00,2940.4,2942.8,2940.2,2942.4,139
2026-07-23T15:50:00+00:00,2942.3,2943.8,2941.3,2943.5,116
2026-07-23T15:51:00+00:00,2943.7,2944.0,2941.6,2942.3,200
2026-07-23T15:52:00+00:00,2942.6,2943.4,2942.1,2942.3,76
2026-07-23T15:53:00+00:00,2942.1,2942.9,2941.8,2942.4,87
2026-07-23T15:54:00+00:00,2942.5,2944.2,2942.5,2944.0,144
2026-07-23T15:55:00+00:00,2944.3,2945.4,2944.1,2945.1,228
2026-07-23T15:56:00+00:00,2945.1,2946.1,2944.6,2945.3,144
2026-07-23T15:57:00+00:00,2945.1,2945.1,2942.9,2943.8,99
2026-07-23T15:58:00+00:00,2943.7,2944.1,2943.0,2943.5,72
2026-07-23T15:59:00+00:00,2943.9,2944.7,2943.7,2944.5,107
2026-07-23T16:00:00+00:00,2944.7,2945.1,2943.4,2944.8,98
2026-07-23T16:01:00+00:00,2944.9,2944.9,2942.8,2944.2,142
2026-07-23T16:02:00+00:00,2944.2,2946.9,2944.2,2946.3,137
2026-07-23T16:03:00+00:00,2946.5,2946.6,2945.1,2945.6,105
2026-07-23T16:04:00+00:00,2945.0,2945.6,2944.2,2944.6,99
2026-07-23T16:05:00+00:00,2944.3,2945.1,2942.5,2942.5,150
2026-07-23T16:06:00+00:00,2942.4,2944.3,2942.2,2942.6,135
2026-07-23T16:07:00+00:00,2942.6,2944.1,2942.5,2943.9,61
2026-07-23T16:08:00+00:00,2943.5,2945.4,2943.5,2945.2,113
2026-07-23T16:09:00+00:00,2944.9,2944.9,2943.6,2944.6,126
2026-07-23T16:10:00+00:00,2944.8,2946.7,2944.8,2946.7,87
2026-07-23T16:11:00+00:00,2946.5,2947.5,2945.9,2947.4,204
2026-07-23T16:12:00+00:00,2947.5,2948.1,2944.8,2944.8,282
2026-07-23T16:13:00+00:00,2944.8,2946.3,2944.0,2944.1,341
2026-07-23T16:14:00+00:00,2944.1,2945.7,2944.1,2945.5,81
2026-07-23T16:15:00+00:00,2945.1,2946.6,2944.8,2946.4,210
2026-07-23T16:16:00+00:00,2946.5,2947.2,2945.3,2946.6,68
2026-07-23T16:17:00+00:00,2946.8,2948.1,2946.8,2947.8,74
2026-07-23T16:18:00+00:00,2947.7,2947.9,2946.5,2946.5,118
2026-07-23T16:19:00+00:00,2946.2,2946.3,2944.0,2946.1,145
2026-07-23T16:20:00+00:00,2946.3,2947.7,2946.2,2947.4,108
2026-07-23T16:21:00+00:00,2947.4,2948.9,2946.6,2948.4,140
2026-07-23T16:22:00+00:00,2948.6,2949.9,2948.0,2949.7,139
2026-07-23T16:23:00+00:00,2949.6,2951.0,2949.3,2950.0,319
2026-07-23T16:24:00+00:00,2950.0,2950.4,2949.3,2949.3,87
2026-07-23T16:25:00+00:00,2949.4,2950.2,2949.3,2949.8,94
2026-07-23T16:26:00+00:00,2949.4,2949.8,2947.5,2947.8,220
2026-07-23T16:27:00+00:00,2947.9,2949.0,2947.5,2948.1,151
2026-07-23T16:28:00+00:00,2948.0,2948.3,2946.7,2947.5,158
2026-07-23T16:29:00+00:00,2947.7,2949.3,2947.7,2949.2,130
2026-07-23T16:30:00+00:00,2949.3,2949.4,2947.2,2948.2,159
2026-07-23T16:31:00+00:00,2948.5,2948.9,2948.0,2948.3,33
2026-07-23T16:32:00+00:00,2948.2,2948.2,2947.2,2947.6,86
2026-07-23T16:33:00+00:00,2947.5,2947.7,2947.0,2947.1,87
2026-07-23T16:34:00+00:00,2947.4,2947.6,2946.5,2946.9,85
2026-07-23T16:35:00+00:00,2947.0,2948.4,2946.4,2947.8,133
2026-07-23T16:36:00+00:00,2947.9,2948.6,2946.7,2948.0,101
2026-07-23T16:37:00+00:00,2948.0,2948.1,2947.1,2947.6,114
2026-07-23T16:38:00+00:00,2947.5,2949.5,2947.3,2949.3,109
2026-07-23T16:39:00+00:00,2949.4,2951.0,2948.8,2950.9,301
2026-07-23T16:40:00+00:00,2951.0,2951.0,2948.7,2948.9,139
2026-07-23T16:41:00+00:00,2948.7,2949.1,2948.0,2948.2,79
2026-07-23T16:42:00+00:00,2948.0,2948.0,2946.9,2947.3,74
2026-07-23T16:43:00+00:00,2947.2,2947.4,2946.6,2947.0,64
2026-07-23T16:44:00+00:00,2946.8,2947.1,2946.3,2946.5,83
2026-07-23T16:45:00+00:00,2946.3,2946.3,2944.5,2944.5,356
2026-07-23T16:46:00+00:00,2944.7,2945.8,2944.7,2945.1,104
2026-07-23T16:47:00+00:00,2945.3,2945.7,2944.6,2945.5,127
2026-07-23T16:48:00+00:00,2945.5,2945.6,2944.2,2944.6,169
2026-07-23T16:49:00+00:00,2944.9,2945.1,2943.9,2943.9,107
2026-07-23T16:50:00+00:00,2943.8,2943.8,2942.5,2942.9,236
2026-07-23T16:51:00+00:00,2942.9,2944.1,2942.8,2943.5,141
2026-07-23T16:52:00+00:00,2943.8,2945.5,2943.8,2944.0,133
2026-07-23T16:53:00+00:00,2944.0,2944.0,2942.6,2943.3,81
2026-07-23T16:54:00+00:00,2943.2,2944.2,2943.2,2944.2,67
2026-07-23T16:55:00+00:00,2944.0,2945.9,2943.9,2945.1,118
2026-07-23T16:56:00+00:00,2945.2,2946.5,2945.0,2946.3,88
2026-07-23T16:57:00+00:00,2946.4,2946.4,2945.2,2945.8,71
2026-07-23T16:58:00+00:00,2945.8,2946.3,2945.3,2946.1,87
2026-07-23T16:59:00+00:00,2946.2,2948.3,2946.2,2947.9,105
2026-07-23T17:00:00+00:00,2948.1,2949.3,2946.7,2949.3,199
2026-07-23T17:01:00+00:00,2948.9,2949.1,2947.9,2948.3,75
2026-07-23T17:02:00+00:00,2948.1,2948.3,2946.3,2948.2,109
2026-07-23T17:03:00+00:00,2948.2,2948.4,2947.2,2947.4,80
2026-07-23T17:04:00+00:00,2947.0,2947.1,2945.2,2945.5,127
2026-07-23T17:05:00+00:00,2945.4,2945.6,2943.9,2945.1,167
2026-07-23T17:06:00+00:00,2945.0,2945.7,2944.1,2944.2,89
2026-07-23T17:07:00+00:00,2944.2,2945.5,2944.1,2944.5,71
2026-07-23T17:08:00+00:00,2944.4,2945.8,2943.7,2944.0,74
2026-07-23T17:09:00+00:00,2944.1,2945.8,2943.3,2945.8,122
2026-07-23T17:10:00+00:00,2946.0,2947.2,2945.7,2946.1,110
2026-07-23T17:11:00+00:00,2946.0,2946.0,2944.9,2945.3,97
2026-07-23T17:12:00+00:00,2945.5,2946.2,2945.2,2945.5,54
2026-07-23T17:13:00+00:00,2945.5,2945.7,2944.5,2944.7,86
2026-07-23T17:14:00+00:00,2944.8,2945.5,2944.1,2945.0,65
2026-07-23T17:15:00+00:00,2944.8,2945.5,2944.5,2945.5,71
2026-07-23T17:16:00+00:00,2945.7,2947.2,2945.5,2946.7,122
2026-07-23T17:17:00+00:00,2946.7,2947.5,2945.4,2945.4,125
2026-07-23T17:18:00+00:00,2945.4,2947.3,2945.0,2946.8,82
2026-07-23T17:19:00+00:00,2946.8,2946.8,2945.7,2946.2,55
2026-07-23T17:20:00+00:00,2946.3,2947.8,2946.2,2946.6,75
2026-07-23T17:21:00+00:00,2946.8,2947.4,2946.4,2947.3,30
2026-07-23T17:22:00+00:00,2946.0,2946.2,2945.0,2945.3,56
2026-07-23T17:23:00+00:00,2945.5,2946.3,2944.7,2946.3,46
2026-07-23T17:24:00+00:00,2946.5,2946.9,2945.7,2946.9,53
2026-07-23T17:25:00+00:00,2946.8,2947.6,2946.3,2947.5,51
2026-07-23T17:26:00+00:00,2947.5,2948.1,2946.6,2947.2,88
2026-07-23T17:27:00+00:00,2947.1,2947.4,2945.6,2945.9,61
2026-07-23T17:28:00+00:00,2946.0,2946.2,2945.4,2946.2,41
2026-07-23T17:29:00+00:00,2946.0,2946.0,2944.7,2944.7,89
2026-07-23T17:30:00+00:00,2944.7,2945.1,2943.2,2945.1,270
2026-07-23T17:31:00+00:00,2945.0,2945.3,2944.0,2944.4,101
2026-07-23T17:32:00+00:00,2944.5,2944.7,2943.8,2943.8,86
2026-07-23T17:33:00+00:00,2943.7,2944.4,2943.2,2943.9,95
2026-07-23T17:34:00+00:00,2943.8,2944.4,2942.9,2943.2,132
2026-07-23T17:35:00+00:00,2943.0,2943.4,2941.7,2941.8,184
2026-07-23T17:36:00+00:00,2941.7,2942.2,2940.9,2941.6,126
2026-07-23T17:37:00+00:00,2941.7,2941.8,2940.8,2941.4,118
2026-07-23T17:38:00+00:00,2941.5,2942.8,2941.3,2942.1,101
2026-07-23T17:39:00+00:00,2942.4,2942.4,2941.2,2941.3,75
2026-07-23T17:40:00+00:00,2941.3,2941.8,2940.1,2940.4,115
2026-07-23T17:41:00+00:00,2940.4,2942.0,2939.9,2941.9,162
2026-07-23T17:42:00+00:00,2942.0,2942.4,2941.4,2942.0,108
2026-07-23T17:43:00+00:00,2942.0,2942.5,2941.7,2942.3,93
2026-07-23T17:44:00+00:00,2942.3,2942.5,2941.4,2941.7,94
2026-07-23T17:45:00+00:00,2941.2,2943.4,2940.9,2942.7,139
2026-07-23T17:46:00+00:00,2942.6,2943.9,2942.4,2943.5,72
2026-07-23T17:47:00+00:00,2943.6,2944.4,2943.3,2943.9,66
2026-07-23T17:48:00+00:00,2944.0,2944.1,2942.9,2943.8,71
2026-07-23T17:49:00+00:00,2943.8,2944.7,2943.8,2944.0,88
2026-07-23T17:50:00+00:00,2943.8,2943.8,2942.6,2943.3,82
2026-07-23T17:51:00+00:00,2943.0,2943.6,2942.7,2943.0,56
2026-07-23T17:52:00+00:00,2943.2,2944.4,2942.8,2943.6,91
2026-07-23T17:53:00+00:00,2943.4,2943.8,2942.4,2943.2,88
2026-07-23T17:54:00+00:00,2943.1,2943.5,2942.5,2942.6,65
2026-07-23T17:55:00+00:00,2942.5,2942.5,2941.7,2942.5,73
2026-07-23T17:56:00+00:00,2942.5,2942.5,2941.2,2941.3,62
2026-07-23T17:57:00+00:00,2941.2,2941.7,2940.6,2940.9,118
2026-07-23T17:58:00+00:00,2940.9,2941.8,2940.7,2941.5,76
2026-07-23T17:59:00+00:00,2941.3,2941.3,2940.6,2940.7,44
2026-07-23T18:00:00+00:00,2940.7,2941.2,2940.0,2940.7,133
2026-07-23T18:01:00+00:00,2940.7,2940.7,2939.8,2940.2,68
2026-07-23T18:02:00+00:00,2940.4,2940.4,2939.6,2940.1,52
2026-07-23T18:03:00+00:00,2940.3,2940.6,2939.8,2940.5,58
2026-07-23T18:04:00+00:00,2940.6,2940.7,2939.2,2939.5,107
2026-07-23T18:05:00+00:00,2939.3,2940.0,2939.1,2939.8,63
2026-07-23T18:06:00+00:00,2940.1,2941.2,2939.6,2940.7,82
2026-07-23T18:07:00+00:00,2940.7,2940.7,2939.7,2939.8,30
2026-07-23T18:08:00+00:00,2939.6,2941.2,2939.6,2941.2,53
2026-07-23T18:09:00+00:00,2941.3,2941.4,2940.1,2940.1,67
2026-07-23T18:10:00+00:00,2940.0,2940.7,2939.6,2940.5,35
2026-07-23T18:11:00+00:00,2940.5,2940.8,2940.2,2940.8,34
2026-07-23T18:12:00+00:00,2940.9,2942.0,2940.9,2941.8,69
2026-07-23T18:13:00+00:00,2941.6,2941.6,2940.6,2940.8,38
2026-07-23T18:14:00+00:00,2940.5,2940.9,2939.3,2939.3,64
2026-07-23T18:15:00+00:00,2939.3,2940.1,2938.7,2940.1,95
2026-07-23T18:16:00+00:00,2940.2,2940.4,2939.6,2939.9,59
2026-07-23T18:17:00+00:00,2940.0,2940.2,2938.7,2938.8,33
2026-07-23T18:18:00+00:00,2938.6,2939.9,2938.6,2939.3,65
2026-07-23T18:19:00+00:00,2939.3,2940.6,2938.9,2940.4,51
2026-07-23T18:20:00+00:00,2940.6,2941.3,2940.6,2941.1,81
2026-07-23T18:21:00+00:00,2940.6,2942.7,2940.6,2942.5,82
2026-07-23T18:22:00+00:00,2942.5,2942.5,2941.2,2941.2,47
2026-07-23T18:23:00+00:00,2941.0,2941.6,2940.7,2941.6,30
2026-07-23T18:24:00+00:00,2941.7,2942.7,2941.5,2942.1,69
2026-07-23T18:25:00+00:00,2942.0,2942.3,2941.4,2941.9,54
2026-07-23T18:26:00+00:00,2942.1,2942.3,2941.7,2942.2,36
2026-07-23T18:27:00+00:00,2942.3,2942.3,2941.5,2941.8,36
2026-07-23T18:28:00+00:00,2941.8,2942.8,2941.6,2942.2,78
2026-07-23T18:29:00+00:00,2942.4,2942.8,2942.0,2942.5,18
2026-07-23T18:30:00+00:00,2942.6,2943.2,2941.9,2942.8,100
2026-07-23T18:31:00+00:00,2942.8,2944.1,2942.5,2943.0,132
2026-07-23T18:32:00+00:00,2943.1,2943.3,2942.3,2942.8,21
2026-07-23T18:33:00+00:00,2942.6,2942.7,2942.2,2942.7,21
2026-07-23T18:34:00+00:00,2942.9,2943.6,2942.9,2943.5,37
2026-07-23T18:35:00+00:00,2943.4,2943.7,2942.6,2942.6,36
2026-07-23T18:36:00+00:00,2942.7,2943.1,2942.3,2942.5,31
2026-07-23T18:37:00+00:00,2942.3,2942.5,2941.4,2942.2,42
2026-07-23T18:38:00+00:00,2942.3,2942.3,2941.6,2942.0,49
2026-07-23T18:39:00+00:00,2942.2,2942.6,2942.0,2942.5,66
2026-07-23T18:40:00+00:00,2942.6,2943.2,2942.3,2943.0,48
2026-07-23T18:41:00+00:00,2943.0,2943.0,2941.6,2941.8,47
2026-07-23T18:42:00+00:00,2941.8,2942.8,2941.5,2942.7,53
2026-07-23T18:43:00+00:00,2942.9,2943.2,2942.2,2942.9,35
2026-07-23T18:44:00+00:00,2943.1,2943.1,2942.5,2942.8,56
2026-07-23T18:45:00+00:00,2942.9,2943.9,2942.9,2943.9,132
2026-07-23T18:46:00+00:00,2943.8,2945.0,2943.8,2944.4,98
2026-07-23T18:47:00+00:00,2944.5,2945.0,2944.3,2944.7,205
2026-07-23T18:48:00+00:00,2944.9,2944.9,2943.6,2944.0,248
2026-07-23T18:49:00+00:00,2944.1,2944.2,2943.6,2943.9,39
2026-07-23T18:50:00+00:00,2944.0,2944.0,2943.4,2943.5,45
2026-07-23T18:51:00+00:00,2943.9,2944.3,2943.3,2943.4,37
2026-07-23T18:52:00+00:00,2943.5,2943.7,2942.8,2943.3,47
2026-07-23T18:53:00+00:00,2943.0,2943.5,2942.7,2943.1,57
2026-07-23T18:54:00+00:00,2943.0,2943.0,2941.4,2941.5,152
2026-07-23T18:55:00+00:00,2941.1,2942.1,2941.0,2942.0,96
2026-07-23T18:56:00+00:00,2941.7,2942.2,2941.0,2942.2,95
2026-07-23T18:57:00+00:00,2941.9,2942.3,2941.4,2941.7,32
2026-07-23T18:58:00+00:00,2941.8,2942.7,2941.5,2942.7,35
2026-07-23T18:59:00+00:00,2942.6,2943.5,2942.3,2943.5,79
2026-07-23T19:00:00+00:00,2943.7,2945.0,2943.4,2944.5,129
2026-07-23T19:01:00+00:00,2944.4,2944.7,2943.7,2943.7,56
2026-07-23T19:02:00+00:00,2943.8,2944.0,2943.6,2944.0,28
2026-07-23T19:03:00+00:00,2944.0,2944.0,2942.5,2942.5,39
2026-07-23T19:04:00+00:00,2942.7,2942.8,2942.3,2942.4,46
2026-07-23T19:05:00+00:00,2942.3,2942.7,2941.9,2942.4,47
2026-07-23T19:06:00+00:00,2942.8,2943.4,2942.3,2943.4,35
2026-07-23T19:07:00+00:00,2943.4,2944.0,2943.2,2944.0,32
2026-07-23T19:08:00+00:00,2944.2,2945.9,2944.0,2944.7,260
2026-07-23T19:09:00+00:00,2944.8,2944.8,2942.7,2942.8,77
2026-07-23T19:10:00+00:00,2942.8,2942.8,2941.8,2941.8,112
2026-07-23T19:11:00+00:00,2941.8,2943.2,2941.8,2943.1,39
2026-07-23T19:12:00+00:00,2943.3,2943.8,2943.1,2943.2,39
2026-07-23T19:13:00+00:00,2943.2,2943.6,2943.0,2943.3,32
2026-07-23T19:14:00+00:00,2943.3,2943.9,2943.3,2943.8,39
2026-07-23T19:15:00+00:00,2943.3,2944.8,2943.3,2944.1,45
2026-07-23T19:16:00+00:00,2944.3,2944.9,2944.2,2944.8,42
2026-07-23T19:17:00+00:00,2944.6,2945.7,2944.4,2944.6,162
2026-07-23T19:18:00+00:00,2944.6,2944.8,2944.1,2944.4,49
2026-07-23T19:19:00+00:00,2944.4,2944.7,2944.3,2944.6,30
2026-07-23T19:20:00+00:00,2944.7,2945.8,2944.7,2945.7,46
2026-07-23T19:21:00+00:00,2945.9,2946.3,2945.6,2945.6,91
2026-07-23T19:22:00+00:00,2945.9,2946.2,2944.7,2944.9,58
2026-07-23T19:23:00+00:00,2944.6,2945.6,2944.4,2945.3,73
2026-07-23T19:24:00+00:00,2945.6,2946.6,2945.3,2946.5,53
2026-07-23T19:25:00+00:00,2946.8,2948.4,2946.8,2947.5,152
2026-07-23T19:26:00+00:00,2947.5,2947.7,2947.0,2947.4,99
2026-07-23T19:27:00+00:00,2947.2,2948.4,2947.2,2947.9,94
2026-07-23T19:28:00+00:00,2948.2,2948.4,2946.7,2947.1,188
2026-07-23T19:29:00+00:00,2947.2,2947.8,2946.9,2947.7,55
2026-07-23T19:30:00+00:00,2948.0,2951.0,2947.9,2949.9,393
2026-07-23T19:31:00+00:00,2949.9,2949.9,2946.2,2946.5,220
2026-07-23T19:32:00+00:00,2946.5,2947.1,2945.8,2945.9,103
2026-07-23T19:33:00+00:00,2945.8,2946.2,2944.2,2945.6,246
2026-07-23T19:34:00+00:00,2945.7,2947.1,2945.4,2946.6,78
2026-07-23T19:35:00+00:00,2946.4,2947.6,2946.3,2946.3,131
2026-07-23T19:36:00+00:00,2946.4,2947.8,2946.0,2947.7,81
2026-07-23T19:37:00+00:00,2947.9,2949.1,2947.8,2948.8,67
2026-07-23T19:38:00+00:00,2948.6,2949.1,2947.8,2947.9,68
2026-07-23T19:39:00+00:00,2947.9,2949.2,2947.8,2947.8,215
2026-07-23T19:40:00+00:00,2947.7,2948.3,2947.3,2947.5,100
2026-07-23T19:41:00+00:00,2947.7,2947.9,2947.3,2947.5,73
2026-07-23T19:42:00+00:00,2947.6,2947.7,2946.7,2947.0,68
2026-07-23T19:43:00+00:00,2947.1,2947.8,2946.2,2947.0,140
2026-07-23T19:44:00+00:00,2947.3,2947.3,2946.3,2946.3,34
2026-07-23T19:45:00+00:00,2946.4,2946.6,2945.1,2945.3,144
2026-07-23T19:46:00+00:00,2945.2,2945.2,2944.1,2944.1,162
2026-07-23T19:47:00+00:00,2944.2,2945.3,2943.5,2944.9,236
2026-07-23T19:48:00+00:00,2945.0,2945.0,2943.3,2943.6,151
2026-07-23T19:49:00+00:00,2943.8,2944.1,2943.0,2943.7,114
2026-07-23T19:50:00+00:00,2943.4,2945.7,2942.4,2944.3,478
2026-07-23T19:51:00+00:00,2944.2,2944.4,2943.1,2944.4,122
2026-07-23T19:52:00+00:00,2944.5,2945.3,2942.8,2942.9,142
2026-07-23T19:53:00+00:00,2943.1,2943.1,2941.3,2942.1,301
2026-07-23T19:54:00+00:00,2942.2,2944.6,2941.4,2944.4,321
2026-07-23T19:55:00+00:00,2944.6,2947.2,2944.2,2947.2,392
2026-07-23T19:56:00+00:00,2947.1,2947.9,2946.9,2947.5,189
2026-07-23T19:57:00+00:00,2947.4,2948.7,2947.4,2948.6,158
2026-07-23T19:58:00+00:00,2948.4,2950.8,2947.5,2950.3,405
2026-07-23T19:59:00+00:00,2950.5,2952.5,2950.4,2951.8,1827
2026-07-23T20:00:00+00:00,2951.7,2952.9,2950.4,2952.1,661
2026-07-23T20:01:00+00:00,2951.8,2953.4,2951.3,2952.1,432
2026-07-23T20:02:00+00:00,2952.4,2952.7,2951.9,2952.3,109
2026-07-23T20:03:00+00:00,2952.3,2953.1,2952.3,2952.5,176
2026-07-23T20:04:00+00:00,2952.6,2952.7,2951.5,2951.6,143
2026-07-23T20:05:00+00:00,2951.5,2952.1,2950.9,2950.9,101
2026-07-23T20:06:00+00:00,2950.9,2951.3,2950.7,2951.0,49
2026-07-23T20:07:00+00:00,2951.0,2951.3,2950.8,2951.1,47
2026-07-23T20:08:00+00:00,2951.3,2951.3,2950.7,2950.7,15
2026-07-23T20:09:00+00:00,2950.7,2950.7,2950.1,2950.5,67
2026-07-23T20:10:00+00:00,2950.5,2951.5,2950.5,2950.9,57
2026-07-23T20:11:00+00:00,2950.8,2951.7,2950.7,2951.7,37
2026-07-23T20:12:00+00:00,2951.9,2952.1,2951.5,2951.5,46
2026-07-23T20:13:00+00:00,2951.2,2952.1,2951.1,2951.8,40
2026-07-23T20:14:00+00:00,2951.4,2951.7,2951.1,2951.3,32
2026-07-23T20:15:00+00:00,2951.4,2951.4,2950.4,2950.8,94
2026-07-23T20:16:00+00:00,2950.7,2951.9,2950.7,2951.3,45
2026-07-23T20:17:00+00:00,2951.3,2951.4,2951.0,2951.3,12
2026-07-23T20:18:00+00:00,2951.1,2951.1,2950.9,2950.9,11
2026-07-23T20:19:00+00:00,2950.7,2951.2,2950.6,2951.2,59
2026-07-23T20:20:00+00:00,2950.8,2951.1,2950.7,2950.7,21
2026-07-23T20:21:00+00:00,2950.7,2950.9,2950.3,2950.3,16
2026-07-23T20:22:00+00:00,2950.7,2951.2,2950.5,2951.2,4
2026-07-23T20:23:00+00:00,2951.2,2951.2,2950.8,2951.2,18
2026-07-23T20:24:00+00:00,2951.1,2951.2,2951.0,2951.1,11
2026-07-23T20:25:00+00:00,2951.2,2951.3,2951.0,2951.1,15
2026-07-23T20:26:00+00:00,2951.0,2951.2,2950.5,2950.8,40
2026-07-23T20:27:00+00:00,2950.6,2950.6,2950.3,2950.3,12
2026-07-23T20:28:00+00:00,2950.7,2950.8,2950.4,2950.7,19
2026-07-23T20:29:00+00:00,2950.6,2950.6,2950.1,2950.5,25
2026-07-23T20:30:00+00:00,2950.4,2950.6,2950.0,2950.6,24
2026-07-23T20:31:00+00:00,2950.6,2951.2,2950.6,2951.1,23
2026-07-23T20:32:00+00:00,2951.1,2951.6,2951.1,2951.4,62
2026-07-23T20:33:00+00:00,2951.3,2952.1,2951.0,2952.1,39
2026-07-23T20:34:00+00:00,2951.7,2952.1,2951.7,2952.0,24
2026-07-23T20:35:00+00:00,2951.9,2952.3,2951.4,2951.8,55
2026-07-23T20:36:00+00:00,2951.8,2952.0,2951.5,2951.8,22
2026-07-23T20:37:00+00:00,2951.9,2952.3,2951.9,2951.9,27
2026-07-23T20:38:00+00:00,2951.9,2951.9,2951.4,2951.4,28
2026-07-23T20:39:00+00:00,2951.3,2951.3,2950.8,2950.8,18
2026-07-23T20:40:00+00:00,2950.7,2950.7,2950.0,2950.0,27
2026-07-23T20:41:00+00:00,2949.9,2950.3,2949.8,2950.1,19
2026-07-23T20:42:00+00:00,2950.3,2950.3,2949.9,2949.9,30
2026-07-23T20:43:00+00:00,2949.8,2950.0,2949.7,2949.8,12
2026-07-23T20:44:00+00:00,2949.7,2950.0,2949.7,2950.0,33
2026-07-23T20:45:00+00:00,2949.9,2950.1,2949.9,2950.0,28
2026-07-23T20:46:00+00:00,2950.0,2950.3,2949.8,2950.3,18
2026-07-23T20:47:00+00:00,2949.9,2950.1,2949.6,2949.9,18
2026-07-23T20:48:00+00:00,2950.0,2950.2,2949.8,2950.2,16
2026-07-23T20:49:00+00:00,2950.2,2950.5,2950.0,2950.0,21
2026-07-23T20:50:00+00:00,2949.9,2950.2,2949.9,2950.2,12
2026-07-23T20:51:00+00:00,2950.2,2950.2,2950.1,2950.1,22
2026-07-23T20:52:00+00:00,2950.1,2950.2,2949.6,2949.6,18
2026-07-23T20:53:00+00:00,2949.5,2949.5,2949.2,2949.4,44
2026-07-23T20:54:00+00:00,2949.4,2949.6,2949.1,2949.5,76
2026-07-23T20:55:00+00:00,2949.4,2949.7,2949.1,2949.6,56
2026-07-23T20:56:00+00:00,2949.3,2949.5,2949.3,2949.5,22
2026-07-23T20:57:00+00:00,2949.5,2949.5,2949.0,2949.3,57
2026-07-23T20:58:00+00:00,2949.5,2949.7,2949.0,2949.2,47
2026-07-23T20:59:00+00:00,2949.2,2949.9,2948.9,2949.1,81
2026-07-23T22:00:00+00:00,2949.8,2950.9,2947.3,2948.3,88
2026-07-23T22:01:00+00:00,2948.0,2948.5,2947.2,2947.5,51
2026-07-23T22:02:00+00:00,2948.0,2948.5,2947.7,2948.5,21
2026-07-23T22:03:00+00:00,2948.2,2948.7,2948.2,2948.5,12
2026-07-23T22:04:00+00:00,2948.2,2948.2,2947.4,2947.7,12
2026-07-23T22:05:00+00:00,2947.4,2948.4,2947.4,2948.0,9
2026-07-23T22:06:00+00:00,2948.3,2948.3,2947.9,2947.9,11
2026-07-23T22:07:00+00:00,2948.1,2948.1,2947.5,2947.9,17
2026-07-23T22:08:00+00:00,2947.6,2947.6,2946.9,2947.1,16
2026-07-23T22:09:00+00:00,2947.1,2947.2,2946.7,2947.1,16
2026-07-23T22:10:00+00:00,2947.2,2947.3,2946.2,2946.2,44
2026-07-23T22:11:00+00:00,2946.1,2946.9,2946.1,2946.8,22
2026-07-23T22:12:00+00:00,2946.3,2946.5,2946.0,2946.0,21
2026-07-23T22:13:00+00:00,2946.0,2946.0,2945.6,2945.6,26
2026-07-23T22:14:00+00:00,2945.7,2946.6,2945.6,2946.5,17
2026-07-23T22:15:00+00:00,2946.4,2946.4,2946.0,2946.0,14
2026-07-23T22:16:00+00:00,2946.6,2946.6,2945.8,2945.8,25
2026-07-23T22:17:00+00:00,2946.1,2946.5,2946.1,2946.5,9
2026-07-23T22:18:00+00:00,2946.5,2946.8,2945.9,2945.9,9
2026-07-23T22:19:00+00:00,2946.0,2946.0,2946.0,2946.0,2
2026-07-23T22:20:00+00:00,2946.3,2946.3,2946.3,2946.3,1
2026-07-23T22:21:00+00:00,2946.4,2946.8,2946.4,2946.6,16
2026-07-23T22:22:00+00:00,2946.7,2947.3,2946.6,2946.9,36
2026-07-23T22:23:00+00:00,2947.1,2947.6,2947.1,2947.3,21
2026-07-23T22:24:00+00:00,2947.8,2947.9,2947.5,2947.7,17
2026-07-23T22:25:00+00:00,2947.3,2947.4,2946.9,2947.0,16
2026-07-23T22:26:00+00:00,2946.9,2947.0,2946.5,2946.8,28
2026-07-23T22:27:00+00:00,2946.8,2947.4,2946.7,2947.4,10
2026-07-23T22:28:00+00:00,2947.3,2947.3,2947.2,2947.3,5
2026-07-23T22:29:00+00:00,2947.2,2947.2,2946.6,2946.6,7
2026-07-23T22:30:00+00:00,2946.8,2947.7,2946.8,2947.6,19
2026-07-23T22:31:00+00:00,2947.7,2948.1,2947.7,2948.0,42
2026-07-23T22:32:00+00:00,2947.9,2948.4,2947.7,2947.8,41
2026-07-23T22:33:00+00:00,2948.0,2948.0,2947.4,2947.4,5
2026-07-23T22:34:00+00:00,2947.5,2947.5,2947.4,2947.4,2
2026-07-23T22:35:00+00:00,2947.1,2947.2,2947.1,2947.2,10
2026-07-23T22:36:00+00:00,2947.0,2947.1,2947.0,2947.1,3
2026-07-23T22:37:00+00:00,2946.9,2946.9,2946.9,2946.9,10
2026-07-23T22:38:00+00:00,2947.6,2947.6,2947.6,2947.6,3
2026-07-23T22:39:00+00:00,2947.5,2947.7,2947.0,2947.0,9
2026-07-23T22:40:00+00:00,2947.1,2947.3,2947.1,2947.3,2
2026-07-23T22:41:00+00:00,2946.9,2946.9,2946.9,2946.9,1
2026-07-23T22:42:00+00:00,2946.9,2947.5,2946.9,2947.5,5
2026-07-23T22:43:00+00:00,2947.5,2947.8,2947.4,2947.8,9
2026-07-23T22:44:00+00:00,2947.7,2947.7,2947.7,2947.7,2
2026-07-23T22:45:00+00:00,2947.6,2947.6,2947.5,2947.5,3
2026-07-23T22:46:00+00:00,2947.9,2948.4,2947.9,2948.0,7
2026-07-23T22:47:00+00:00,2947.8,2947.8,2947.8,2947.8,1
2026-07-23T22:48:00+00:00,2948.0,2948.1,2948.0,2948.1,3
2026-07-23T22:49:00+00:00,2948.0,2948.0,2947.9,2947.9,4
2026-07-23T22:50:00+00:00,2947.7,2947.7,2947.7,2947.7,1
2026-07-23T22:51:00+00:00,2948.0,2948.1,2948.0,2948.1,5
2026-07-23T22:52:00+00:00,2948.1,2948.1,2947.9,2947.9,15
2026-07-23T22:53:00+00:00,2947.8,2947.9,2947.8,2947.9,3
2026-07-23T22:54:00+00:00,2947.9,2948.0,2947.9,2948.0,4
2026-07-23T22:55:00+00:00,2948.2,2948.2,2948.0,2948.0,10
2026-07-23T22:56:00+00:00,2948.1,2948.1,2948.1,2948.1,1
2026-07-23T22:57:00+00:00,2948.2,2948.2,2948.1,2948.2,3
2026-07-23T22:58:00+00:00,2948.3,2948.8,2948.3,2948.8,7
2026-07-23T22:59:00+00:00,2948.8,2949.0,2948.7,2948.8,6
2026-07-23T23:00:00+00:00,2948.7,2949.2,2948.6,2948.9,33
2026-07-23T23:01:00+00:00,2948.7,2948.7,2948.4,2948.4,9
2026-07-23T23:02:00+00:00,2948.5,2949.0,2948.5,2949.0,9
2026-07-23T23:03:00+00:00,2948.4,2948.5,2947.8,2947.9,11
2026-07-23T23:04:00+00:00,2947.9,2947.9,2947.4,2947.5,18
2026-07-23T23:05:00+00:00,2947.6,2948.2,2947.6,2947.8,23
2026-07-23T23:06:00+00:00,2947.5,2947.5,2947.5,2947.5,2
2026-07-23T23:07:00+00:00,2947.7,2947.8,2947.6,2947.8,3
2026-07-23T23:08:00+00:00,2947.5,2947.5,2947.3,2947.4,11
2026-07-23T23:09:00+00:00,2947.5,2947.5,2947.2,2947.2,7
2026-07-23T23:10:00+00:00,2947.3,2947.4,2947.2,2947.4,5
2026-07-23T23:11:00+00:00,2947.2,2947.3,2946.9,2946.9,27
2026-07-23T23:12:00+00:00,2947.0,2947.0,2946.8,2946.9,6
2026-07-23T23:13:00+00:00,2946.7,2947.1,2946.7,2947.1,3
2026-07-23T23:14:00+00:00,2947.0,2947.2,2947.0,2947.0,10
2026-07-23T23:15:00+00:00,2946.9,2947.1,2946.7,2947.1,16
2026-07-23T23:16:00+00:00,2947.3,2947.3,2947.3,2947.3,2
2026-07-23T23:17:00+00:00,2947.0,2947.0,2947.0,2947.0,1
2026-07-23T23:18:00+00:00,2946.7,2947.0,2946.6,2946.6,8
2026-07-23T23:19:00+00:00,2946.7,2946.8,2946.7,2946.8,6
2026-07-23T23:20:00+00:00,2946.9,2947.0,2946.3,2946.3,32
2026-07-23T23:21:00+00:00,2946.4,2946.6,2946.1,2946.6,33
2026-07-23T23:22:00+00:00,2946.6,2946.7,2946.2,2946.5,23
2026-07-23T23:23:00+00:00,2946.6,2946.7,2946.6,2946.7,7
2026-07-23T23:24:00+00:00,2946.9,2946.9,2946.7,2946.9,8
2026-07-23T23:25:00+00:00,2946.8,2946.8,2946.5,2946.5,4
2026-07-23T23:26:00+00:00,2946.4,2946.4,2946.4,2946.4,2
2026-07-23T23:27:00+00:00,2946.6,2946.8,2946.6,2946.8,6
2026-07-23T23:28:00+00:00,2946.9,2947.0,2946.9,2947.0,4
2026-07-23T23:29:00+00:00,2947.3,2947.3,2947.2,2947.2,3
2026-07-23T23:30:00+00:00,2947.3,2947.3,2947.0,2947.0,15
2026-07-23T23:31:00+00:00,2946.5,2946.5,2946.4,2946.5,13
2026-07-23T23:32:00+00:00,2946.7,2946.7,2946.4,2946.4,9
2026-07-23T23:33:00+00:00,2946.5,2947.1,2946.5,2947.1,8
2026-07-23T23:34:00+00:00,2947.0,2947.1,2947.0,2947.1,2
2026-07-23T23:35:00+00:00,2947.4,2947.4,2947.0,2947.0,2
2026-07-23T23:36:00+00:00,2947.1,2947.2,2947.0,2947.0,12
2026-07-23T23:37:00+00:00,2946.9,2946.9,2946.8,2946.8,6
2026-07-23T23:38:00+00:00,2946.7,2946.7,2946.7,2946.7,1
2026-07-23T23:39:00+00:00,2946.5,2946.5,2946.2,2946.3,11
2026-07-23T23:40:00+00:00,2946.3,2946.3,2944.7,2945.4,103
2026-07-23T23:41:00+00:00,2945.6,2946.4,2945.5,2946.4,47
2026-07-23T23:42:00+00:00,2946.0,2946.8,2946.0,2946.2,34
2026-07-23T23:43:00+00:00,2946.3,2946.3,2946.0,2946.0,3
2026-07-23T23:44:00+00:00,2946.2,2946.5,2946.2,2946.3,32
2026-07-23T23:45:00+00:00,2946.3,2948.3,2946.0,2947.9,42
2026-07-23T23:46:00+00:00,2947.5,2947.5,2947.2,2947.2,13
2026-07-23T23:47:00+00:00,2947.3,2947.3,2946.5,2946.6,15
2026-07-23T23:48:00+00:00,2946.7,2946.8,2946.2,2946.2,11
2026-07-23T23:49:00+00:00,2946.8,2946.8,2946.8,2946.8,2
2026-07-23T23:50:00+00:00,2946.3,2946.9,2946.1,2946.3,23
2026-07-23T23:51:00+00:00,2946.3,2946.5,2945.8,2945.8,11
2026-07-23T23:52:00+00:00,2945.6,2946.0,2945.5,2945.9,19
2026-07-23T23:53:00+00:00,2945.8,2945.8,2945.3,2945.3,10
2026-07-23T23:54:00+00:00,2945.4,2945.6,2945.0,2945.2,23
2026-07-23T23:55:00+00:00,2945.2,2945.7,2945.1,2945.7,13
2026-07-23T23:56:00+00:00,2946.0,2946.2,2945.4,2945.4,28
2026-07-23T23:57:00+00:00,2945.6,2946.4,2945.6,2946.4,15
2026-07-23T23:58:00+00:00,2946.2,2947.1,2946.2,2947.1,24
2026-07-23T23:59:00+00:00,2946.9,2946.9,2946.0,2946.0,5
2026-07-24T00:00:00+00:00,2946.6,2947.3,2946.3,2946.9,26
2026-07-24T00:01:00+00:00,2947.2,2948.3,2947.2,2947.5,88
2026-07-24T00:02:00+00:00,2947.8,2949.1,2947.7,2947.7,58
2026-07-24T00:03:00+00:00,2947.6,2947.9,2947.5,2947.6,6
2026-07-24T00:04:00+00:00,2947.5,2947.5,2945.9,2946.0,35
2026-07-24T00:05:00+00:00,2946.1,2946.3,2945.2,2946.0,36
2026-07-24T00:06:00+00:00,2946.1,2947.1,2945.4,2947.1,54
2026-07-24T00:07:00+00:00,2946.3,2946.3,2946.2,2946.2,2
2026-07-24T00:08:00+00:00,2946.0,2946.3,2946.0,2946.3,8
2026-07-24T00:09:00+00:00,2946.1,2946.2,2945.8,2945.8,10
2026-07-24T00:10:00+00:00,2946.0,2946.7,2945.1,2945.1,21
2026-07-24T00:11:00+00:00,2945.6,2945.6,2944.5,2945.1,35
2026-07-24T00:12:00+00:00,2945.7,2946.7,2945.4,2946.7,17
2026-07-24T00:13:00+00:00,2946.5,2946.9,2945.8,2946.4,29
2026-07-24T00:14:00+00:00,2946.4,2946.5,2945.7,2946.1,10
2026-07-24T00:15:00+00:00,2946.3,2946.3,2944.9,2945.4,22
2026-07-24T00:16:00+00:00,2944.9,2946.8,2944.9,2946.8,20
2026-07-24T00:17:00+00:00,2947.1,2947.1,2946.7,2947.0,11
2026-07-24T00:18:00+00:00,2946.8,2948.3,2946.7,2947.7,30
2026-07-24T00:19:00+00:00,2947.4,2947.4,2946.3,2946.3,8
2026-07-24T00:20:00+00:00,2946.5,2947.0,2946.2,2947.0,11
2026-07-24T00:21:00+00:00,2947.4,2949.1,2947.4,2948.4,74
2026-07-24T00:22:00+00:00,2948.7,2949.3,2948.1,2948.9,52
2026-07-24T00:23:00+00:00,2948.9,2950.6,2948.9,2950.0,61
2026-07-24T00:24:00+00:00,2949.8,2949.9,2949.4,2949.4,29
2026-07-24T00:25:00+00:00,2949.3,2949.7,2949.0,2949.0,13
2026-07-24T00:26:00+00:00,2949.3,2949.4,2949.0,2949.0,14
2026-07-24T00:27:00+00:00,2948.9,2949.5,2948.9,2949.5,36
2026-07-24T00:28:00+00:00,2949.1,2949.1,2948.8,2948.8,16
2026-07-24T00:29:00+00:00,2948.7,2949.1,2948.5,2949.1,19
2026-07-24T00:30:00+00:00,2949.0,2949.1,2948.3,2948.3,19
2026-07-24T00:31:00+00:00,2948.0,2948.2,2948.0,2948.2,4
2026-07-24T00:32:00+00:00,2947.9,2948.5,2947.9,2948.5,6
2026-07-24T00:33:00+00:00,2948.0,2948.5,2948.0,2948.5,12
2026-07-24T00:34:00+00:00,2948.5,2948.5,2948.5,2948.5,1
2026-07-24T00:35:00+00:00,2948.1,2948.2,2947.5,2947.7,11
2026-07-24T00:36:00+00:00,2947.9,2949.0,2947.8,2948.6,18
2026-07-24T00:37:00+00:00,2948.3,2948.5,2948.3,2948.3,4
2026-07-24T00:38:00+00:00,2948.3,2948.5,2948.2,2948.4,7
2026-07-24T00:39:00+00:00,2948.5,2949.2,2948.5,2948.9,5
2026-07-24T00:40:00+00:00,2949.1,2949.6,2949.1,2949.6,14
2026-07-24T00:41:00+00:00,2949.7,2949.7,2949.0,2949.0,12
2026-07-24T00:42:00+00:00,2949.1,2950.7,2948.9,2950.7,36
2026-07-24T00:43:00+00:00,2950.5,2950.5,2949.6,2949.6,23
2026-07-24T00:44:00+00:00,2950.1,2950.4,2950.0,2950.2,12
2026-07-24T00:45:00+00:00,2950.2,2950.3,2949.9,2949.9,23
2026-07-24T00:46:00+00:00,2950.4,2951.2,2950.4,2950.4,31
2026-07-24T00:47:00+00:00,2950.3,2951.4,2950.3,2951.4,14
2026-07-24T00:48:00+00:00,2951.5,2951.5,2951.1,2951.1,10
2026-07-24T00:49:00+00:00,2950.7,2950.7,2950.7,2950.7,1
2026-07-24T00:50:00+00:00,2950.7,2951.0,2950.3,2951.0,45
2026-07-24T00:51:00+00:00,2951.1,2951.1,2950.2,2950.3,20
2026-07-24T00:52:00+00:00,2950.3,2950.3,2950.1,2950.1,5
2026-07-24T00:53:00+00:00,2950.2,2950.2,2949.9,2949.9,7
2026-07-24T00:54:00+00:00,2949.6,2949.6,2949.0,2949.2,12
2026-07-24T00:55:00+00:00,2948.6,2949.2,2948.3,2949.2,28
2026-07-24T00:56:00+00:00,2949.6,2949.9,2949.4,2949.9,13
2026-07-24T00:57:00+00:00,2950.2,2950.7,2950.2,2950.7,24
2026-07-24T00:58:00+00:00,2951.1,2951.3,2951.1,2951.3,5
2026-07-24T00:59:00+00:00,2951.2,2951.5,2951.1,2951.5,5
2026-07-24T01:00:00+00:00,2951.5,2952.0,2951.2,2951.2,59
2026-07-24T01:01:00+00:00,2952.1,2952.5,2952.0,2952.5,31
2026-07-24T01:02:00+00:00,2952.6,2952.6,2951.6,2951.6,35
2026-07-24T01:03:00+00:00,2951.6,2951.6,2950.9,2950.9,38
2026-07-24T01:04:00+00:00,2951.0,2952.1,2950.9,2952.1,18
2026-07-24T01:05:00+00:00,2952.2,2952.3,2951.8,2952.1,19
2026-07-24T01:06:00+00:00,2952.3,2952.3,2951.6,2951.6,21
2026-07-24T01:07:00+00:00,2951.7,2951.8,2951.7,2951.8,4
2026-07-24T01:08:00+00:00,2951.8,2952.2,2951.8,2952.2,11
2026-07-24T01:09:00+00:00,2952.4,2952.4,2951.8,2951.8,11
2026-07-24T01:10:00+00:00,2951.6,2951.7,2951.0,2951.0,4
2026-07-24T01:11:00+00:00,2951.2,2951.6,2951.2,2951.5,9
2026-07-24T01:12:00+00:00,2951.2,2951.2,2950.4,2950.9,9
2026-07-24T01:13:00+00:00,2951.3,2951.3,2951.1,2951.2,7
2026-07-24T01:14:00+00:00,2950.7,2951.0,2950.2,2950.3,25
2026-07-24T01:15:00+00:00,2950.2,2950.5,2949.9,2950.4,44
2026-07-24T01:16:00+00:00,2950.8,2951.4,2950.8,2951.1,8
2026-07-24T01:17:00+00:00,2950.8,2951.5,2950.8,2951.3,16
2026-07-24T01:18:00+00:00,2951.6,2951.6,2950.3,2950.7,22
2026-07-24T01:19:00+00:00,2951.1,2951.1,2951.1,2951.1,3
2026-07-24T01:20:00+00:00,2950.8,2951.3,2950.8,2951.3,3
2026-07-24T01:21:00+00:00,2951.4,2951.4,2951.0,2951.1,26
2026-07-24T01:22:00+00:00,2951.1,2951.1,2950.9,2950.9,5
2026-07-24T01:23:00+00:00,2950.8,2950.8,2950.8,2950.8,8
2026-07-24T01:24:00+00:00,2950.6,2951.4,2950.6,2951.2,24
2026-07-24T01:25:00+00:00,2951.2,2952.2,2951.2,2952.1,15
2026-07-24T01:26:00+00:00,2952.0,2952.7,2952.0,2952.5,25
2026-07-24T01:27:00+00:00,2952.2,2952.6,2952.2,2952.4,12
2026-07-24T01:28:00+00:00,2952.3,2952.5,2951.8,2951.8,41
2026-07-24T01:29:00+00:00,2951.9,2952.0,2951.2,2951.2,38
2026-07-24T01:30:00+00:00,2951.1,2951.8,2951.1,2951.5,31
2026-07-24T01:31:00+00:00,2951.6,2951.6,2950.9,2951.1,35
2026-07-24T01:32:00+00:00,2951.1,2951.2,2951.0,2951.2,11
2026-07-24T01:33:00+00:00,2951.4,2952.5,2951.4,2952.5,27
2026-07-24T01:34:00+00:00,2952.4,2952.5,2952.4,2952.5,19
2026-07-24T01:35:00+00:00,2952.2,2952.2,2951.5,2951.5,19
2026-07-24T01:36:00+00:00,2951.7,2952.0,2951.7,2952.0,6
2026-07-24T01:37:00+00:00,2951.8,2952.2,2951.7,2952.2,19
2026-07-24T01:38:00+00:00,2952.4,2952.5,2952.4,2952.5,6
2026-07-24T01:39:00+00:00,2951.6,2951.6,2951.5,2951.6,10
2026-07-24T01:40:00+00:00,2951.5,2951.9,2951.5,2951.6,14
2026-07-24T01:42:00+00:00,2952.4,2953.2,2952.4,2952.9,51
2026-07-24T01:43:00+00:00,2952.9,2953.1,2952.9,2952.9,11
2026-07-24T01:44:00+00:00,2953.1,2953.8,2952.9,2953.1,64
2026-07-24T01:45:00+00:00,2953.0,2953.0,2952.7,2952.9,19
2026-07-24T01:46:00+00:00,2952.9,2952.9,2952.6,2952.6,6
2026-07-24T01:47:00+00:00,2953.0,2953.0,2952.6,2952.6,15
2026-07-24T01:48:00+00:00,2952.5,2952.6,2952.4,2952.4,10
2026-07-24T01:49:00+00:00,2952.3,2952.3,2951.8,2951.8,12
2026-07-24T01:50:00+00:00,2951.3,2951.3,2950.8,2950.8,7
2026-07-24T01:51:00+00:00,2950.7,2951.1,2950.6,2950.7,14
2026-07-24T01:52:00+00:00,2950.7,2950.7,2950.4,2950.7,9
2026-07-24T01:53:00+00:00,2950.7,2951.3,2950.6,2951.3,16
2026-07-24T01:54:00+00:00,2951.2,2951.4,2951.2,2951.3,5
2026-07-24T01:55:00+00:00,2951.2,2951.5,2951.1,2951.3,8
2026-07-24T01:56:00+00:00,2951.0,2951.0,2950.5,2950.8,13
2026-07-24T01:57:00+00:00,2950.6,2950.7,2950.6,2950.6,20
2026-07-24T01:58:00+00:00,2950.3,2950.4,2950.0,2950.4,22
2026-07-24T01:59:00+00:00,2950.3,2950.5,2950.2,2950.5,5
2026-07-24T02:00:00+00:00,2950.4,2950.5,2950.2,2950.3,21
2026-07-24T02:01:00+00:00,2950.1,2950.1,2949.6,2949.8,17
2026-07-24T02:02:00+00:00,2950.0,2950.0,2949.9,2949.9,2
2026-07-24T02:03:00+00:00,2950.0,2950.1,2949.8,2950.0,10
2026-07-24T02:04:00+00:00,2950.0,2950.0,2950.0,2950.0,1
2026-07-24T02:05:00+00:00,2949.6,2949.6,2949.0,2949.0,7
2026-07-24T02:06:00+00:00,2949.0,2949.4,2948.9,2949.4,14
2026-07-24T02:07:00+00:00,2949.2,2949.3,2948.8,2949.1,25
2026-07-24T02:08:00+00:00,2949.3,2949.4,2948.7,2949.0,16
2026-07-24T02:09:00+00:00,2949.4,2950.4,2949.4,2950.4,14
2026-07-24T02:10:00+00:00,2950.6,2951.0,2950.6,2951.0,2
2026-07-24T02:11:00+00:00,2950.5,2951.5,2950.5,2951.3,16
2026-07-24T02:12:00+00:00,2951.0,2951.2,2951.0,2951.1,5
2026-07-24T02:13:00+00:00,2951.0,2951.1,2950.8,2950.8,6
2026-07-24T02:14:00+00:00,2950.6,2951.0,2950.6,2950.8,6
2026-07-24T02:15:00+00:00,2950.9,2951.1,2950.9,2951.1,4
2026-07-24T02:16:00+00:00,2950.5,2950.5,2950.4,2950.4,2
2026-07-24T02:17:00+00:00,2950.6,2950.8,2950.6,2950.8,3
2026-07-24T02:18:00+00:00,2950.0,2950.2,2950.0,2950.2,4
2026-07-24T02:19:00+00:00,2950.5,2950.5,2950.5,2950.5,5
2026-07-24T02:20:00+00:00,2950.0,2950.0,2950.0,2950.0,1
2026-07-24T02:21:00+00:00,2949.8,2949.9,2949.7,2949.7,13
2026-07-24T02:22:00+00:00,2949.9,2950.0,2949.4,2949.5,16
2026-07-24T02:23:00+00:00,2949.4,2950.1,2949.4,2950.1,9
2026-07-24T02:24:00+00:00,2949.9,2950.5,2949.9,2950.5,10
2026-07-24T02:25:00+00:00,2950.5,2950.8,2950.5,2950.8,2
2026-07-24T02:26:00+00:00,2950.6,2950.6,2950.6,2950.6,5
2026-07-24T02:27:00+00:00,2950.8,2950.8,2950.4,2950.4,4
2026-07-24T02:28:00+00:00,2950.8,2950.8,2950.5,2950.5,5
2026-07-24T02:29:00+00:00,2950.0,2950.0,2949.8,2950.0,18
2026-07-24T02:30:00+00:00,2949.5,2949.8,2949.5,2949.7,3
2026-07-24T02:31:00+00:00,2949.5,2949.6,2949.5,2949.6,4
2026-07-24T02:32:00+00:00,2949.6,2949.6,2948.9,2948.9,3
2026-07-24T02:33:00+00:00,2948.8,2948.9,2948.3,2948.3,10
2026-07-24T02:34:00+00:00,2948.5,2948.5,2948.5,2948.5,1
2026-07-24T02:35:00+00:00,2948.5,2948.6,2948.4,2948.5,9
2026-07-24T02:36:00+00:00,2948.3,2948.3,2947.8,2947.8,54
2026-07-24T02:37:00+00:00,2947.8,2947.8,2947.3,2947.8,32
2026-07-24T02:38:00+00:00,2947.6,2947.7,2947.6,2947.6,4
2026-07-24T02:39:00+00:00,2947.4,2947.4,2947.3,2947.4,5
2026-07-24T02:40:00+00:00,2947.4,2947.5,2947.2,2947.5,7
2026-07-24T02:41:00+00:00,2947.3,2947.6,2947.3,2947.5,13
2026-07-24T02:42:00+00:00,2947.5,2947.5,2947.4,2947.4,4
2026-07-24T02:43:00+00:00,2947.1,2947.2,2947.1,2947.1,5
2026-07-24T02:44:00+00:00,2947.4,2947.4,2947.3,2947.3,10
2026-07-24T02:45:00+00:00,2947.1,2947.2,2946.9,2947.1,23
2026-07-24T02:46:00+00:00,2946.9,2947.2,2946.6,2946.6,30
2026-07-24T02:47:00+00:00,2946.7,2947.0,2946.5,2947.0,17
2026-07-24T02:48:00+00:00,2946.6,2946.6,2945.7,2945.8,33
2026-07-24T02:49:00+00:00,2946.1,2946.2,2945.7,2946.1,16
2026-07-24T02:50:00+00:00,2945.8,2946.2,2945.7,2946.2,10
2026-07-24T02:51:00+00:00,2946.2,2946.3,2946.0,2946.2,20
2026-07-24T02:52:00+00:00,2945.8,2945.8,2945.8,2945.8,2
2026-07-24T02:53:00+00:00,2945.6,2945.6,2945.3,2945.3,10
2026-07-24T02:54:00+00:00,2945.2,2945.3,2945.0,2945.0,12
2026-07-24T02:55:00+00:00,2945.1,2945.9,2945.0,2945.8,13
2026-07-24T02:56:00+00:00,2945.8,2945.8,2945.8,2945.8,9
2026-07-24T02:57:00+00:00,2945.9,2945.9,2945.5,2945.5,5
2026-07-24T02:58:00+00:00,2945.5,2945.7,2945.0,2945.2,49
2026-07-24T02:59:00+00:00,2945.1,2945.1,2944.6,2944.6,32
2026-07-24T03:00:00+00:00,2944.5,2945.3,2944.5,2945.1,18
2026-07-24T03:01:00+00:00,2945.2,2945.2,2944.1,2944.5,18
2026-07-24T03:02:00+00:00,2944.3,2944.3,2944.1,2944.3,22
2026-07-24T03:03:00+00:00,2944.5,2944.6,2944.2,2944.6,9
2026-07-24T03:04:00+00:00,2944.5,2945.1,2944.5,2944.8,21
2026-07-24T03:05:00+00:00,2945.1,2945.4,2945.1,2945.4,5
2026-07-24T03:06:00+00:00,2945.2,2945.5,2944.9,2945.1,10
2026-07-24T03:07:00+00:00,2945.3,2945.3,2944.9,2944.9,3
2026-07-24T03:08:00+00:00,2945.4,2945.4,2945.0,2945.1,21
2026-07-24T03:09:00+00:00,2944.7,2944.7,2944.4,2944.4,20
2026-07-24T03:10:00+00:00,2944.7,2944.9,2944.1,2944.4,16
2026-07-24T03:11:00+00:00,2944.3,2944.9,2944.2,2944.9,7
2026-07-24T03:12:00+00:00,2945.0,2945.2,2945.0,2945.2,4
2026-07-24T03:13:00+00:00,2945.2,2945.4,2944.9,2945.1,10
2026-07-24T03:14:00+00:00,2945.5,2945.5,2945.3,2945.3,9
2026-07-24T03:15:00+00:00,2945.4,2945.4,2945.4,2945.4,1
2026-07-24T03:16:00+00:00,2945.8,2946.1,2945.8,2946.1,4
2026-07-24T03:17:00+00:00,2946.1,2946.2,2945.9,2946.2,15
2026-07-24T03:18:00+00:00,2946.3,2946.7,2946.3,2946.3,31
2026-07-24T03:19:00+00:00,2945.8,2946.0,2944.5,2944.7,69
2026-07-24T03:20:00+00:00,2944.7,2945.0,2944.7,2945.0,8
2026-07-24T03:21:00+00:00,2945.0,2945.3,2945.0,2945.3,16
2026-07-24T03:22:00+00:00,2946.1,2946.1,2946.0,2946.0,7
2026-07-24T03:23:00+00:00,2945.5,2945.6,2945.5,2945.6,4
2026-07-24T03:25:00+00:00,2946.0,2946.5,2946.0,2946.5,16
2026-07-24T03:26:00+00:00,2946.1,2946.1,2945.8,2946.0,3
2026-07-24T03:27:00+00:00,2946.3,2946.7,2946.3,2946.5,5
2026-07-24T03:28:00+00:00,2946.4,2946.5,2946.2,2946.3,6
2026-07-24T03:29:00+00:00,2946.0,2946.0,2946.0,2946.0,1
2026-07-24T03:30:00+00:00,2945.4,2945.6,2945.1,2945.6,43
2026-07-24T03:31:00+00:00,2945.6,2946.4,2945.6,2946.4,3
2026-07-24T03:32:00+00:00,2945.3,2945.3,2944.8,2944.8,4
2026-07-24T03:33:00+00:00,2944.8,2944.9,2944.5,2944.5,4
2026-07-24T03:34:00+00:00,2944.5,2944.6,2943.7,2944.6,31
2026-07-24T03:35:00+00:00,2945.0,2945.4,2944.8,2945.1,10
2026-07-24T03:36:00+00:00,2945.0,2945.0,2944.6,2944.6,3
2026-07-24T03:37:00+00:00,2944.9,2944.9,2944.8,2944.9,5
2026-07-24T03:38:00+00:00,2945.5,2945.5,2945.5,2945.5,1
2026-07-24T03:39:00+00:00,2946.0,2946.4,2945.7,2945.7,6
2026-07-24T03:40:00+00:00,2946.0,2946.0,2945.7,2945.7,4
2026-07-24T03:41:00+00:00,2945.9,2946.1,2945.8,2946.1,4
2026-07-24T03:42:00+00:00,2945.7,2946.0,2945.6,2945.9,22
2026-07-24T03:43:00+00:00,2945.7,2945.7,2945.5,2945.5,6
2026-07-24T03:44:00+00:00,2945.3,2945.3,2945.3,2945.3,3
2026-07-24T03:45:00+00:00,2945.3,2945.4,2944.9,2945.4,17
2026-07-24T03:46:00+00:00,2945.4,2945.8,2945.4,2945.6,9
2026-07-24T03:47:00+00:00,2946.0,2946.0,2945.7,2945.8,3
2026-07-24T03:48:00+00:00,2945.8,2945.9,2945.8,2945.9,2
2026-07-24T03:49:00+00:00,2946.0,2946.1,2946.0,2946.1,2
2026-07-24T03:50:00+00:00,2945.9,2946.1,2945.9,2946.0,8
2026-07-24T03:51:00+00:00,2946.0,2946.0,2945.7,2945.8,6
2026-07-24T03:52:00+00:00,2945.6,2945.6,2945.6,2945.6,4
2026-07-24T03:53:00+00:00,2946.0,2946.0,2945.9,2945.9,4
2026-07-24T03:55:00+00:00,2945.1,2945.2,2944.9,2945.1,5
2026-07-24T03:56:00+00:00,2944.9,2945.1,2944.9,2945.0,7
2026-07-24T03:57:00+00:00,2945.0,2945.0,2944.7,2944.7,13
2026-07-24T03:58:00+00:00,2944.8,2944.8,2944.8,2944.8,4
2026-07-24T03:59:00+00:00,2944.7,2944.8,2944.7,2944.8,2
2026-07-24T04:00:00+00:00,2944.8,2944.9,2944.1,2944.1,14
2026-07-24T04:01:00+00:00,2944.0,2944.1,2944.0,2944.0,6
2026-07-24T04:02:00+00:00,2943.9,2943.9,2943.7,2943.9,6
2026-07-24T04:03:00+00:00,2943.8,2943.8,2943.5,2943.8,10
2026-07-24T04:04:00+00:00,2943.8,2943.8,2943.7,2943.7,5
2026-07-24T04:05:00+00:00,2944.2,2945.1,2944.0,2944.9,28
2026-07-24T04:06:00+00:00,2944.8,2944.8,2944.6,2944.6,2
2026-07-24T04:07:00+00:00,2944.2,2945.7,2944.2,2945.7,8
2026-07-24T04:08:00+00:00,2945.4,2945.7,2945.2,2945.5,15
2026-07-24T04:09:00+00:00,2945.6,2945.8,2945.6,2945.6,7
2026-07-24T04:10:00+00:00,2945.6,2945.6,2944.7,2944.7,16
2026-07-24T04:11:00+00:00,2944.5,2944.5,2944.4,2944.4,4
2026-07-24T04:12:00+00:00,2944.8,2944.8,2944.5,2944.5,3
2026-07-24T04:13:00+00:00,2944.2,2944.2,2944.0,2944.0,3
2026-07-24T04:14:00+00:00,2943.7,2943.9,2943.7,2943.9,10
2026-07-24T04:15:00+00:00,2943.7,2943.8,2943.7,2943.8,4
2026-07-24T04:16:00+00:00,2943.9,2944.3,2943.7,2944.3,16
2026-07-24T04:17:00+00:00,2944.4,2944.4,2944.1,2944.4,7
2026-07-24T04:18:00+00:00,2944.6,2944.7,2944.6,2944.7,3
2026-07-24T04:19:00+00:00,2944.5,2944.5,2944.3,2944.5,3
2026-07-24T04:20:00+00:00,2944.4,2944.4,2943.3,2943.3,13
2026-07-24T04:22:00+00:00,2943.9,2944.6,2943.9,2944.6,13
2026-07-24T04:23:00+00:00,2944.6,2945.1,2944.6,2945.1,11
2026-07-24T04:24:00+00:00,2945.0,2945.0,2944.6,2944.6,13
2026-07-24T04:25:00+00:00,2944.9,2944.9,2944.6,2944.6,4
2026-07-24T04:26:00+00:00,2944.6,2944.9,2944.5,2944.9,8
2026-07-24T04:27:00+00:00,2945.3,2946.1,2945.3,2945.9,41
2026-07-24T04:28:00+00:00,2945.8,2946.4,2945.8,2945.8,23
2026-07-24T04:29:00+00:00,2946.1,2946.2,2945.9,2945.9,7
2026-07-24T04:30:00+00:00,2945.8,2946.2,2945.8,2946.2,19
2026-07-24T04:31:00+00:00,2945.7,2945.7,2945.7,2945.7,3
2026-07-24T04:32:00+00:00,2945.7,2945.7,2945.4,2945.4,5
2026-07-24T04:33:00+00:00,2945.0,2945.1,2944.9,2945.1,4
2026-07-24T04:34:00+00:00,2944.9,2944.9,2944.8,2944.8,3
2026-07-24T04:35:00+00:00,2944.9,2944.9,2944.9,2944.9,2
2026-07-24T04:37:00+00:00,2944.7,2944.7,2944.7,2944.7,1
2026-07-24T04:38:00+00:00,2944.6,2944.7,2944.4,2944.7,14
2026-07-24T04:39:00+00:00,2944.5,2944.5,2944.1,2944.1,4
2026-07-24T04:40:00+00:00,2944.3,2944.3,2942.8,2943.1,15
2026-07-24T04:41:00+00:00,2943.0,2943.1,2943.0,2943.0,5
2026-07-24T04:42:00+00:00,2943.0,2943.3,2942.9,2943.2,15
2026-07-24T04:43:00+00:00,2943.5,2944.1,2943.5,2944.1,5
2026-07-24T04:44:00+00:00,2943.9,2944.1,2943.8,2944.1,4
2026-07-24T04:45:00+00:00,2944.1,2944.1,2944.1,2944.1,2
2026-07-24T04:46:00+00:00,2944.1,2944.2,2944.1,2944.2,5
2026-07-24T04:47:00+00:00,2944.3,2944.3,2944.0,2944.0,8
2026-07-24T04:48:00+00:00,2943.8,2943.8,2943.8,2943.8,3
2026-07-24T04:49:00+00:00,2943.6,2943.9,2943.6,2943.7,10
2026-07-24T04:50:00+00:00,2944.6,2944.9,2944.4,2944.4,7
2026-07-24T04:51:00+00:00,2944.0,2944.3,2944.0,2944.3,3
2026-07-24T04:52:00+00:00,2944.2,2944.2,2944.2,2944.2,2
2026-07-24T04:53:00+00:00,2945.0,2945.0,2945.0,2945.0,2
2026-07-24T04:54:00+00:00,2945.0,2945.3,2945.0,2945.1,4
2026-07-24T04:55:00+00:00,2944.8,2945.2,2944.8,2944.8,11
2026-07-24T04:56:00+00:00,2944.8,2944.9,2944.8,2944.9,2
2026-07-24T04:57:00+00:00,2944.9,2945.6,2944.9,2945.5,37
2026-07-24T04:58:00+00:00,2945.0,2945.1,2945.0,2945.1,3
2026-07-24T04:59:00+00:00,2945.2,2945.2,2945.2,2945.2,3
2026-07-24T05:00:00+00:00,2945.7,2946.1,2945.5,2945.5,25
2026-07-24T05:01:00+00:00,2945.3,2945.3,2945.0,2945.0,12
2026-07-24T05:03:00+00:00,2945.7,2945.8,2945.7,2945.8,7
2026-07-24T05:04:00+00:00,2945.4,2945.5,2945.4,2945.5,3
2026-07-24T05:05:00+00:00,2945.5,2945.6,2945.5,2945.6,3
2026-07-24T05:06:00+00:00,2946.0,2946.1,2945.7,2946.1,15
2026-07-24T05:07:00+00:00,2946.6,2947.1,2946.6,2947.1,8
2026-07-24T05:08:00+00:00,2947.3,2947.4,2947.1,2947.2,12
2026-07-24T05:09:00+00:00,2947.6,2948.0,2947.1,2947.2,63
2026-07-24T05:10:00+00:00,2947.3,2947.5,2947.2,2947.5,8
2026-07-24T05:11:00+00:00,2946.9,2947.5,2946.9,2947.5,5
2026-07-24T05:12:00+00:00,2947.5,2947.6,2947.4,2947.6,3
2026-07-24T05:13:00+00:00,2947.4,2947.4,2947.4,2947.4,1
2026-07-24T05:14:00+00:00,2947.4,2947.4,2946.8,2946.8,6
2026-07-24T05:15:00+00:00,2947.1,2947.1,2947.1,2947.1,2
2026-07-24T05:16:00+00:00,2946.7,2947.6,2946.7,2947.6,5
2026-07-24T05:17:00+00:00,2947.5,2947.5,2947.5,2947.5,2
2026-07-24T05:18:00+00:00,2947.1,2947.1,2946.4,2946.4,3
2026-07-24T05:19:00+00:00,2946.7,2946.7,2946.7,2946.7,11
2026-07-24T05:20:00+00:00,2947.3,2947.4,2947.0,2947.0,5
2026-07-24T05:21:00+00:00,2947.5,2948.3,2947.5,2947.5,44
2026-07-24T05:22:00+00:00,2947.5,2947.7,2947.4,2947.7,3
2026-07-24T05:23:00+00:00,2948.0,2948.0,2948.0,2948.0,2
2026-07-24T05:24:00+00:00,2947.9,2948.0,2947.7,2948.0,5
2026-07-24T05:25:00+00:00,2947.9,2948.1,2947.7,2948.1,26
2026-07-24T05:26:00+00:00,2948.3,2948.7,2948.3,2948.5,20
2026-07-24T05:27:00+00:00,2948.5,2948.7,2948.5,2948.5,20
2026-07-24T05:28:00+00:00,2947.9,2948.1,2947.9,2948.1,4
2026-07-24T05:29:00+00:00,2947.7,2947.8,2947.6,2947.6,8
2026-07-24T05:30:00+00:00,2947.9,2948.5,2947.8,2948.5,65
2026-07-24T05:31:00+00:00,2948.4,2948.4,2948.1,2948.1,17
2026-07-24T05:33:00+00:00,2947.7,2947.7,2947.2,2947.4,9
2026-07-24T05:34:00+00:00,2947.4,2948.0,2947.4,2948.0,4
2026-07-24T05:35:00+00:00,2948.0,2948.0,2947.0,2947.1,11
2026-07-24T05:36:00+00:00,2947.1,2947.4,2946.9,2947.3,27
2026-07-24T05:37:00+00:00,2947.3,2947.5,2947.1,2947.5,25
2026-07-24T05:38:00+00:00,2947.2,2947.8,2947.2,2947.8,7
2026-07-24T05:39:00+00:00,2947.9,2947.9,2947.6,2947.6,15
2026-07-24T05:40:00+00:00,2947.9,2948.0,2947.5,2947.9,9
2026-07-24T05:41:00+00:00,2947.4,2947.5,2947.4,2947.4,13
2026-07-24T05:42:00+00:00,2947.3,2947.6,2947.3,2947.6,4
2026-07-24T05:43:00+00:00,2947.9,2948.2,2947.8,2948.0,15
2026-07-24T05:44:00+00:00,2948.6,2949.1,2948.3,2949.1,48
2026-07-24T05:45:00+00:00,2949.0,2949.3,2948.8,2949.3,15
2026-07-24T05:46:00+00:00,2949.3,2949.3,2948.9,2949.1,11
2026-07-24T05:47:00+00:00,2949.3,2949.8,2949.0,2949.6,25
2026-07-24T05:48:00+00:00,2949.7,2950.1,2949.7,2949.8,12
2026-07-24T05:49:00+00:00,2949.6,2949.6,2949.3,2949.3,7
2026-07-24T05:50:00+00:00,2948.9,2949.0,2948.8,2948.8,7
2026-07-24T05:51:00+00:00,2948.5,2948.5,2948.5,2948.5,1
2026-07-24T05:52:00+00:00,2948.0,2948.6,2947.7,2947.8,77
2026-07-24T05:53:00+00:00,2947.9,2947.9,2947.9,2947.9,1
2026-07-24T05:54:00+00:00,2948.0,2948.0,2947.3,2947.3,10
2026-07-24T05:55:00+00:00,2946.8,2946.8,2946.3,2946.5,26
2026-07-24T05:56:00+00:00,2946.6,2947.3,2946.5,2947.3,7
2026-07-24T05:58:00+00:00,2946.8,2946.8,2946.6,2946.7,9
2026-07-24T05:59:00+00:00,2946.4,2946.5,2946.4,2946.5,2
2026-07-24T06:00:00+00:00,2946.2,2946.3,2945.5,2945.5,24
2026-07-24T06:01:00+00:00,2945.6,2945.6,2945.4,2945.4,4
2026-07-24T06:02:00+00:00,2945.4,2945.4,2945.3,2945.3,3
2026-07-24T06:03:00+00:00,2945.4,2945.4,2944.9,2944.9,9
2026-07-24T06:04:00+00:00,2944.9,2944.9,2944.4,2944.8,18
2026-07-24T06:05:00+00:00,2944.7,2944.7,2944.2,2944.6,11
2026-07-24T06:06:00+00:00,2944.6,2945.4,2944.5,2945.3,149
2026-07-24T06:07:00+00:00,2945.5,2945.5,2945.0,2945.4,62
2026-07-24T06:08:00+00:00,2945.5,2945.8,2945.5,2945.7,12
2026-07-24T06:09:00+00:00,2945.6,2945.6,2945.5,2945.5,7
2026-07-24T06:10:00+00:00,2946.0,2946.4,2946.0,2946.3,34
2026-07-24T06:11:00+00:00,2946.2,2946.2,2945.8,2945.8,9
2026-07-24T06:13:00+00:00,2946.2,2946.2,2945.4,2945.6,10
2026-07-24T06:14:00+00:00,2945.4,2945.8,2945.1,2945.6,11
2026-07-24T06:15:00+00:00,2945.9,2945.9,2945.7,2945.8,11
2026-07-24T06:16:00+00:00,2945.6,2946.4,2945.6,2946.3,11
2026-07-24T06:17:00+00:00,2946.4,2946.7,2946.4,2946.6,7
2026-07-24T06:18:00+00:00,2946.7,2946.8,2946.6,2946.8,4
2026-07-24T06:19:00+00:00,2947.0,2948.5,2947.0,2948.5,13
2026-07-24T06:20:00+00:00,2948.6,2949.3,2948.6,2949.1,18
2026-07-24T06:21:00+00:00,2949.2,2949.4,2949.1,2949.4,5
2026-07-24T06:22:00+00:00,2949.2,2949.3,2948.8,2949.0,9
2026-07-24T06:23:00+00:00,2949.4,2949.4,2948.8,2949.0,17
2026-07-24T06:24:00+00:00,2948.9,2948.9,2948.5,2948.5,7
2026-07-24T06:25:00+00:00,2948.8,2949.9,2948.8,2949.5,13
2026-07-24T06:26:00+00:00,2949.5,2949.5,2949.0,2949.2,7
2026-07-24T06:27:00+00:00,2949.2,2949.2,2948.3,2948.3,5
2026-07-24T06:28:00+00:00,2948.2,2948.2,2947.4,2947.7,14
2026-07-24T06:29:00+00:00,2947.1,2948.1,2947.1,2948.1,9
2026-07-24T06:30:00+00:00,2947.9,2948.0,2947.0,2947.0,20
2026-07-24T06:31:00+00:00,2947.1,2947.5,2947.1,2947.5,9
2026-07-24T06:32:00+00:00,2947.3,2947.4,2947.1,2947.1,18
2026-07-24T06:33:00+00:00,2947.0,2947.6,2947.0,2947.4,7
2026-07-24T06:34:00+00:00,2947.3,2948.3,2947.3,2948.3,13
2026-07-24T06:35:00+00:00,2948.6,2949.0,2948.6,2949.0,4
2026-07-24T06:36:00+00:00,2949.3,2949.3,2949.3,2949.3,1
2026-07-24T06:37:00+00:00,2949.1,2949.1,2948.7,2948.7,6
2026-07-24T06:38:00+00:00,2948.1,2948.9,2947.8,2948.3,34
2026-07-24T06:40:00+00:00,2948.1,2948.1,2947.6,2947.6,3
2026-07-24T06:41:00+00:00,2947.5,2947.5,2947.4,2947.4,3
2026-07-24T06:42:00+00:00,2947.2,2947.2,2947.2,2947.2,7
2026-07-24T06:43:00+00:00,2947.1,2947.1,2946.2,2946.2,14
2026-07-24T06:44:00+00:00,2946.3,2946.3,2946.2,2946.2,2
2026-07-24T06:45:00+00:00,2946.1,2946.1,2945.5,2945.5,19
2026-07-24T06:46:00+00:00,2945.7,2946.1,2945.6,2946.1,7
2026-07-24T06:47:00+00:00,2946.0,2946.2,2946.0,2946.2,4
2026-07-24T06:48:00+00:00,2946.3,2946.4,2945.5,2945.5,14
2026-07-24T06:49:00+00:00,2945.8,2945.8,2944.7,2944.8,27
2026-07-24T06:50:00+00:00,2945.1,2945.5,2944.9,2945.5,26
2026-07-24T06:51:00+00:00,2945.2,2945.5,2944.8,2944.8,14
2026-07-24T06:52:00+00:00,2945.1,2945.7,2945.1,2945.7,4
2026-07-24T06:53:00+00:00,2945.8,2946.3,2945.8,2946.2,11
2026-07-24T06:54:00+00:00,2946.3,2947.0,2946.2,2946.9,15
2026-07-24T06:55:00+00:00,2946.4,2946.8,2946.3,2946.3,16
2026-07-24T06:56:00+00:00,2946.4,2947.3,2946.3,2947.2,10
2026-07-24T06:57:00+00:00,2947.1,2947.1,2946.8,2946.9,6
2026-07-24T06:58:00+00:00,2947.4,2948.3,2947.3,2948.0,13
2026-07-24T06:59:00+00:00,2948.3,2949.0,2948.3,2948.7,55
2026-07-24T07:00:00+00:00,2948.7,2949.8,2948.4,2949.6,72
2026-07-24T07:01:00+00:00,2949.6,2951.4,2949.6,2951.3,63
2026-07-24T07:02:00+00:00,2951.1,2951.9,2951.1,2951.8,64
2026-07-24T07:03:00+00:00,2951.7,2952.5,2951.7,2952.2,59
2026-07-24T07:04:00+00:00,2952.1,2952.6,2951.6,2951.6,37
2026-07-24T07:05:00+00:00,2951.5,2951.9,2951.2,2951.9,10
2026-07-24T07:06:00+00:00,2951.6,2952.4,2951.4,2952.2,37
2026-07-24T07:07:00+00:00,2952.1,2952.8,2952.1,2952.8,20
2026-07-24T07:08:00+00:00,2952.6,2953.5,2952.3,2953.0,43
2026-07-24T07:09:00+00:00,2953.0,2954.7,2953.0,2954.6,119
2026-07-24T07:10:00+00:00,2954.8,2955.5,2954.8,2955.5,55
2026-07-24T07:11:00+00:00,2955.3,2955.7,2955.2,2955.7,34
2026-07-24T07:12:00+00:00,2955.2,2955.8,2955.1,2955.2,46
2026-07-24T07:13:00+00:00,2955.4,2956.0,2955.3,2955.7,38
2026-07-24T07:14:00+00:00,2955.7,2956.1,2955.4,2955.4,62
2026-07-24T07:15:00+00:00,2955.2,2955.4,2954.1,2954.7,103
2026-07-24T07:16:00+00:00,2954.8,2955.5,2954.1,2955.4,45
2026-07-24T07:17:00+00:00,2955.5,2957.0,2955.2,2956.9,56
2026-07-24T07:18:00+00:00,2956.8,2957.0,2956.3,2956.9,52
2026-07-24T07:19:00+00:00,2957.0,2957.5,2956.9,2957.0,34
2026-07-24T07:20:00+00:00,2957.1,2957.7,2956.8,2957.2,65
2026-07-24T07:21:00+00:00,2957.0,2958.3,2957.0,2957.4,51
2026-07-24T07:22:00+00:00,2957.3,2957.3,2956.8,2956.8,18
2026-07-24T07:23:00+00:00,2956.8,2956.9,2956.3,2956.3,20
2026-07-24T07:24:00+00:00,2956.3,2956.9,2956.2,2956.6,18
2026-07-24T07:25:00+00:00,2956.6,2958.4,2956.6,2958.4,31
2026-07-24T07:26:00+00:00,2958.3,2958.7,2957.8,2958.1,52
2026-07-24T07:27:00+00:00,2957.9,2958.1,2957.5,2957.6,23
2026-07-24T07:28:00+00:00,2957.6,2957.8,2957.6,2957.7,17
2026-07-24T07:29:00+00:00,2957.7,2957.7,2957.5,2957.6,3
2026-07-24T07:30:00+00:00,2958.0,2958.4,2957.5,2958.0,30
2026-07-24T07:31:00+00:00,2958.3,2958.4,2956.9,2956.9,24
2026-07-24T07:32:00+00:00,2957.3,2957.3,2956.5,2956.8,37
2026-07-24T07:33:00+00:00,2956.9,2956.9,2956.7,2956.7,12
2026-07-24T07:34:00+00:00,2956.5,2956.9,2956.4,2956.9,11
2026-07-24T07:35:00+00:00,2957.0,2957.5,2957.0,2957.4,8
2026-07-24T07:36:00+00:00,2957.4,2957.4,2957.3,2957.3,10
2026-07-24T07:37:00+00:00,2957.3,2957.5,2956.9,2957.2,11
2026-07-24T07:38:00+00:00,2957.2,2957.3,2956.2,2956.2,15
2026-07-24T07:39:00+00:00,2956.1,2956.3,2955.7,2955.7,22
2026-07-24T07:40:00+00:00,2955.8,2956.1,2955.5,2955.5,11
2026-07-24T07:41:00+00:00,2955.5,2955.6,2954.9,2955.3,20
2026-07-24T07:42:00+00:00,2955.4,2955.5,2954.8,2954.8,12
2026-07-24T07:43:00+00:00,2954.9,2955.0,2954.2,2954.5,27
2026-07-24T07:44:00+00:00,2954.4,2955.2,2954.4,2955.2,15
2026-07-24T07:45:00+00:00,2955.0,2955.7,2955.0,2955.2,20
2026-07-24T07:46:00+00:00,2955.2,2955.2,2954.1,2954.5,11
2026-07-24T07:47:00+00:00,2954.3,2954.7,2954.3,2954.7,3
2026-07-24T07:48:00+00:00,2954.8,2955.1,2954.7,2954.8,11
2026-07-24T07:49:00+00:00,2955.0,2955.2,2955.0,2955.1,14
2026-07-24T07:50:00+00:00,2955.4,2955.7,2954.4,2954.7,20
2026-07-24T07:51:00+00:00,2955.0,2955.2,2954.9,2954.9,5
2026-07-24T07:52:00+00:00,2955.0,2955.0,2954.7,2954.7,10
2026-07-24T07:53:00+00:00,2954.5,2955.3,2954.5,2955.3,7
2026-07-24T07:54:00+00:00,2955.5,2955.8,2955.4,2955.4,10
2026-07-24T07:55:00+00:00,2955.8,2956.0,2955.8,2955.8,6
2026-07-24T07:56:00+00:00,2955.1,2955.6,2955.0,2955.5,7
2026-07-24T07:57:00+00:00,2955.1,2955.6,2955.1,2955.6,4
2026-07-24T07:58:00+00:00,2955.2,2955.2,2955.1,2955.1,3
2026-07-24T07:59:00+00:00,2955.2,2955.2,2954.8,2954.8,5
2026-07-24T08:00:00+00:00,2954.6,2954.6,2954.2,2954.3,23
2026-07-24T08:01:00+00:00,2954.4,2954.4,2953.5,2954.0,48
2026-07-24T08:02:00+00:00,2954.0,2954.6,2954.0,2954.5,12
2026-07-24T08:03:00+00:00,2954.3,2954.3,2953.9,2954.0,6
2026-07-24T08:04:00+00:00,2954.2,2954.3,2953.9,2954.2,11
2026-07-24T08:05:00+00:00,2954.0,2954.0,2952.6,2952.6,77
2026-07-24T08:06:00+00:00,2952.5,2953.5,2952.5,2953.1,29
2026-07-24T08:07:00+00:00,2953.0,2953.2,2952.6,2953.1,26
2026-07-24T08:08:00+00:00,2953.1,2953.7,2953.0,2953.3,24
2026-07-24T08:09:00+00:00,2954.0,2954.2,2953.4,2953.4,12
2026-07-24T08:10:00+00:00,2953.6,2953.8,2953.4,2953.8,17
2026-07-24T08:11:00+00:00,2953.5,2953.5,2953.0,2953.2,19
2026-07-24T08:12:00+00:00,2953.2,2953.2,2952.5,2952.5,17
2026-07-24T08:13:00+00:00,2952.8,2953.1,2952.8,2953.1,5
2026-07-24T08:14:00+00:00,2953.6,2953.7,2953.4,2953.7,8
2026-07-24T08:15:00+00:00,2953.5,2953.6,2953.2,2953.2,5
2026-07-24T08:16:00+00:00,2954.2,2954.5,2954.2,2954.4,15
2026-07-24T08:17:00+00:00,2954.6,2954.9,2953.9,2953.9,16
2026-07-24T08:18:00+00:00,2953.9,2953.9,2953.2,2953.2,11
2026-07-24T08:19:00+00:00,2952.7,2953.5,2952.7,2953.4,15
2026-07-24T08:20:00+00:00,2953.7,2954.1,2953.7,2954.1,4
2026-07-24T08:21:00+00:00,2954.0,2954.1,2953.3,2953.3,9
2026-07-24T08:22:00+00:00,2953.7,2953.7,2953.7,2953.7,1
2026-07-24T08:23:00+00:00,2953.6,2953.6,2953.3,2953.6,4
2026-07-24T08:24:00+00:00,2953.9,2953.9,2953.7,2953.8,4
2026-07-24T08:25:00+00:00,2953.7,2953.7,2953.4,2953.6,10
2026-07-24T08:26:00+00:00,2953.7,2955.3,2953.6,2955.0,44
2026-07-24T08:27:00+00:00,2955.0,2955.2,2954.7,2954.8,9
2026-07-24T08:28:00+00:00,2955.3,2955.4,2955.2,2955.3,10
2026-07-24T08:29:00+00:00,2955.5,2957.0,2955.5,2956.9,40
2026-07-24T08:30:00+00:00,2957.0,2957.0,2956.5,2956.8,33
2026-07-24T08:31:00+00:00,2956.7,2957.4,2956.5,2957.4,13
2026-07-24T08:32:00+00:00,2957.3,2958.0,2957.1,2957.7,25
2026-07-24T08:33:00+00:00,2958.1,2958.3,2958.0,2958.3,21
2026-07-24T08:34:00+00:00,2958.1,2958.1,2957.7,2957.7,7
2026-07-24T08:35:00+00:00,2957.5,2957.5,2957.3,2957.3,10
2026-07-24T08:36:00+00:00,2957.6,2957.9,2957.4,2957.5,8
2026-07-24T08:37:00+00:00,2958.1,2958.5,2958.1,2958.5,13
2026-07-24T08:38:00+00:00,2958.2,2958.2,2957.5,2957.5,9
2026-07-24T08:40:00+00:00,2957.9,2958.1,2957.5,2957.6,52
2026-07-24T08:41:00+00:00,2957.3,2957.5,2957.3,2957.5,6
2026-07-24T08:42:00+00:00,2957.5,2957.7,2957.4,2957.4,7
2026-07-24T08:43:00+00:00,2957.3,2957.4,2956.9,2957.4,31
2026-07-24T08:44:00+00:00,2957.3,2957.7,2957.3,2957.7,6
2026-07-24T08:45:00+00:00,2958.1,2958.1,2958.0,2958.0,9
2026-07-24T08:46:00+00:00,2958.3,2958.3,2958.2,2958.2,3
2026-07-24T08:47:00+00:00,2958.0,2958.4,2957.8,2957.8,15
2026-07-24T08:48:00+00:00,2957.5,2957.5,2956.6,2956.6,14
2026-07-24T08:49:00+00:00,2957.0,2957.6,2957.0,2957.6,9
2026-07-24T08:50:00+00:00,2957.8,2958.0,2957.7,2957.8,9
2026-07-24T08:51:00+00:00,2957.4,2958.0,2957.1,2958.0,46
2026-07-24T08:52:00+00:00,2957.6,2957.6,2957.3,2957.3,7
2026-07-24T08:53:00+00:00,2957.7,2957.9,2957.5,2957.5,15
2026-07-24T08:54:00+00:00,2957.1,2957.9,2957.1,2957.9,9
2026-07-24T08:55:00+00:00,2957.6,2958.3,2957.5,2957.9,17
2026-07-24T08:56:00+00:00,2957.9,2958.1,2957.6,2957.7,19
2026-07-24T08:57:00+00:00,2957.7,2957.8,2957.5,2957.6,10
2026-07-24T08:58:00+00:00,2957.3,2957.6,2957.3,2957.6,3
2026-07-24T08:59:00+00:00,2957.7,2957.9,2957.7,2957.8,9
2026-07-24T09:00:00+00:00,2957.8,2958.0,2957.3,2957.3,7
2026-07-24T09:01:00+00:00,2957.5,2958.3,2957.4,2958.2,15
2026-07-24T09:02:00+00:00,2958.3,2958.6,2958.0,2958.6,15
2026-07-24T09:03:00+00:00,2958.5,2958.6,2958.0,2958.4,26
2026-07-24T09:04:00+00:00,2958.1,2958.1,2957.5,2957.5,3
2026-07-24T09:05:00+00:00,2957.4,2957.4,2957.4,2957.4,1
2026-07-24T09:06:00+00:00,2957.5,2958.1,2957.4,2958.0,11
2026-07-24T09:07:00+00:00,2958.2,2959.3,2958.1,2959.2,37
2026-07-24T09:08:00+00:00,2958.8,2958.8,2958.7,2958.7,7
2026-07-24T09:09:00+00:00,2958.8,2960.3,2958.8,2960.1,88
2026-07-24T09:10:00+00:00,2960.5,2960.5,2959.9,2960.4,46
2026-07-24T09:11:00+00:00,2960.3,2960.3,2959.6,2959.7,25
2026-07-24T09:12:00+00:00,2959.6,2959.9,2958.9,2959.1,41
2026-07-24T09:13:00+00:00,2959.1,2959.1,2958.9,2959.1,13
2026-07-24T09:14:00+00:00,2958.6,2958.7,2958.3,2958.7,7
2026-07-24T09:15:00+00:00,2958.5,2958.8,2958.2,2958.2,19
2026-07-24T09:16:00+00:00,2958.1,2959.0,2958.1,2959.0,16
2026-07-24T09:17:00+00:00,2959.2,2959.6,2959.2,2959.2,25
2026-07-24T09:18:00+00:00,2959.0,2959.3,2958.9,2958.9,5
2026-07-24T09:19:00+00:00,2958.5,2959.6,2958.5,2959.5,41
2026-07-24T09:20:00+00:00,2959.3,2959.8,2959.1,2959.4,21
2026-07-24T09:21:00+00:00,2960.0,2961.1,2960.0,2961.1,68
2026-07-24T09:22:00+00:00,2961.0,2961.1,2960.8,2960.8,24
2026-07-24T09:23:00+00:00,2960.6,2961.0,2960.6,2961.0,8
2026-07-24T09:24:00+00:00,2960.9,2961.0,2960.8,2961.0,7
2026-07-24T09:25:00+00:00,2960.9,2961.8,2960.9,2961.0,36
2026-07-24T09:26:00+00:00,2960.9,2961.1,2960.2,2960.3,19
2026-07-24T09:27:00+00:00,2960.2,2960.6,2960.2,2960.6,14
2026-07-24T09:28:00+00:00,2960.9,2960.9,2960.7,2960.8,5
2026-07-24T09:29:00+00:00,2960.8,2960.8,2960.7,2960.7,4
2026-07-24T09:30:00+00:00,2960.5,2960.6,2959.6,2960.4,9
2026-07-24T09:31:00+00:00,2960.3,2960.7,2960.3,2960.7,8
2026-07-24T09:32:00+00:00,2960.9,2961.0,2960.8,2961.0,14
2026-07-24T09:33:00+00:00,2961.2,2961.3,2960.9,2961.2,18
2026-07-24T09:34:00+00:00,2961.4,2961.8,2961.4,2961.8,17
2026-07-24T09:35:00+00:00,2961.9,2962.3,2961.4,2961.7,41
2026-07-24T09:36:00+00:00,2961.7,2962.0,2961.7,2962.0,7
2026-07-24T09:37:00+00:00,2961.7,2962.2,2961.7,2961.8,15
2026-07-24T09:38:00+00:00,2961.9,2962.0,2961.4,2961.5,19
2026-07-24T09:39:00+00:00,2961.4,2961.9,2961.4,2961.8,15
2026-07-24T09:40:00+00:00,2962.1,2962.4,2961.7,2961.7,38
2026-07-24T09:41:00+00:00,2961.8,2962.3,2961.7,2961.8,13
2026-07-24T09:42:00+00:00,2961.9,2962.3,2961.9,2962.3,14
2026-07-24T09:43:00+00:00,2962.1,2962.6,2962.1,2962.3,24
2026-07-24T09:44:00+00:00,2962.1,2962.2,2962.0,2962.0,6
2026-07-24T09:45:00+00:00,2962.1,2962.1,2961.8,2962.0,13
2026-07-24T09:46:00+00:00,2962.0,2962.2,2962.0,2962.2,9
2026-07-24T09:47:00+00:00,2962.4,2962.8,2962.4,2962.5,15
2026-07-24T09:48:00+00:00,2962.3,2962.3,2961.6,2961.7,19
2026-07-24T09:49:00+00:00,2961.9,2962.2,2961.8,2961.8,3
2026-07-24T09:50:00+00:00,2961.9,2962.0,2961.9,2962.0,5
2026-07-24T09:51:00+00:00,2961.9,2962.8,2961.9,2962.3,18
2026-07-24T09:52:00+00:00,2962.1,2962.6,2962.1,2962.4,17
2026-07-24T09:53:00+00:00,2962.5,2962.6,2962.2,2962.4,15
2026-07-24T09:54:00+00:00,2962.4,2962.9,2962.3,2962.8,18
2026-07-24T09:55:00+00:00,2963.0,2963.3,2962.5,2962.9,19
2026-07-24T09:56:00+00:00,2963.1,2963.3,2963.1,2963.1,10
2026-07-24T09:57:00+00:00,2963.0,2963.0,2962.8,2962.9,11
2026-07-24T09:58:00+00:00,2963.0,2963.3,2963.0,2963.1,8
2026-07-24T09:59:00+00:00,2963.3,2963.3,2962.4,2963.1,29
2026-07-24T10:00:00+00:00,2963.2,2963.8,2962.8,2963.6,23
2026-07-24T10:01:00+00:00,2963.4,2963.4,2963.2,2963.2,9
2026-07-24T10:02:00+00:00,2963.3,2963.3,2963.0,2963.1,11
2026-07-24T10:03:00+00:00,2963.1,2963.1,2962.6,2962.9,6
2026-07-24T10:04:00+00:00,2962.8,2962.8,2962.2,2962.4,13
2026-07-24T10:05:00+00:00,2962.2,2962.2,2961.9,2962.0,7
2026-07-24T10:06:00+00:00,2962.3,2962.3,2962.1,2962.1,4
2026-07-24T10:07:00+00:00,2962.0,2962.1,2961.7,2961.7,6
2026-07-24T10:08:00+00:00,2961.4,2961.5,2961.0,2961.0,23
2026-07-24T10:09:00+00:00,2961.1,2961.4,2961.1,2961.4,19
2026-07-24T10:10:00+00:00,2961.5,2961.7,2961.3,2961.3,5
2026-07-24T10:11:00+00:00,2961.3,2961.8,2961.3,2961.5,7
2026-07-24T10:12:00+00:00,2961.5,2961.7,2961.3,2961.7,11
2026-07-24T10:13:00+00:00,2962.0,2962.0,2961.8,2961.8,6
2026-07-24T10:14:00+00:00,2961.8,2962.8,2961.8,2962.6,11
2026-07-24T10:15:00+00:00,2962.6,2963.0,2962.4,2962.9,24
2026-07-24T10:16:00+00:00,2963.0,2963.3,2962.6,2962.9,18
2026-07-24T10:17:00+00:00,2962.7,2962.8,2962.4,2962.4,8
2026-07-24T10:18:00+00:00,2962.5,2962.6,2962.3,2962.6,12
2026-07-24T10:19:00+00:00,2962.3,2962.7,2962.3,2962.6,16
2026-07-24T10:20:00+00:00,2962.6,2962.6,2962.4,2962.4,7
2026-07-24T10:21:00+00:00,2962.4,2962.8,2962.1,2962.1,11
2026-07-24T10:22:00+00:00,2962.3,2962.9,2962.2,2962.9,11
2026-07-24T10:23:00+00:00,2962.7,2962.7,2962.5,2962.5,7
2026-07-24T10:24:00+00:00,2962.6,2962.9,2962.5,2962.9,7
2026-07-24T10:25:00+00:00,2962.7,2962.7,2962.1,2962.1,25
2026-07-24T10:26:00+00:00,2962.3,2962.6,2962.3,2962.5,18
2026-07-24T10:27:00+00:00,2962.5,2963.0,2962.5,2963.0,11
2026-07-24T10:29:00+00:00,2963.2,2963.2,2963.0,2963.0,5
2026-07-24T10:30:00+00:00,2963.0,2963.3,2962.7,2963.1,18
2026-07-24T10:31:00+00:00,2963.2,2963.7,2963.1,2963.6,64
2026-07-24T10:32:00+00:00,2963.7,2963.7,2963.2,2963.2,8
2026-07-24T10:33:00+00:00,2963.4,2964.2,2963.4,2964.1,73
2026-07-24T10:34:00+00:00,2963.6,2963.8,2963.0,2963.0,40
2026-07-24T10:35:00+00:00,2963.0,2963.0,2962.3,2962.4,15
2026-07-24T10:36:00+00:00,2962.5,2962.9,2962.5,2962.9,12
2026-07-24T10:37:00+00:00,2962.9,2963.2,2962.7,2963.2,8
2026-07-24T10:38:00+00:00,2963.0,2963.0,2962.3,2962.5,11
2026-07-24T10:39:00+00:00,2962.6,2962.8,2962.6,2962.8,8
2026-07-24T10:40:00+00:00,2962.6,2962.8,2962.5,2962.6,12
2026-07-24T10:41:00+00:00,2962.5,2963.0,2962.5,2963.0,6
2026-07-24T10:42:00+00:00,2963.1,2963.2,2963.0,2963.0,10
2026-07-24T10:43:00+00:00,2963.0,2963.2,2962.8,2962.8,23
2026-07-24T10:44:00+00:00,2963.2,2963.3,2963.1,2963.1,19
2026-07-24T10:45:00+00:00,2963.1,2963.6,2963.1,2963.4,6
2026-07-24T10:46:00+00:00,2963.2,2963.5,2963.1,2963.4,23
2026-07-24T10:47:00+00:00,2963.5,2963.7,2963.5,2963.5,11
2026-07-24T10:48:00+00:00,2963.5,2964.5,2963.5,2964.4,20
2026-07-24T10:49:00+00:00,2964.1,2964.4,2964.1,2964.4,7
2026-07-24T10:50:00+00:00,2964.2,2964.9,2964.0,2964.1,24
2026-07-24T10:51:00+00:00,2964.1,2964.2,2963.7,2963.7,5
2026-07-24T10:52:00+00:00,2963.5,2963.8,2963.2,2963.6,19
2026-07-24T10:53:00+00:00,2963.5,2963.7,2963.2,2963.6,23
2026-07-24T10:54:00+00:00,2963.7,2963.7,2963.2,2963.2,19
2026-07-24T10:55:00+00:00,2963.0,2963.8,2963.0,2963.8,33
2026-07-24T10:56:00+00:00,2964.0,2964.4,2964.0,2964.2,19
2026-07-24T10:57:00+00:00,2964.2,2965.3,2964.2,2965.0,543
2026-07-24T10:58:00+00:00,2965.0,2965.0,2964.2,2964.2,25
2026-07-24T10:59:00+00:00,2964.2,2964.2,2963.6,2963.7,47
2026-07-24T11:00:00+00:00,2963.8,2964.4,2963.5,2964.3,93
2026-07-24T11:01:00+00:00,2964.4,2964.9,2963.5,2964.8,40
2026-07-24T11:02:00+00:00,2965.1,2965.5,2964.9,2965.1,41
2026-07-24T11:03:00+00:00,2965.2,2966.2,2965.2,2966.0,69
2026-07-24T11:04:00+00:00,2966.0,2966.0,2965.0,2965.0,39
2026-07-24T11:05:00+00:00,2965.1,2965.3,2964.8,2964.8,15
2026-07-24T11:06:00+00:00,2965.0,2965.5,2964.9,2965.2,12
2026-07-24T11:07:00+00:00,2965.5,2965.7,2965.3,2965.3,30
2026-07-24T11:08:00+00:00,2965.1,2965.1,2964.4,2964.4,42
2026-07-24T11:09:00+00:00,2964.3,2965.0,2964.3,2964.7,12
2026-07-24T11:10:00+00:00,2964.7,2964.9,2964.6,2964.9,5
2026-07-24T11:11:00+00:00,2965.1,2965.3,2965.0,2965.3,12
2026-07-24T11:12:00+00:00,2965.3,2965.3,2965.0,2965.0,19
2026-07-24T11:13:00+00:00,2965.3,2965.3,2965.1,2965.2,8
2026-07-24T11:14:00+00:00,2965.2,2965.4,2965.0,2965.0,23
2026-07-24T11:15:00+00:00,2965.1,2965.7,2965.1,2965.4,36
2026-07-24T11:16:00+00:00,2965.5,2966.0,2965.4,2966.0,30
2026-07-24T11:17:00+00:00,2965.9,2966.1,2965.4,2965.4,22
2026-07-24T11:18:00+00:00,2965.3,2965.4,2965.0,2965.2,12
2026-07-24T11:19:00+00:00,2965.2,2965.2,2965.0,2965.1,3
2026-07-24T11:20:00+00:00,2965.1,2965.1,2965.1,2965.1,3
2026-07-24T11:21:00+00:00,2965.2,2965.2,2964.2,2964.2,34
2026-07-24T11:22:00+00:00,2964.2,2964.3,2964.0,2964.3,9
2026-07-24T11:23:00+00:00,2964.4,2964.6,2963.9,2964.6,17
2026-07-24T11:24:00+00:00,2964.7,2965.0,2964.7,2964.8,9
2026-07-24T11:25:00+00:00,2964.1,2964.8,2964.1,2964.8,7
2026-07-24T11:26:00+00:00,2964.4,2964.4,2963.7,2963.7,11
2026-07-24T11:27:00+00:00,2963.6,2964.2,2963.6,2963.8,22
2026-07-24T11:28:00+00:00,2963.9,2964.0,2963.8,2963.8,3
2026-07-24T11:29:00+00:00,2964.0,2964.0,2963.7,2964.0,12
2026-07-24T11:30:00+00:00,2963.9,2964.0,2963.5,2963.8,40
2026-07-24T11:31:00+00:00,2963.6,2964.3,2963.1,2963.3,15
2026-07-24T11:32:00+00:00,2963.0,2963.4,2962.9,2963.4,28
2026-07-24T11:33:00+00:00,2963.4,2963.5,2963.1,2963.3,11
2026-07-24T11:34:00+00:00,2963.3,2963.3,2962.7,2962.7,19
2026-07-24T11:35:00+00:00,2962.7,2962.7,2962.1,2962.3,27
2026-07-24T11:36:00+00:00,2962.4,2964.0,2962.4,2964.0,44
2026-07-24T11:37:00+00:00,2963.9,2963.9,2963.2,2963.3,23
2026-07-24T11:38:00+00:00,2962.9,2962.9,2962.4,2962.4,18
2026-07-24T11:39:00+00:00,2962.3,2962.9,2962.3,2962.9,8
2026-07-24T11:40:00+00:00,2962.5,2962.5,2961.6,2961.6,33
2026-07-24T11:41:00+00:00,2961.6,2962.0,2961.3,2961.8,23
2026-07-24T11:42:00+00:00,2961.8,2961.8,2961.1,2961.5,17
2026-07-24T11:43:00+00:00,2961.6,2961.7,2960.7,2960.7,44
2026-07-24T11:44:00+00:00,2961.0,2961.4,2960.9,2960.9,36
2026-07-24T11:45:00+00:00,2961.0,2961.4,2960.8,2961.3,61
2026-07-24T11:46:00+00:00,2961.3,2961.3,2960.8,2960.8,18
2026-07-24T11:47:00+00:00,2960.6,2960.8,2960.3,2960.5,18
2026-07-24T11:48:00+00:00,2960.4,2960.8,2960.4,2960.8,11
2026-07-24T11:49:00+00:00,2960.6,2961.8,2960.6,2961.6,28
2026-07-24T11:50:00+00:00,2961.5,2961.6,2961.0,2961.0,16
2026-07-24T11:51:00+00:00,2961.2,2961.7,2961.2,2961.7,32
2026-07-24T11:52:00+00:00,2961.5,2961.7,2961.4,2961.5,38
2026-07-24T11:53:00+00:00,2961.4,2961.4,2960.6,2960.6,15
2026-07-24T11:54:00+00:00,2960.5,2960.8,2960.4,2960.7,7
2026-07-24T11:55:00+00:00,2960.4,2960.4,2960.0,2960.2,31
2026-07-24T11:56:00+00:00,2960.1,2960.4,2960.1,2960.4,18
2026-07-24T11:57:00+00:00,2960.2,2960.7,2960.2,2960.4,19
2026-07-24T11:58:00+00:00,2960.2,2966.6,2960.2,2966.6,268
2026-07-24T11:59:00+00:00,2966.2,2969.5,2965.5,2966.5,365
2026-07-24T12:00:00+00:00,2966.4,2967.3,2964.4,2965.3,153
2026-07-24T12:01:00+00:00,2964.8,2964.9,2963.1,2963.3,125
2026-07-24T12:02:00+00:00,2963.2,2963.3,2962.0,2962.4,67
2026-07-24T12:03:00+00:00,2962.4,2963.6,2962.4,2963.0,36
2026-07-24T12:04:00+00:00,2963.0,2963.9,2962.9,2963.4,53
2026-07-24T12:05:00+00:00,2963.4,2963.4,2961.2,2961.8,40
2026-07-24T12:06:00+00:00,2962.2,2962.8,2961.9,2962.8,13
2026-07-24T12:07:00+00:00,2962.6,2963.8,2962.6,2963.8,21
2026-07-24T12:08:00+00:00,2963.4,2963.6,2962.3,2963.1,47
2026-07-24T12:09:00+00:00,2963.2,2964.6,2963.2,2964.4,58
2026-07-24T12:10:00+00:00,2964.2,2964.2,2963.3,2964.2,13
2026-07-24T12:11:00+00:00,2964.2,2964.7,2964.2,2964.6,10
2026-07-24T12:12:00+00:00,2964.7,2965.1,2964.4,2964.5,38
2026-07-24T12:13:00+00:00,2964.6,2964.7,2964.4,2964.4,9
2026-07-24T12:14:00+00:00,2964.6,2966.0,2964.6,2965.5,30
2026-07-24T12:15:00+00:00,2965.4,2965.8,2965.3,2965.6,31
2026-07-24T12:16:00+00:00,2965.5,2965.9,2965.1,2965.7,17
2026-07-24T12:17:00+00:00,2965.4,2966.4,2965.4,2965.7,28
2026-07-24T12:18:00+00:00,2966.2,2966.3,2965.9,2966.1,17
2026-07-24T12:19:00+00:00,2966.3,2966.4,2965.1,2965.3,59
2026-07-24T12:20:00+00:00,2965.3,2965.3,2963.8,2964.1,56
2026-07-24T12:21:00+00:00,2964.1,2964.8,2964.1,2964.8,20
2026-07-24T12:22:00+00:00,2964.6,2964.9,2964.6,2964.8,9
2026-07-24T12:23:00+00:00,2964.7,2964.7,2964.3,2964.4,12
2026-07-24T12:24:00+00:00,2964.4,2965.9,2964.4,2965.1,108
2026-07-24T12:25:00+00:00,2965.2,2965.2,2962.4,2964.7,194
2026-07-24T12:26:00+00:00,2964.7,2965.4,2964.4,2964.9,69
2026-07-24T12:27:00+00:00,2964.9,2965.2,2964.7,2965.2,16
2026-07-24T12:28:00+00:00,2965.0,2965.5,2964.9,2965.2,22
2026-07-24T12:29:00+00:00,2965.3,2965.5,2965.2,2965.3,18
2026-07-24T12:30:00+00:00,2965.3,2965.6,2964.2,2965.5,49
2026-07-24T12:31:00+00:00,2965.4,2966.2,2965.4,2966.0,47
2026-07-24T12:32:00+00:00,2965.9,2966.8,2965.9,2966.6,46
2026-07-24T12:33:00+00:00,2966.6,2966.7,2966.2,2966.3,36
2026-07-24T12:34:00+00:00,2966.0,2966.0,2964.6,2964.6,38
2026-07-24T12:35:00+00:00,2964.6,2965.4,2964.5,2965.4,27
2026-07-24T12:36:00+00:00,2965.2,2965.5,2964.4,2964.9,24
2026-07-24T12:37:00+00:00,2964.9,2966.0,2964.9,2965.9,43
2026-07-24T12:38:00+00:00,2965.7,2965.7,2965.4,2965.6,9
2026-07-24T12:39:00+00:00,2965.8,2966.0,2965.5,2965.6,26
2026-07-24T12:40:00+00:00,2965.5,2965.6,2965.2,2965.4,32
2026-07-24T12:41:00+00:00,2965.4,2965.4,2964.5,2964.7,45
2026-07-24T12:42:00+00:00,2964.4,2964.6,2964.1,2964.6,32
2026-07-24T12:43:00+00:00,2964.4,2964.4,2963.7,2963.9,37
2026-07-24T12:44:00+00:00,2963.8,2963.9,2963.5,2963.8,39
2026-07-24T12:45:00+00:00,2963.6,2964.4,2963.6,2964.1,75
2026-07-24T12:46:00+00:00,2963.9,2964.0,2963.4,2963.5,21
2026-07-24T12:47:00+00:00,2963.4,2963.7,2962.7,2963.7,65
2026-07-24T12:48:00+00:00,2963.8,2963.8,2963.0,2963.7,48
2026-07-24T12:49:00+00:00,2963.8,2963.8,2963.5,2963.6,18
2026-07-24T12:50:00+00:00,2963.9,2964.0,2963.7,2963.7,25
2026-07-24T12:51:00+00:00,2963.6,2963.7,2963.3,2963.4,22
2026-07-24T12:52:00+00:00,2963.1,2963.1,2962.3,2962.6,29
2026-07-24T12:53:00+00:00,2962.5,2963.1,2962.3,2962.4,42
2026-07-24T12:54:00+00:00,2962.4,2962.4,2962.1,2962.4,53
2026-07-24T12:55:00+00:00,2962.5,2962.6,2962.0,2962.2,21
2026-07-24T12:56:00+00:00,2962.1,2962.1,2961.0,2961.2,66
2026-07-24T12:57:00+00:00,2960.8,2961.5,2960.8,2961.4,45
2026-07-24T12:58:00+00:00,2961.2,2961.6,2961.0,2961.2,59
2026-07-24T12:59:00+00:00,2961.0,2961.9,2960.9,2961.7,26
2026-07-24T13:00:00+00:00,2961.5,2962.5,2961.4,2961.9,91
2026-07-24T13:01:00+00:00,2961.9,2962.2,2961.6,2961.7,48
2026-07-24T13:02:00+00:00,2961.8,2962.5,2961.7,2962.4,26
2026-07-24T13:03:00+00:00,2962.5,2962.6,2962.0,2962.1,34
2026-07-24T13:04:00+00:00,2962.2,2962.3,2962.2,2962.2,11
2026-07-24T13:05:00+00:00,2961.9,2962.1,2961.5,2962.0,35
2026-07-24T13:06:00+00:00,2961.8,2962.4,2961.4,2961.8,55
2026-07-24T13:07:00+00:00,2961.8,2961.9,2961.3,2961.8,40
2026-07-24T13:08:00+00:00,2961.9,2962.0,2961.4,2962.0,29
2026-07-24T13:09:00+00:00,2962.0,2962.4,2962.0,2962.2,45
2026-07-24T13:10:00+00:00,2962.5,2962.7,2962.1,2962.4,23
2026-07-24T13:11:00+00:00,2962.4,2962.6,2961.6,2962.6,37
2026-07-24T13:12:00+00:00,2962.6,2963.1,2962.5,2962.5,70
2026-07-24T13:13:00+00:00,2962.3,2962.4,2962.1,2962.1,18
2026-07-24T13:14:00+00:00,2962.2,2962.2,2961.6,2961.6,50
2026-07-24T13:15:00+00:00,2961.8,2962.3,2961.8,2961.8,30
2026-07-24T13:16:00+00:00,2962.0,2962.0,2961.0,2961.6,88
2026-07-24T13:17:00+00:00,2961.4,2962.7,2961.4,2962.2,69
2026-07-24T13:18:00+00:00,2962.2,2962.6,2962.1,2962.1,21
2026-07-24T13:19:00+00:00,2962.3,2962.3,2962.0,2962.3,22
2026-07-24T13:20:00+00:00,2962.4,2962.9,2962.1,2962.3,43
2026-07-24T13:21:00+00:00,2961.9,2962.5,2961.6,2961.6,26
2026-07-24T13:22:00+00:00,2961.7,2961.7,2961.3,2961.3,15
2026-07-24T13:23:00+00:00,2961.5,2962.0,2961.4,2962.0,40
2026-07-24T13:24:00+00:00,2961.9,2962.4,2961.9,2962.2,15
2026-07-24T13:25:00+00:00,2962.3,2962.6,2961.6,2961.6,97
2026-07-24T13:26:00+00:00,2961.4,2961.4,2960.6,2960.9,71
2026-07-24T13:27:00+00:00,2960.8,2962.0,2960.7,2962.0,82
2026-07-24T13:28:00+00:00,2961.9,2963.3,2961.3,2963.3,194
2026-07-24T13:29:00+00:00,2963.1,2965.7,2962.3,2964.5,440
2026-07-24T13:30:00+00:00,2964.4,2965.2,2959.7,2959.9,1822
2026-07-24T13:31:00+00:00,2960.0,2960.0,2955.6,2958.5,1149
2026-07-24T13:32:00+00:00,2958.5,2960.5,2956.8,2957.2,506
2026-07-24T13:33:00+00:00,2957.2,2959.1,2955.3,2955.7,470
2026-07-24T13:34:00+00:00,2955.6,2956.5,2953.6,2954.0,466
2026-07-24T13:35:00+00:00,2954.0,2955.4,2952.2,2954.6,607
2026-07-24T13:36:00+00:00,2954.5,2954.6,2952.0,2952.6,306
2026-07-24T13:37:00+00:00,2952.9,2957.3,2952.9,2956.6,498
2026-07-24T13:38:00+00:00,2956.8,2957.2,2953.0,2953.4,304
2026-07-24T13:39:00+00:00,2953.4,2954.1,2952.1,2952.5,335
2026-07-24T13:40:00+00:00,2952.3,2952.8,2949.9,2950.1,601
2026-07-24T13:41:00+00:00,2950.5,2954.1,2950.4,2954.1,393
2026-07-24T13:42:00+00:00,2954.1,2955.9,2953.5,2955.2,425
2026-07-24T13:43:00+00:00,2955.3,2955.9,2953.3,2954.8,181
2026-07-24T13:44:00+00:00,2954.9,2955.2,2953.5,2954.9,106
2026-07-24T13:45:00+00:00,2954.5,2956.9,2950.1,2956.8,549
2026-07-24T13:46:00+00:00,2956.8,2957.6,2955.4,2956.6,372
2026-07-24T13:47:00+00:00,2956.7,2957.9,2954.3,2955.7,436
2026-07-24T13:48:00+00:00,2955.5,2957.6,2955.0,2956.2,353
2026-07-24T13:49:00+00:00,2956.1,2956.5,2953.8,2955.0,331
2026-07-24T13:50:00+00:00,2955.0,2956.4,2948.6,2951.5,1426
2026-07-24T13:51:00+00:00,2951.6,2952.3,2949.5,2949.9,407
2026-07-24T13:52:00+00:00,2949.6,2950.2,2947.3,2948.7,462
2026-07-24T13:53:00+00:00,2948.7,2950.2,2947.4,2948.8,357
2026-07-24T13:54:00+00:00,2948.7,2949.8,2946.6,2947.0,364
2026-07-24T13:55:00+00:00,2947.1,2947.1,2943.2,2944.0,625
2026-07-24T13:56:00+00:00,2944.2,2947.3,2943.5,2946.7,449
2026-07-24T13:57:00+00:00,2946.8,2947.6,2945.5,2945.7,411
2026-07-24T13:58:00+00:00,2945.6,2948.3,2945.6,2948.0,216
2026-07-24T13:59:00+00:00,2948.0,2948.3,2945.0,2945.7,230
2026-07-24T14:00:00+00:00,2945.9,2947.1,2944.0,2945.6,369
2026-07-24T14:01:00+00:00,2945.5,2947.6,2943.8,2944.4,371
2026-07-24T14:02:00+00:00,2944.7,2946.6,2942.8,2942.8,332
2026-07-24T14:03:00+00:00,2943.0,2945.4,2941.1,2944.9,594
2026-07-24T14:04:00+00:00,2944.7,2944.9,2941.9,2942.2,573
2026-07-24T14:05:00+00:00,2942.5,2944.4,2941.1,2941.9,528
2026-07-24T14:06:00+00:00,2941.5,2942.3,2939.2,2939.8,829
2026-07-24T14:07:00+00:00,2939.6,2942.0,2938.8,2941.5,333
2026-07-24T14:08:00+00:00,2941.5,2943.9,2941.5,2943.6,394
2026-07-24T14:09:00+00:00,2943.5,2947.1,2943.2,2946.0,455
2026-07-24T14:10:00+00:00,2946.2,2948.0,2945.6,2947.9,426
2026-07-24T14:11:00+00:00,2947.9,2949.7,2947.3,2948.7,405
2026-07-24T14:12:00+00:00,2948.4,2949.3,2947.1,2947.5,210
2026-07-24T14:13:00+00:00,2947.5,2950.4,2947.2,2950.0,342
2026-07-24T14:14:00+00:00,2950.0,2952.4,2949.7,2951.0,444
2026-07-24T14:15:00+00:00,2951.0,2951.7,2948.9,2949.4,301
2026-07-24T14:16:00+00:00,2949.2,2950.0,2946.9,2947.8,334
2026-07-24T14:17:00+00:00,2947.7,2947.8,2943.4,2945.4,434
2026-07-24T14:18:00+00:00,2945.6,2946.8,2940.5,2943.0,1032
2026-07-24T14:19:00+00:00,2942.9,2945.7,2941.8,2945.5,292
2026-07-24T14:20:00+00:00,2945.7,2946.9,2943.5,2946.5,394
2026-07-24T14:21:00+00:00,2946.5,2949.9,2946.1,2949.3,435
2026-07-24T14:22:00+00:00,2949.3,2949.8,2947.3,2948.3,224
2026-07-24T14:23:00+00:00,2948.6,2951.5,2948.2,2950.2,414
2026-07-24T14:24:00+00:00,2950.1,2950.6,2949.0,2950.0,219
2026-07-24T14:25:00+00:00,2950.1,2950.6,2947.0,2947.8,305
2026-07-24T14:26:00+00:00,2947.8,2948.1,2945.6,2946.7,261
2026-07-24T14:27:00+00:00,2946.6,2948.1,2944.9,2945.5,232
2026-07-24T14:28:00+00:00,2945.3,2946.0,2944.0,2945.3,214
2026-07-24T14:29:00+00:00,2945.1,2946.6,2945.0,2945.0,119
2026-07-24T14:30:00+00:00,2945.1,2945.8,2941.1,2942.8,686
2026-07-24T14:31:00+00:00,2942.5,2944.3,2942.1,2944.3,204
2026-07-24T14:32:00+00:00,2944.3,2945.4,2942.3,2944.3,221
2026-07-24T14:33:00+00:00,2944.2,2944.8,2942.7,2943.1,110
2026-07-24T14:34:00+00:00,2943.3,2943.4,2940.0,2940.0,180
2026-07-24T14:35:00+00:00,2940.1,2943.2,2939.8,2941.7,250
2026-07-24T14:36:00+00:00,2941.7,2942.2,2938.7,2938.9,279
2026-07-24T14:37:00+00:00,2939.2,2940.0,2937.8,2938.1,247
2026-07-24T14:38:00+00:00,2938.0,2938.8,2937.6,2938.2,227
2026-07-24T14:39:00+00:00,2938.3,2939.0,2936.1,2936.8,371
2026-07-24T14:40:00+00:00,2936.9,2939.4,2936.0,2938.6,426
2026-07-24T14:41:00+00:00,2938.5,2939.2,2937.5,2938.7,144
2026-07-24T14:42:00+00:00,2938.7,2939.7,2937.6,2938.1,188
2026-07-24T14:43:00+00:00,2938.2,2939.2,2938.0,2938.9,126
2026-07-24T14:44:00+00:00,2939.0,2940.1,2937.9,2938.0,325
2026-07-24T14:45:00+00:00,2938.1,2938.9,2935.3,2935.3,273
2026-07-24T14:46:00+00:00,2935.2,2938.3,2934.5,2938.2,391
2026-07-24T14:47:00+00:00,2938.0,2938.7,2935.7,2936.1,239
2026-07-24T14:48:00+00:00,2936.3,2937.8,2936.2,2937.8,110
2026-07-24T14:49:00+00:00,2937.9,2941.7,2937.7,2941.4,341
2026-07-24T14:50:00+00:00,2941.3,2943.7,2941.3,2943.7,323
2026-07-24T14:51:00+00:00,2943.7,2945.7,2943.1,2945.2,380
2026-07-24T14:52:00+00:00,2945.1,2945.6,2942.2,2942.7,280
2026-07-24T14:53:00+00:00,2942.7,2945.4,2942.3,2944.8,175
2026-07-24T14:54:00+00:00,2945.1,2945.2,2942.6,2943.6,112
2026-07-24T14:55:00+00:00,2943.9,2946.2,2943.9,2945.9,152
2026-07-24T14:56:00+00:00,2945.8,2946.6,2945.3,2946.3,120
2026-07-24T14:57:00+00:00,2946.5,2948.3,2946.5,2948.1,291
2026-07-24T14:58:00+00:00,2948.1,2948.3,2946.0,2948.0,208
2026-07-24T14:59:00+00:00,2947.9,2949.1,2947.1,2947.7,292
2026-07-24T15:00:00+00:00,2948.1,2950.2,2947.5,2950.2,322
2026-07-24T15:01:00+00:00,2950.1,2950.3,2946.7,2946.8,195
2026-07-24T15:02:00+00:00,2946.6,2947.4,2945.6,2947.4,175
2026-07-24T15:03:00+00:00,2947.3,2947.8,2946.3,2947.7,117
2026-07-24T15:04:00+00:00,2947.8,2948.4,2946.4,2946.4,88
2026-07-24T15:05:00+00:00,2946.5,2949.0,2945.8,2949.0,166
2026-07-24T15:06:00+00:00,2949.0,2949.3,2947.0,2947.0,104
2026-07-24T15:07:00+00:00,2946.8,2948.7,2946.5,2948.7,108
2026-07-24T15:08:00+00:00,2948.7,2950.1,2948.1,2948.5,151
2026-07-24T15:09:00+00:00,2948.3,2948.5,2945.2,2945.3,149
2026-07-24T15:10:00+00:00,2945.4,2955.4,2944.8,2951.0,1690
2026-07-24T15:11:00+00:00,2950.7,2956.2,2949.9,2951.7,1130
2026-07-24T15:12:00+00:00,2951.6,2953.6,2951.2,2952.3,277
2026-07-24T15:13:00+00:00,2952.2,2953.3,2951.7,2952.5,212
2026-07-24T15:14:00+00:00,2952.2,2959.1,2952.2,2957.6,692
2026-07-24T15:15:00+00:00,2957.4,2965.1,2956.8,2964.1,1255
2026-07-24T15:16:00+00:00,2964.0,2964.3,2961.1,2961.1,538
2026-07-24T15:17:00+00:00,2961.0,2963.3,2960.9,2961.2,367
2026-07-24T15:18:00+00:00,2960.8,2962.7,2959.1,2961.2,400
2026-07-24T15:19:00+00:00,2961.1,2962.3,2958.3,2958.8,341
2026-07-24T15:20:00+00:00,2958.9,2964.4,2958.5,2962.9,385
2026-07-24T15:21:00+00:00,2962.8,2965.5,2962.8,2964.2,282
2026-07-24T15:22:00+00:00,2964.1,2965.2,2963.6,2964.4,219
2026-07-24T15:23:00+00:00,2964.6,2966.1,2964.4,2964.5,203
2026-07-24T15:24:00+00:00,2964.5,2964.9,2962.6,2962.8,289
2026-07-24T15:25:00+00:00,2962.6,2964.7,2962.5,2964.1,164
2026-07-24T15:26:00+00:00,2964.2,2965.2,2964.0,2964.0,529
2026-07-24T15:27:00+00:00,2964.0,2966.3,2964.0,2966.1,296
2026-07-24T15:28:00+00:00,2966.3,2968.9,2966.2,2967.9,544
2026-07-24T15:29:00+00:00,2967.9,2968.3,2965.7,2966.3,463
2026-07-24T15:30:00+00:00,2966.4,2967.1,2964.9,2966.1,696
2026-07-24T15:31:00+00:00,2966.1,2968.1,2966.1,2967.7,112
2026-07-24T15:32:00+00:00,2967.7,2967.7,2965.3,2965.6,153
2026-07-24T15:33:00+00:00,2965.5,2966.4,2963.9,2964.0,235
2026-07-24T15:34:00+00:00,2964.2,2965.0,2962.7,2962.9,268
2026-07-24T15:35:00+00:00,2962.7,2964.8,2962.5,2964.7,199
2026-07-24T15:36:00+00:00,2964.7,2965.5,2963.9,2965.0,109
2026-07-24T15:37:00+00:00,2965.2,2966.3,2963.3,2966.3,210
2026-07-24T15:38:00+00:00,2966.4,2968.1,2966.2,2967.9,216
2026-07-24T15:39:00+00:00,2968.1,2968.9,2968.0,2968.6,224
2026-07-24T15:40:00+00:00,2968.6,2969.1,2967.9,2968.1,379
2026-07-24T15:41:00+00:00,2968.1,2968.6,2965.6,2966.6,485
2026-07-24T15:42:00+00:00,2966.3,2966.6,2964.9,2965.5,173
2026-07-24T15:43:00+00:00,2965.7,2965.9,2963.1,2963.9,178
2026-07-24T15:44:00+00:00,2964.1,2964.9,2963.9,2964.2,102
2026-07-24T15:45:00+00:00,2964.2,2965.6,2963.6,2964.5,173
2026-07-24T15:46:00+00:00,2964.1,2965.1,2963.8,2963.8,70
2026-07-24T15:47:00+00:00,2963.7,2965.0,2963.2,2963.7,109
2026-07-24T15:48:00+00:00,2964.0,2964.2,2963.1,2964.0,161
2026-07-24T15:49:00+00:00,2963.6,2963.8,2962.9,2963.2,91
2026-07-24T15:50:00+00:00,2963.2,2965.9,2963.0,2965.9,221
2026-07-24T15:51:00+00:00,2965.8,2966.2,2964.7,2964.8,60
2026-07-24T15:52:00+00:00,2964.7,2965.2,2962.8,2963.0,182
2026-07-24T15:53:00+00:00,2963.0,2963.9,2962.4,2963.8,85
2026-07-24T15:54:00+00:00,2964.0,2964.6,2963.8,2964.1,52
2026-07-24T15:55:00+00:00,2963.9,2964.7,2963.7,2963.7,187
2026-07-24T15:56:00+00:00,2964.0,2965.4,2963.7,2964.8,197
2026-07-24T15:57:00+00:00,2964.7,2965.5,2964.3,2964.9,71
2026-07-24T15:58:00+00:00,2964.7,2965.3,2963.9,2965.0,78
2026-07-24T15:59:00+00:00,2965.2,2965.5,2964.5,2964.8,53
2026-07-24T16:00:00+00:00,2965.1,2965.1,2962.2,2962.5,157
2026-07-24T16:01:00+00:00,2962.4,2963.3,2961.9,2963.3,99
2026-07-24T16:02:00+00:00,2963.2,2963.3,2962.2,2963.0,44
2026-07-24T16:03:00+00:00,2963.2,2963.6,2962.5,2963.3,49
2026-07-24T16:04:00+00:00,2963.2,2964.9,2962.9,2964.8,107
2026-07-24T16:05:00+00:00,2964.7,2964.8,2963.2,2963.2,74
2026-07-24T16:06:00+00:00,2963.2,2963.6,2963.0,2963.0,53
2026-07-24T16:07:00+00:00,2963.0,2965.6,2962.8,2965.4,116
2026-07-24T16:08:00+00:00,2965.3,2965.5,2964.6,2964.7,55
2026-07-24T16:09:00+00:00,2964.7,2965.8,2964.7,2965.0,88
2026-07-24T16:10:00+00:00,2965.2,2967.7,2965.2,2967.7,191
2026-07-24T16:11:00+00:00,2967.7,2967.8,2966.4,2966.7,84
2026-07-24T16:12:00+00:00,2967.0,2967.5,2966.2,2966.2,83
2026-07-24T16:13:00+00:00,2966.2,2966.4,2963.7,2964.4,250
2026-07-24T16:14:00+00:00,2964.2,2964.7,2963.9,2964.3,84
2026-07-24T16:15:00+00:00,2964.3,2965.3,2963.5,2965.1,88
2026-07-24T16:16:00+00:00,2964.8,2965.4,2964.4,2964.6,26
2026-07-24T16:17:00+00:00,2964.6,2965.7,2964.6,2965.2,44
2026-07-24T16:18:00+00:00,2965.1,2966.5,2965.1,2966.3,59
2026-07-24T16:19:00+00:00,2966.2,2967.3,2966.2,2966.7,127
2026-07-24T16:20:00+00:00,2967.0,2968.3,2967.0,2968.3,86
2026-07-24T16:21:00+00:00,2968.2,2968.4,2966.4,2966.8,63
2026-07-24T16:22:00+00:00,2966.9,2969.5,2966.8,2968.9,272
2026-07-24T16:23:00+00:00,2969.1,2969.1,2968.0,2968.0,103
2026-07-24T16:24:00+00:00,2967.9,2968.2,2966.7,2967.2,125
2026-07-24T16:25:00+00:00,2967.1,2968.0,2966.8,2968.0,74
2026-07-24T16:26:00+00:00,2968.0,2968.0,2967.3,2967.9,123
2026-07-24T16:27:00+00:00,2967.9,2968.0,2967.3,2967.4,62
2026-07-24T16:28:00+00:00,2967.5,2967.7,2966.9,2967.2,55
2026-07-24T16:29:00+00:00,2967.1,2967.3,2966.7,2966.7,76
2026-07-24T16:30:00+00:00,2966.8,2966.9,2963.4,2964.8,745
2026-07-24T16:31:00+00:00,2964.7,2966.2,2964.3,2965.8,168
2026-07-24T16:32:00+00:00,2966.0,2966.1,2965.0,2965.7,124
2026-07-24T16:33:00+00:00,2965.8,2966.1,2964.1,2964.3,84
2026-07-24T16:34:00+00:00,2964.6,2965.5,2964.6,2965.0,79
2026-07-24T16:35:00+00:00,2964.9,2965.6,2964.5,2965.2,93
2026-07-24T16:36:00+00:00,2965.3,2965.4,2963.9,2964.4,79
2026-07-24T16:37:00+00:00,2964.1,2964.1,2963.2,2963.9,86
2026-07-24T16:38:00+00:00,2963.8,2964.3,2961.6,2961.6,249
2026-07-24T16:39:00+00:00,2961.7,2963.0,2961.5,2962.4,80
2026-07-24T16:40:00+00:00,2962.3,2962.3,2960.2,2960.2,297
2026-07-24T16:41:00+00:00,2960.1,2960.6,2959.4,2960.5,133
2026-07-24T16:42:00+00:00,2960.9,2960.9,2959.3,2959.9,94
2026-07-24T16:43:00+00:00,2960.2,2960.3,2959.0,2959.8,120
2026-07-24T16:44:00+00:00,2959.5,2959.5,2958.2,2958.3,133
2026-07-24T16:45:00+00:00,2958.3,2959.4,2957.9,2959.2,145
2026-07-24T16:46:00+00:00,2959.1,2959.2,2958.3,2958.6,119
2026-07-24T16:47:00+00:00,2958.4,2958.8,2956.8,2957.0,105
2026-07-24T16:48:00+00:00,2956.9,2956.9,2955.5,2956.0,185
2026-07-24T16:49:00+00:00,2956.0,2956.6,2955.0,2956.1,133
2026-07-24T16:50:00+00:00,2956.1,2956.5,2955.2,2956.0,123
2026-07-24T16:51:00+00:00,2956.3,2956.5,2955.2,2955.4,83
2026-07-24T16:52:00+00:00,2955.8,2956.0,2954.6,2954.8,80
2026-07-24T16:53:00+00:00,2954.7,2954.9,2953.1,2954.1,158
2026-07-24T16:54:00+00:00,2954.0,2955.5,2954.0,2954.5,107
2026-07-24T16:55:00+00:00,2954.4,2956.2,2954.0,2955.5,121
2026-07-24T16:56:00+00:00,2955.7,2957.0,2955.6,2957.0,103
2026-07-24T16:57:00+00:00,2957.0,2958.5,2957.0,2958.3,204
2026-07-24T16:58:00+00:00,2958.4,2959.0,2957.9,2958.5,104
2026-07-24T16:59:00+00:00,2958.4,2959.2,2957.8,2958.0,159
2026-07-24T17:00:00+00:00,2958.1,2958.1,2956.4,2956.8,107
2026-07-24T17:01:00+00:00,2956.7,2956.7,2954.5,2956.5,143
2026-07-24T17:02:00+00:00,2956.7,2956.9,2955.5,2956.1,104
2026-07-24T17:03:00+00:00,2956.0,2956.5,2955.1,2955.8,92
2026-07-24T17:04:00+00:00,2956.1,2956.4,2955.7,2956.1,40
2026-07-24T17:05:00+00:00,2955.9,2956.7,2955.6,2956.3,49
2026-07-24T17:06:00+00:00,2956.2,2956.2,2952.7,2953.7,1100
2026-07-24T17:07:00+00:00,2953.6,2954.0,2952.6,2952.7,115
2026-07-24T17:08:00+00:00,2952.6,2953.0,2951.0,2952.0,247
2026-07-24T17:09:00+00:00,2951.3,2952.2,2950.8,2950.9,153
2026-07-24T17:10:00+00:00,2950.8,2951.6,2950.1,2951.6,154
2026-07-24T17:11:00+00:00,2951.5,2953.0,2951.3,2952.8,211
2026-07-24T17:12:00+00:00,2952.7,2953.9,2952.7,2953.4,125
2026-07-24T17:13:00+00:00,2953.5,2954.4,2952.9,2954.2,90
2026-07-24T17:14:00+00:00,2954.1,2955.4,2954.1,2955.0,164
2026-07-24T17:15:00+00:00,2954.8,2955.2,2954.2,2954.3,62
2026-07-24T17:16:00+00:00,2954.8,2954.8,2953.4,2954.1,86
2026-07-24T17:17:00+00:00,2953.9,2956.7,2953.9,2956.6,412
2026-07-24T17:18:00+00:00,2956.9,2957.8,2956.4,2957.0,178
2026-07-24T17:19:00+00:00,2956.8,2958.3,2956.8,2957.9,134
2026-07-24T17:20:00+00:00,2958.1,2958.6,2957.3,2957.3,93
2026-07-24T17:21:00+00:00,2957.3,2958.2,2957.2,2957.7,72
2026-07-24T17:22:00+00:00,2957.0,2957.9,2956.5,2957.0,50
2026-07-24T17:23:00+00:00,2957.0,2957.7,2956.7,2956.7,58
2026-07-24T17:24:00+00:00,2956.8,2958.6,2956.7,2958.6,43
2026-07-24T17:25:00+00:00,2958.7,2959.0,2957.1,2958.5,71
2026-07-24T17:26:00+00:00,2958.8,2959.7,2958.5,2959.7,53
2026-07-24T17:27:00+00:00,2959.5,2960.4,2959.4,2960.3,149
2026-07-24T17:28:00+00:00,2960.2,2961.0,2959.7,2960.1,115
2026-07-24T17:29:00+00:00,2960.0,2960.4,2959.4,2960.4,73
2026-07-24T17:30:00+00:00,2960.3,2961.4,2959.8,2961.0,175
2026-07-24T17:31:00+00:00,2961.0,2961.1,2960.0,2960.9,81
2026-07-24T17:32:00+00:00,2961.0,2961.0,2959.7,2960.4,46
2026-07-24T17:33:00+00:00,2960.4,2961.5,2960.2,2961.2,46
2026-07-24T17:34:00+00:00,2961.5,2962.3,2961.2,2962.1,75
2026-07-24T17:35:00+00:00,2962.0,2962.3,2961.4,2961.9,96
2026-07-24T17:36:00+00:00,2961.8,2962.0,2960.8,2961.6,69
2026-07-24T17:37:00+00:00,2961.3,2961.4,2959.2,2959.7,162
2026-07-24T17:38:00+00:00,2959.5,2960.5,2959.1,2960.1,41
2026-07-24T17:39:00+00:00,2960.1,2960.2,2959.4,2959.7,56
2026-07-24T17:40:00+00:00,2959.7,2959.8,2959.0,2959.5,56
2026-07-24T17:41:00+00:00,2959.1,2959.5,2958.7,2959.0,95
2026-07-24T17:42:00+00:00,2959.1,2959.1,2958.5,2959.0,41
2026-07-24T17:43:00+00:00,2958.8,2959.1,2958.2,2958.6,41
2026-07-24T17:44:00+00:00,2958.6,2958.8,2957.9,2958.5,37
2026-07-24T17:45:00+00:00,2958.0,2958.5,2957.7,2957.9,59
2026-07-24T17:46:00+00:00,2958.2,2959.2,2958.1,2958.8,41
2026-07-24T17:47:00+00:00,2959.0,2959.3,2958.2,2958.2,34
2026-07-24T17:48:00+00:00,2958.3,2958.3,2956.7,2957.2,95
2026-07-24T17:49:00+00:00,2957.0,2958.4,2957.0,2958.3,46
2026-07-24T17:50:00+00:00,2958.3,2958.6,2958.0,2958.3,31
2026-07-24T17:51:00+00:00,2958.6,2958.8,2956.7,2956.8,53
2026-07-24T17:52:00+00:00,2956.9,2957.3,2956.3,2957.2,68
2026-07-24T17:53:00+00:00,2957.4,2957.7,2957.2,2957.7,26
2026-07-24T17:54:00+00:00,2957.3,2957.9,2957.2,2957.8,19
2026-07-24T17:55:00+00:00,2958.0,2959.0,2957.7,2958.0,76
2026-07-24T17:56:00+00:00,2958.0,2959.1,2957.9,2959.0,27
2026-07-24T17:57:00+00:00,2958.9,2958.9,2958.1,2958.3,35
2026-07-24T17:58:00+00:00,2958.7,2958.8,2958.1,2958.8,45
2026-07-24T17:59:00+00:00,2958.5,2958.5,2957.4,2957.4,39
2026-07-24T18:00:00+00:00,2957.6,2958.0,2957.4,2958.0,109
2026-07-24T18:01:00+00:00,2958.1,2958.4,2956.5,2956.5,316
2026-07-24T18:02:00+00:00,2956.7,2957.0,2955.9,2956.3,167
2026-07-24T18:03:00+00:00,2956.4,2956.8,2956.1,2956.1,41
2026-07-24T18:04:00+00:00,2955.9,2956.8,2955.9,2956.7,21
2026-07-24T18:05:00+00:00,2956.4,2956.9,2956.0,2956.9,83
2026-07-24T18:06:00+00:00,2956.8,2957.3,2956.7,2957.1,42
2026-07-24T18:07:00+00:00,2957.1,2958.4,2957.1,2958.3,78
2026-07-24T18:08:00+00:00,2958.4,2958.4,2957.4,2957.4,31
2026-07-24T18:09:00+00:00,2957.5,2958.2,2957.5,2957.8,34
2026-07-24T18:10:00+00:00,2958.0,2958.1,2956.6,2956.7,50
2026-07-24T18:11:00+00:00,2956.6,2956.6,2955.6,2956.2,64
2026-07-24T18:12:00+00:00,2956.2,2956.5,2955.6,2955.9,39
2026-07-24T18:13:00+00:00,2956.0,2956.3,2955.2,2955.4,105
2026-07-24T18:14:00+00:00,2955.4,2955.7,2954.8,2955.3,52
2026-07-24T18:15:00+00:00,2955.0,2955.4,2954.7,2955.4,43
2026-07-24T18:16:00+00:00,2955.5,2955.5,2954.4,2955.1,51
2026-07-24T18:17:00+00:00,2955.0,2955.5,2954.6,2954.8,42
2026-07-24T18:18:00+00:00,2954.8,2954.9,2953.5,2954.0,52
2026-07-24T18:19:00+00:00,2954.5,2954.5,2952.6,2952.8,95
2026-07-24T18:20:00+00:00,2952.8,2952.8,2952.0,2952.4,87
2026-07-24T18:21:00+00:00,2952.2,2952.6,2951.6,2951.8,56
2026-07-24T18:22:00+00:00,2952.0,2953.5,2952.0,2953.3,82
2026-07-24T18:23:00+00:00,2953.1,2953.5,2952.4,2953.2,110
2026-07-24T18:24:00+00:00,2953.2,2953.7,2952.7,2953.2,72
2026-07-24T18:25:00+00:00,2952.8,2953.4,2952.0,2952.6,71
2026-07-24T18:26:00+00:00,2952.6,2952.6,2951.3,2951.3,83
2026-07-24T18:27:00+00:00,2951.2,2951.4,2950.5,2950.9,140
2026-07-24T18:28:00+00:00,2950.7,2951.0,2950.1,2950.2,166
2026-07-24T18:29:00+00:00,2950.2,2950.9,2949.1,2949.3,242
2026-07-24T18:30:00+00:00,2949.4,2949.7,2948.8,2949.0,177
2026-07-24T18:31:00+00:00,2948.9,2948.9,2947.7,2948.2,86
2026-07-24T18:32:00+00:00,2948.2,2949.2,2948.1,2948.1,100
2026-07-24T18:33:00+00:00,2948.1,2948.7,2947.1,2947.1,182
2026-07-24T18:34:00+00:00,2947.2,2947.2,2946.0,2946.9,201
2026-07-24T18:35:00+00:00,2947.0,2947.0,2945.2,2946.1,180
2026-07-24T18:36:00+00:00,2946.2,2948.3,2945.7,2946.1,282
2026-07-24T18:37:00+00:00,2946.0,2947.2,2946.0,2946.2,131
2026-07-24T18:38:00+00:00,2946.4,2947.4,2945.8,2947.2,153
2026-07-24T18:39:00+00:00,2947.2,2947.3,2944.8,2946.2,669
2026-07-24T18:40:00+00:00,2946.2,2946.2,2944.1,2944.4,115
2026-07-24T18:41:00+00:00,2944.3,2945.0,2943.6,2943.9,169
2026-07-24T18:42:00+00:00,2943.5,2944.6,2943.3,2944.5,185
2026-07-24T18:43:00+00:00,2944.5,2945.5,2944.2,2945.1,103
2026-07-24T18:44:00+00:00,2945.1,2945.7,2944.6,2944.9,92
2026-07-24T18:45:00+00:00,2945.1,2947.6,2944.9,2947.2,204
2026-07-24T18:46:00+00:00,2947.6,2948.5,2947.3,2947.4,157
2026-07-24T18:47:00+00:00,2947.7,2949.4,2947.7,2949.4,91
2026-07-24T18:48:00+00:00,2949.5,2949.7,2946.8,2946.8,192
2026-07-24T18:49:00+00:00,2946.9,2947.3,2946.8,2947.3,79
2026-07-24T18:50:00+00:00,2947.5,2947.7,2946.0,2946.3,81
2026-07-24T18:51:00+00:00,2946.4,2947.8,2946.4,2946.8,75
2026-07-24T18:52:00+00:00,2947.0,2947.5,2946.7,2947.4,44
2026-07-24T18:53:00+00:00,2947.6,2948.0,2946.4,2946.7,95
2026-07-24T18:54:00+00:00,2946.6,2946.6,2945.1,2945.9,71
2026-07-24T18:55:00+00:00,2945.8,2946.9,2945.8,2946.9,50
2026-07-24T18:56:00+00:00,2946.9,2947.9,2946.3,2947.9,80
2026-07-24T18:57:00+00:00,2947.8,2948.3,2947.6,2947.8,72
2026-07-24T18:58:00+00:00,2947.2,2947.8,2946.9,2947.0,45
2026-07-24T18:59:00+00:00,2947.0,2947.2,2946.6,2946.6,42
2026-07-24T19:00:00+00:00,2946.7,2947.5,2945.6,2946.3,110
2026-07-24T19:01:00+00:00,2946.3,2947.4,2945.9,2945.9,154
2026-07-24T19:02:00+00:00,2946.0,2946.0,2944.9,2944.9,126
2026-07-24T19:03:00+00:00,2944.9,2945.3,2944.6,2945.2,77
2026-07-24T19:04:00+00:00,2945.3,2945.9,2944.6,2944.9,91
2026-07-24T19:05:00+00:00,2944.9,2945.7,2944.3,2945.4,81
2026-07-24T19:06:00+00:00,2945.4,2945.9,2944.0,2944.1,111
2026-07-24T19:07:00+00:00,2944.0,2944.2,2941.6,2942.3,282
2026-07-24T19:08:00+00:00,2942.4,2943.1,2942.3,2942.5,98
2026-07-24T19:09:00+00:00,2942.5,2942.8,2940.5,2940.8,256
2026-07-24T19:10:00+00:00,2940.7,2941.2,2940.2,2941.0,127
2026-07-24T19:11:00+00:00,2940.8,2941.4,2940.3,2940.5,169
2026-07-24T19:12:00+00:00,2940.6,2942.8,2940.3,2940.4,232
2026-07-24T19:13:00+00:00,2940.4,2940.9,2939.9,2940.3,110
2026-07-24T19:14:00+00:00,2940.5,2940.5,2939.7,2939.7,54
2026-07-24T19:15:00+00:00,2940.2,2940.6,2939.7,2939.9,109
2026-07-24T19:16:00+00:00,2939.7,2939.9,2939.3,2939.8,60
2026-07-24T19:17:00+00:00,2939.9,2941.1,2939.8,2940.4,67
2026-07-24T19:18:00+00:00,2940.3,2941.5,2940.3,2941.0,108
2026-07-24T19:19:00+00:00,2941.0,2941.5,2940.1,2940.9,87
2026-07-24T19:20:00+00:00,2941.2,2942.2,2940.4,2941.9,233
2026-07-24T19:21:00+00:00,2942.0,2943.4,2941.5,2943.2,269
2026-07-24T19:22:00+00:00,2943.2,2943.7,2942.6,2942.9,97
2026-07-24T19:23:00+00:00,2942.8,2942.8,2941.9,2941.9,52
2026-07-24T19:24:00+00:00,2942.0,2942.0,2940.0,2940.3,200
2026-07-24T19:25:00+00:00,2940.3,2940.4,2939.4,2940.2,67
2026-07-24T19:26:00+00:00,2940.2,2940.6,2939.7,2940.6,57
2026-07-24T19:27:00+00:00,2940.5,2941.6,2940.5,2941.2,57
2026-07-24T19:28:00+00:00,2941.1,2941.7,2940.2,2941.7,44
2026-07-24T19:29:00+00:00,2941.9,2942.9,2941.7,2941.8,96
2026-07-24T19:30:00+00:00,2942.0,2943.6,2941.9,2942.9,136
2026-07-24T19:31:00+00:00,2942.9,2943.8,2942.5,2942.9,112
2026-07-24T19:32:00+00:00,2943.0,2944.0,2942.9,2944.0,120
2026-07-24T19:33:00+00:00,2943.8,2945.1,2943.7,2944.4,211
2026-07-24T19:34:00+00:00,2944.3,2944.6,2943.4,2944.4,139
2026-07-24T19:35:00+00:00,2944.3,2946.8,2943.9,2945.8,336
2026-07-24T19:36:00+00:00,2945.6,2945.8,2943.7,2943.8,160
2026-07-24T19:37:00+00:00,2944.0,2945.5,2944.0,2944.3,134
2026-07-24T19:38:00+00:00,2944.2,2944.6,2943.5,2943.7,56
2026-07-24T19:39:00+00:00,2943.8,2944.1,2942.2,2942.3,159
2026-07-24T19:40:00+00:00,2942.3,2943.1,2941.7,2942.1,122
2026-07-24T19:41:00+00:00,2942.0,2942.3,2941.4,2942.2,81
2026-07-24T19:42:00+00:00,2942.4,2942.8,2942.0,2942.8,56
2026-07-24T19:43:00+00:00,2942.7,2942.8,2941.6,2942.2,63
2026-07-24T19:44:00+00:00,2942.3,2943.1,2942.1,2943.1,53
2026-07-24T19:45:00+00:00,2943.0,2944.1,2942.0,2942.0,128
2026-07-24T19:46:00+00:00,2942.1,2942.2,2941.2,2941.2,106
2026-07-24T19:47:00+00:00,2941.2,2942.3,2941.1,2941.6,81
2026-07-24T19:48:00+00:00,2941.5,2941.8,2940.8,2941.1,58
2026-07-24T19:49:00+00:00,2941.0,2943.3,2941.0,2943.3,141
2026-07-24T19:50:00+00:00,2943.5,2944.9,2941.3,2941.5,268
2026-07-24T19:51:00+00:00,2941.4,2941.4,2940.1,2940.9,160
2026-07-24T19:52:00+00:00,2940.7,2940.7,2939.7,2940.6,105
2026-07-24T19:53:00+00:00,2940.6,2941.5,2940.0,2941.3,186
2026-07-24T19:54:00+00:00,2941.2,2943.4,2941.1,2943.0,177
2026-07-24T19:55:00+00:00,2942.9,2943.2,2939.8,2939.9,261
2026-07-24T19:56:00+00:00,2939.7,2940.4,2939.2,2939.5,131
2026-07-24T19:57:00+00:00,2939.3,2940.1,2939.0,2940.0,129
2026-07-24T19:58:00+00:00,2939.8,2940.0,2939.1,2939.2,202
2026-07-24T19:59:00+00:00,2939.1,2943.0,2937.8,2942.5,1379
2026-07-24T20:00:00+00:00,2942.6,2943.1,2941.1,2942.6,509
2026-07-24T20:01:00+00:00,2942.4,2944.0,2942.4,2943.8,232
2026-07-24T20:02:00+00:00,2943.6,2943.8,2942.5,2942.9,91
2026-07-24T20:03:00+00:00,2943.0,2943.2,2942.3,2942.3,72
2026-07-24T20:04:00+00:00,2942.1,2943.1,2941.6,2942.7,101
2026-07-24T20:05:00+00:00,2942.5,2942.7,2941.2,2941.3,51
2026-07-24T20:06:00+00:00,2941.2,2941.9,2941.2,2941.7,31
2026-07-24T20:07:00+00:00,2941.4,2941.9,2941.4,2941.5,40
2026-07-24T20:08:00+00:00,2941.6,2941.6,2941.0,2941.0,20
2026-07-24T20:09:00+00:00,2941.2,2942.0,2941.2,2941.5,30
2026-07-24T20:10:00+00:00,2941.8,2941.8,2941.0,2941.2,40
2026-07-24T20:11:00+00:00,2941.1,2942.6,2941.1,2942.6,56
2026-07-24T20:12:00+00:00,2942.7,2942.8,2942.2,2942.5,23
2026-07-24T20:13:00+00:00,2942.7,2943.1,2942.5,2942.6,50
2026-07-24T20:14:00+00:00,2942.7,2943.1,2942.5,2942.7,40
2026-07-24T20:15:00+00:00,2943.3,2944.2,2943.3,2943.9,56
2026-07-24T20:16:00+00:00,2944.1,2944.6,2943.8,2944.4,33
2026-07-24T20:17:00+00:00,2944.3,2944.4,2943.9,2944.2,36
2026-07-24T20:18:00+00:00,2944.1,2944.5,2944.0,2944.5,23
2026-07-24T20:19:00+00:00,2944.4,2944.4,2943.9,2944.0,21
2026-07-24T20:20:00+00:00,2944.2,2944.7,2944.2,2944.6,83
2026-07-24T20:21:00+00:00,2944.9,2944.9,2944.7,2944.8,35
2026-07-24T20:22:00+00:00,2944.8,2945.4,2944.8,2945.4,45
2026-07-24T20:23:00+00:00,2945.5,2946.1,2945.2,2945.3,93
2026-07-24T20:24:00+00:00,2945.2,2945.3,2944.5,2944.7,38
2026-07-24T20:25:00+00:00,2944.7,2945.1,2944.7,2945.1,16
2026-07-24T20:26:00+00:00,2945.0,2945.4,2944.9,2945.4,12
2026-07-24T20:27:00+00:00,2945.3,2945.3,2944.5,2944.6,26
2026-07-24T20:28:00+00:00,2944.6,2944.7,2944.2,2944.3,18
2026-07-24T20:29:00+00:00,2944.6,2944.6,2943.9,2944.0,37
2026-07-24T20:30:00+00:00,2944.0,2944.2,2942.4,2942.6,57
2026-07-24T20:31:00+00:00,2942.6,2942.6,2942.0,2942.3,87
2026-07-24T20:32:00+00:00,2942.4,2942.4,2941.9,2941.9,39
2026-07-24T20:33:00+00:00,2941.9,2942.2,2941.8,2942.1,33
2026-07-24T20:34:00+00:00,2942.0,2942.6,2942.0,2942.5,35
2026-07-24T20:35:00+00:00,2942.8,2943.3,2942.6,2943.1,35
2026-07-24T20:36:00+00:00,2943.4,2943.6,2943.2,2943.5,20
2026-07-24T20:37:00+00:00,2943.7,2943.7,2942.8,2943.0,19
2026-07-24T20:38:00+00:00,2943.0,2943.0,2942.8,2943.0,20
2026-07-24T20:39:00+00:00,2942.9,2942.9,2942.7,2942.9,21
2026-07-24T20:40:00+00:00,2942.9,2943.1,2942.6,2942.8,14
2026-07-24T20:41:00+00:00,2942.6,2943.0,2942.6,2942.8,32
2026-07-24T20:42:00+00:00,2942.9,2942.9,2942.8,2942.8,14
2026-07-24T20:43:00+00:00,2942.6,2942.9,2942.5,2942.8,44
2026-07-24T20:45:00+00:00,2943.4,2944.1,2943.4,2944.0,45
2026-07-24T20:46:00+00:00,2943.6,2943.9,2943.6,2943.8,24
2026-07-24T20:47:00+00:00,2943.7,2943.9,2943.6,2943.6,19
2026-07-24T20:48:00+00:00,2943.6,2943.7,2943.5,2943.6,28
2026-07-24T20:49:00+00:00,2943.6,2943.6,2943.3,2943.4,18
2026-07-24T20:50:00+00:00,2943.4,2943.4,2942.9,2942.9,19
2026-07-24T20:51:00+00:00,2943.1,2944.4,2943.1,2944.0,45
2026-07-24T20:52:00+00:00,2944.2,2944.3,2943.1,2943.1,27
2026-07-24T20:53:00+00:00,2943.2,2944.1,2943.2,2944.1,22
2026-07-24T20:54:00+00:00,2944.3,2945.7,2944.1,2945.4,74
2026-07-24T20:55:00+00:00,2945.5,2945.7,2944.4,2944.6,90
2026-07-24T20:56:00+00:00,2944.4,2944.6,2944.0,2944.5,36
2026-07-24T20:57:00+00:00,2944.6,2945.1,2944.6,2945.1,19
2026-07-24T20:58:00+00:00,2945.1,2946.3,2945.0,2945.3,49
2026-07-24T20:59:00+00:00,2945.3,2945.3,2944.0,2944.4,59
2026-07-26T22:00:00+00:00,2954.9,2977.1,2954.3,2976.6,783
2026-07-26T22:01:00+00:00,2976.4,2977.2,2973.1,2973.5,177
2026-07-26T22:02:00+00:00,2973.2,2973.6,2971.0,2973.1,239
2026-07-26T22:03:00+00:00,2973.9,2974.9,2972.2,2973.0,79
2026-07-26T22:04:00+00:00,2972.8,2974.2,2969.9,2970.6,79
2026-07-26T22:05:00+00:00,2971.2,2972.9,2970.8,2972.4,68
2026-07-26T22:06:00+00:00,2971.5,2974.0,2971.5,2972.2,83
2026-07-26T22:07:00+00:00,2972.4,2972.7,2971.2,2971.2,12
2026-07-26T22:08:00+00:00,2971.2,2971.5,2970.4,2970.4,36
2026-07-26T22:09:00+00:00,2970.9,2970.9,2969.0,2969.6,55
2026-07-26T22:10:00+00:00,2970.0,2970.9,2968.9,2969.6,66
2026-07-26T22:11:00+00:00,2969.8,2969.8,2968.8,2969.0,16
2026-07-26T22:12:00+00:00,2968.8,2969.2,2968.2,2968.8,37
2026-07-26T22:13:00+00:00,2968.8,2969.7,2968.1,2969.7,43
2026-07-26T22:14:00+00:00,2969.7,2970.0,2969.0,2969.8,18
2026-07-26T22:15:00+00:00,2970.0,2970.2,2968.9,2968.9,38
2026-07-26T22:16:00+00:00,2969.1,2971.1,2969.0,2971.0,33
2026-07-26T22:17:00+00:00,2971.1,2971.8,2970.4,2971.2,85
2026-07-26T22:18:00+00:00,2970.9,2971.8,2970.9,2971.8,18
2026-07-26T22:19:00+00:00,2971.6,2971.6,2970.6,2971.2,22
2026-07-26T22:20:00+00:00,2971.0,2971.4,2970.7,2971.4,11
2026-07-26T22:21:00+00:00,2970.5,2971.0,2970.0,2971.0,19
2026-07-26T22:22:00+00:00,2970.7,2970.7,2970.6,2970.6,6
2026-07-26T22:23:00+00:00,2970.4,2970.6,2969.8,2970.0,45
2026-07-26T22:24:00+00:00,2970.2,2970.2,2969.7,2970.1,25
2026-07-26T22:25:00+00:00,2970.0,2971.0,2969.6,2970.3,59
2026-07-26T22:26:00+00:00,2970.1,2970.8,2969.9,2970.5,22
2026-07-26T22:27:00+00:00,2970.4,2970.4,2970.1,2970.1,5
2026-07-26T22:28:00+00:00,2970.1,2970.1,2969.5,2969.7,20
2026-07-26T22:29:00+00:00,2969.4,2969.9,2969.0,2969.5,20
2026-07-26T22:30:00+00:00,2969.7,2970.0,2969.0,2969.3,44
2026-07-26T22:31:00+00:00,2969.1,2969.9,2969.1,2969.9,3
2026-07-26T22:32:00+00:00,2969.6,2970.0,2969.4,2970.0,6
2026-07-26T22:33:00+00:00,2970.2,2970.2,2969.4,2969.4,20
2026-07-26T22:34:00+00:00,2969.3,2969.6,2969.1,2969.4,15
2026-07-26T22:35:00+00:00,2969.8,2970.0,2969.7,2969.8,8
2026-07-26T22:36:00+00:00,2969.5,2969.8,2969.3,2969.5,17
2026-07-26T22:37:00+00:00,2969.5,2969.5,2969.2,2969.4,5
2026-07-26T22:38:00+00:00,2969.7,2969.9,2969.5,2969.6,17
2026-07-26T22:39:00+00:00,2969.5,2969.5,2969.0,2969.1,7
2026-07-26T22:40:00+00:00,2969.4,2969.4,2968.7,2968.7,11
2026-07-26T22:41:00+00:00,2968.6,2968.8,2968.4,2968.6,36
2026-07-26T22:42:00+00:00,2968.8,2968.8,2968.4,2968.5,15
2026-07-26T22:43:00+00:00,2968.3,2968.3,2968.0,2968.3,30
2026-07-26T22:44:00+00:00,2968.6,2968.8,2968.3,2968.3,29
2026-07-26T22:45:00+00:00,2968.3,2968.3,2967.7,2967.9,23
2026-07-26T22:46:00+00:00,2967.9,2968.1,2967.6,2967.9,22
2026-07-26T22:47:00+00:00,2967.6,2967.9,2967.4,2967.4,17
2026-07-26T22:48:00+00:00,2967.4,2967.6,2967.1,2967.5,29
2026-07-26T22:49:00+00:00,2967.6,2967.6,2967.1,2967.5,26
2026-07-26T22:50:00+00:00,2967.6,2967.6,2967.6,2967.6,1
2026-07-26T22:51:00+00:00,2968.7,2969.0,2968.2,2968.5,38
2026-07-26T22:52:00+00:00,2968.8,2968.8,2968.4,2968.5,30
2026-07-26T22:53:00+00:00,2968.8,2968.8,2968.3,2968.3,18
2026-07-26T22:54:00+00:00,2968.4,2968.6,2968.3,2968.6,6
2026-07-26T22:55:00+00:00,2968.7,2969.0,2968.1,2968.2,32
2026-07-26T22:56:00+00:00,2968.0,2968.6,2968.0,2968.6,27
2026-07-26T22:57:00+00:00,2968.3,2968.3,2968.2,2968.2,5
2026-07-26T22:58:00+00:00,2968.3,2968.3,2967.7,2967.9,18
2026-07-26T22:59:00+00:00,2968.0,2968.5,2967.9,2968.5,30
2026-07-26T23:00:00+00:00,2968.4,2968.5,2967.1,2967.1,73
2026-07-26T23:01:00+00:00,2967.2,2967.8,2967.1,2967.5,16
2026-07-26T23:02:00+00:00,2967.0,2967.5,2966.5,2967.3,82
2026-07-26T23:03:00+00:00,2967.1,2967.2,2966.7,2966.7,16
2026-07-26T23:04:00+00:00,2966.8,2967.0,2966.2,2967.0,48
2026-07-26T23:05:00+00:00,2966.8,2968.3,2966.8,2967.8,22
2026-07-26T23:06:00+00:00,2967.8,2968.6,2967.8,2968.1,42
2026-07-26T23:07:00+00:00,2967.6,2967.9,2967.3,2967.9,19
2026-07-26T23:08:00+00:00,2967.5,2967.8,2967.5,2967.8,2
2026-07-26T23:09:00+00:00,2968.1,2968.5,2968.1,2968.3,5
2026-07-26T23:10:00+00:00,2968.4,2969.1,2968.4,2968.8,30
2026-07-26T23:11:00+00:00,2968.9,2968.9,2968.9,2968.9,5
2026-07-26T23:12:00+00:00,2968.8,2969.7,2968.8,2969.4,28
2026-07-26T23:13:00+00:00,2969.4,2970.5,2969.4,2970.5,83
2026-07-26T23:14:00+00:00,2970.6,2971.0,2970.0,2970.5,26
2026-07-26T23:15:00+00:00,2971.0,2971.7,2970.7,2971.5,46
2026-07-26T23:16:00+00:00,2971.4,2972.1,2971.1,2971.1,47
2026-07-26T23:17:00+00:00,2971.0,2972.0,2970.6,2971.7,17
2026-07-26T23:18:00+00:00,2971.6,2971.6,2971.4,2971.4,7
2026-07-26T23:19:00+00:00,2971.2,2971.2,2970.5,2971.0,20
2026-07-26T23:20:00+00:00,2970.9,2970.9,2970.7,2970.8,10
2026-07-26T23:21:00+00:00,2970.6,2970.8,2970.6,2970.6,17
2026-07-26T23:22:00+00:00,2970.5,2970.9,2970.5,2970.9,21
2026-07-26T23:23:00+00:00,2970.8,2970.8,2970.2,2970.2,7
2026-07-26T23:24:00+00:00,2970.0,2970.0,2969.1,2969.1,40
2026-07-26T23:25:00+00:00,2969.5,2969.7,2969.3,2969.7,41
2026-07-26T23:26:00+00:00,2969.2,2969.7,2969.1,2969.5,19
2026-07-26T23:27:00+00:00,2969.4,2969.7,2969.4,2969.7,19
2026-07-26T23:28:00+00:00,2969.3,2969.3,2969.1,2969.1,7
2026-07-26T23:29:00+00:00,2969.2,2969.2,2968.7,2968.8,19
2026-07-26T23:30:00+00:00,2969.0,2970.0,2969.0,2969.7,17
2026-07-26T23:31:00+00:00,2969.8,2969.8,2969.3,2969.6,20
2026-07-26T23:32:00+00:00,2969.7,2969.7,2969.2,2969.4,11
2026-07-26T23:34:00+00:00,2969.9,2970.7,2969.8,2970.7,16
2026-07-26T23:35:00+00:00,2970.8,2971.0,2970.6,2970.6,11
2026-07-26T23:36:00+00:00,2970.9,2971.5,2970.6,2971.5,38
2026-07-26T23:37:00+00:00,2971.0,2971.0,2971.0,2971.0,1
2026-07-26T23:38:00+00:00,2971.2,2971.2,2971.0,2971.0,6
2026-07-26T23:39:00+00:00,2971.1,2971.1,2971.0,2971.0,4
2026-07-26T23:40:00+00:00,2970.6,2971.0,2970.6,2971.0,7
2026-07-26T23:41:00+00:00,2971.0,2972.7,2971.0,2972.7,82
2026-07-26T23:42:00+00:00,2972.5,2972.7,2972.3,2972.5,16
2026-07-26T23:43:00+00:00,2972.3,2972.3,2971.7,2971.9,11
2026-07-26T23:44:00+00:00,2971.9,2973.0,2971.8,2972.5,31
2026-07-26T23:45:00+00:00,2972.2,2972.8,2971.7,2972.8,35
2026-07-26T23:46:00+00:00,2972.7,2973.9,2972.5,2973.8,86
2026-07-26T23:47:00+00:00,2974.0,2975.1,2974.0,2974.4,106
2026-07-26T23:48:00+00:00,2974.4,2974.6,2974.0,2974.4,56
2026-07-26T23:49:00+00:00,2974.3,2975.5,2974.1,2975.4,62
2026-07-26T23:50:00+00:00,2975.0,2975.5,2974.7,2975.5,19
2026-07-26T23:51:00+00:00,2975.6,2976.4,2975.4,2976.2,47
2026-07-26T23:52:00+00:00,2976.0,2976.2,2975.7,2975.7,38
2026-07-26T23:53:00+00:00,2975.5,2975.7,2974.6,2974.7,45
2026-07-26T23:54:00+00:00,2974.7,2974.9,2974.2,2974.3,20
2026-07-26T23:55:00+00:00,2974.3,2975.0,2974.3,2974.5,25
2026-07-26T23:56:00+00:00,2974.6,2974.9,2974.4,2974.7,39
2026-07-26T23:57:00+00:00,2974.8,2975.5,2974.7,2975.5,31
2026-07-26T23:58:00+00:00,2975.4,2977.1,2975.4,2976.5,93
2026-07-26T23:59:00+00:00,2976.4,2977.4,2976.4,2977.2,131
2026-07-27T00:00:00+00:00,2977.2,2977.2,2974.7,2974.9,184
2026-07-27T00:01:00+00:00,2974.9,2975.2,2973.2,2974.1,101
2026-07-27T00:02:00+00:00,2973.8,2974.6,2971.7,2972.1,96
2026-07-27T00:03:00+00:00,2971.9,2971.9,2969.9,2970.3,88
2026-07-27T00:04:00+00:00,2970.4,2970.7,2968.9,2969.0,82
2026-07-27T00:05:00+00:00,2968.9,2970.8,2968.9,2970.1,106
2026-07-27T00:06:00+00:00,2970.0,2971.0,2969.7,2970.9,120
2026-07-27T00:07:00+00:00,2970.9,2971.1,2969.9,2969.9,140
2026-07-27T00:08:00+00:00,2970.1,2971.0,2969.8,2969.9,65
2026-07-27T00:09:00+00:00,2970.0,2970.7,2969.8,2970.2,42
2026-07-27T00:10:00+00:00,2970.8,2971.4,2970.0,2970.1,46
2026-07-27T00:11:00+00:00,2970.5,2972.4,2970.5,2971.9,58
2026-07-27T00:12:00+00:00,2971.8,2972.5,2971.8,2972.3,30
2026-07-27T00:13:00+00:00,2972.1,2973.4,2972.1,2972.5,34
2026-07-27T00:14:00+00:00,2972.6,2972.7,2972.1,2972.6,34
2026-07-27T00:15:00+00:00,2972.8,2973.9,2971.9,2973.4,329
2026-07-27T00:16:00+00:00,2973.2,2973.7,2971.6,2971.6,82
2026-07-27T00:17:00+00:00,2971.8,2971.8,2970.9,2971.1,47
2026-07-27T00:18:00+00:00,2971.1,2971.1,2969.4,2969.4,48
2026-07-27T00:19:00+00:00,2969.4,2969.7,2968.5,2969.3,163
2026-07-27T00:20:00+00:00,2969.2,2969.3,2968.3,2968.7,67
2026-07-27T00:21:00+00:00,2969.3,2969.4,2968.8,2968.9,22
2026-07-27T00:22:00+00:00,2969.0,2969.5,2968.7,2969.4,19
2026-07-27T00:23:00+00:00,2969.5,2969.7,2969.0,2969.7,10
2026-07-27T00:24:00+00:00,2969.3,2969.3,2968.8,2969.3,11
2026-07-27T00:25:00+00:00,2969.3,2970.0,2969.1,2969.7,45
2026-07-27T00:26:00+00:00,2969.9,2969.9,2969.2,2969.5,32
2026-07-27T00:27:00+00:00,2969.6,2970.0,2968.9,2968.9,44
2026-07-27T00:28:00+00:00,2969.3,2969.7,2969.2,2969.3,19
2026-07-27T00:29:00+00:00,2969.4,2969.7,2968.8,2969.1,30
2026-07-27T00:30:00+00:00,2969.1,2970.1,2968.9,2968.9,35
2026-07-27T00:31:00+00:00,2969.5,2969.5,2968.7,2969.3,29
2026-07-27T00:32:00+00:00,2969.2,2969.7,2968.9,2969.7,25
2026-07-27T00:33:00+00:00,2969.4,2970.0,2969.1,2969.1,14
2026-07-27T00:34:00+00:00,2969.1,2969.2,2968.9,2969.2,22
2026-07-27T00:35:00+00:00,2969.2,2969.2,2968.4,2969.0,25
2026-07-27T00:36:00+00:00,2969.0,2969.0,2968.0,2968.4,26
2026-07-27T00:37:00+00:00,2968.6,2968.6,2967.4,2967.4,63
2026-07-27T00:38:00+00:00,2967.6,2967.9,2967.5,2967.5,21
2026-07-27T00:39:00+00:00,2967.7,2967.7,2967.0,2967.2,72
2026-07-27T00:40:00+00:00,2967.3,2967.4,2966.9,2966.9,14
2026-07-27T00:41:00+00:00,2967.0,2967.4,2967.0,2967.4,18
2026-07-27T00:42:00+00:00,2967.4,2967.4,2966.8,2967.0,18
2026-07-27T00:43:00+00:00,2966.7,2966.8,2966.3,2966.7,37
2026-07-27T00:44:00+00:00,2967.0,2967.0,2966.3,2966.8,27
2026-07-27T00:45:00+00:00,2966.6,2967.4,2966.5,2967.0,51
2026-07-27T00:46:00+00:00,2966.8,2967.0,2966.5,2967.0,19
2026-07-27T00:47:00+00:00,2967.1,2967.4,2966.7,2966.7,21
2026-07-27T00:48:00+00:00,2966.5,2966.7,2966.2,2966.7,45
2026-07-27T00:49:00+00:00,2966.6,2966.8,2966.6,2966.7,5
2026-07-27T00:50:00+00:00,2966.7,2967.4,2966.7,2967.1,41
2026-07-27T00:51:00+00:00,2967.5,2968.0,2967.5,2967.9,36
2026-07-27T00:52:00+00:00,2968.0,2968.2,2967.2,2967.2,32
2026-07-27T00:53:00+00:00,2967.0,2967.1,2966.9,2967.1,14
2026-07-27T00:54:00+00:00,2966.7,2967.0,2966.2,2967.0,30
2026-07-27T00:55:00+00:00,2966.8,2967.0,2965.7,2965.8,39
2026-07-27T00:56:00+00:00,2965.6,2966.0,2965.5,2965.7,23
2026-07-27T00:57:00+00:00,2965.9,2966.5,2965.9,2966.1,19
2026-07-27T00:58:00+00:00,2966.4,2966.5,2965.9,2966.0,27
2026-07-27T00:59:00+00:00,2965.9,2965.9,2965.2,2965.3,26
2026-07-27T01:00:00+00:00,2965.5,2966.3,2965.4,2965.9,38
2026-07-27T01:01:00+00:00,2966.0,2966.8,2965.9,2966.7,21
2026-07-27T01:02:00+00:00,2966.6,2966.6,2966.2,2966.4,10
2026-07-27T01:03:00+00:00,2966.0,2966.1,2965.1,2965.1,31
2026-07-27T01:04:00+00:00,2965.0,2965.2,2964.5,2964.5,68
2026-07-27T01:05:00+00:00,2964.5,2964.8,2964.4,2964.7,18
2026-07-27T01:06:00+00:00,2964.7,2965.4,2964.6,2965.0,36
2026-07-27T01:07:00+00:00,2964.9,2966.0,2964.9,2965.7,25
2026-07-27T01:08:00+00:00,2965.9,2966.3,2964.6,2964.6,18
2026-07-27T01:09:00+00:00,2964.7,2965.2,2964.7,2965.2,10
2026-07-27T01:10:00+00:00,2965.3,2965.6,2964.9,2964.9,19
2026-07-27T01:11:00+00:00,2964.9,2964.9,2964.5,2964.9,11
2026-07-27T01:12:00+00:00,2964.4,2964.7,2964.3,2964.5,21
2026-07-27T01:13:00+00:00,2964.0,2964.0,2963.7,2963.7,50
2026-07-27T01:14:00+00:00,2963.8,2964.2,2963.7,2964.2,97
2026-07-27T01:15:00+00:00,2964.2,2964.5,2964.0,2964.3,26
2026-07-27T01:16:00+00:00,2964.6,2964.9,2964.1,2964.2,36
2026-07-27T01:17:00+00:00,2964.2,2964.3,2963.7,2963.8,24
2026-07-27T01:18:00+00:00,2963.7,2964.2,2963.7,2964.2,22
2026-07-27T01:19:00+00:00,2963.9,2963.9,2963.3,2963.4,17
2026-07-27T01:20:00+00:00,2963.2,2963.2,2962.7,2962.8,37
2026-07-27T01:21:00+00:00,2962.8,2962.8,2962.2,2962.5,33
2026-07-27T01:22:00+00:00,2962.8,2963.6,2962.8,2963.6,19
2026-07-27T01:23:00+00:00,2963.7,2963.8,2963.3,2963.4,26
2026-07-27T01:24:00+00:00,2963.5,2963.5,2963.5,2963.5,2
2026-07-27T01:25:00+00:00,2963.3,2963.5,2963.1,2963.1,11
2026-07-27T01:26:00+00:00,2962.9,2963.3,2962.6,2962.6,17
2026-07-27T01:27:00+00:00,2963.2,2963.4,2963.2,2963.4,3
2026-07-27T01:28:00+00:00,2963.4,2963.4,2963.0,2963.0,13
2026-07-27T01:29:00+00:00,2963.0,2963.8,2962.9,2963.6,30
2026-07-27T01:30:00+00:00,2964.1,2964.5,2963.8,2964.4,34
2026-07-27T01:31:00+00:00,2964.6,2966.4,2964.4,2965.9,68
2026-07-27T01:32:00+00:00,2965.7,2966.4,2965.5,2966.3,17
2026-07-27T01:33:00+00:00,2966.5,2966.5,2965.8,2965.9,14
2026-07-27T01:34:00+00:00,2966.1,2966.4,2965.8,2965.9,11
2026-07-27T01:35:00+00:00,2965.6,2965.6,2964.2,2964.3,27
2026-07-27T01:36:00+00:00,2964.4,2965.1,2964.4,2965.0,12
2026-07-27T01:37:00+00:00,2965.2,2965.6,2965.0,2965.5,7
2026-07-27T01:38:00+00:00,2965.6,2966.9,2965.5,2966.9,26
2026-07-27T01:39:00+00:00,2967.0,2967.0,2966.7,2966.7,10
2026-07-27T01:40:00+00:00,2967.0,2967.6,2966.9,2967.6,23
2026-07-27T01:41:00+00:00,2967.7,2968.2,2967.1,2967.1,33
2026-07-27T01:42:00+00:00,2967.0,2967.5,2966.7,2967.5,61
2026-07-27T01:43:00+00:00,2968.0,2968.0,2966.3,2966.3,26
2026-07-27T01:44:00+00:00,2966.2,2966.4,2966.2,2966.3,8
2026-07-27T01:45:00+00:00,2966.6,2966.7,2966.0,2966.6,9
2026-07-27T01:46:00+00:00,2966.8,2967.4,2966.8,2967.2,8
2026-07-27T01:47:00+00:00,2966.9,2967.4,2966.7,2967.4,12
2026-07-27T01:48:00+00:00,2967.1,2968.0,2967.1,2967.8,19
2026-07-27T01:49:00+00:00,2968.0,2968.2,2967.5,2968.0,19
2026-07-27T01:50:00+00:00,2967.3,2967.3,2966.3,2966.3,22
2026-07-27T01:51:00+00:00,2966.0,2967.0,2965.7,2966.9,40
2026-07-27T01:52:00+00:00,2967.2,2967.3,2966.6,2966.7,9
2026-07-27T01:53:00+00:00,2966.5,2966.7,2966.5,2966.7,2
2026-07-27T01:54:00+00:00,2966.7,2966.7,2966.5,2966.5,3
2026-07-27T01:55:00+00:00,2966.8,2967.1,2966.8,2966.9,4
2026-07-27T01:57:00+00:00,2967.0,2967.5,2967.0,2967.5,12
2026-07-27T01:58:00+00:00,2967.9,2967.9,2967.9,2967.9,1
2026-07-27T01:59:00+00:00,2968.3,2968.5,2968.2,2968.3,14
2026-07-27T02:00:00+00:00,2968.6,2968.7,2968.2,2968.2,44
2026-07-27T02:01:00+00:00,2968.4,2969.2,2968.4,2968.9,69
2026-07-27T02:02:00+00:00,2969.1,2969.1,2967.9,2967.9,23
2026-07-27T02:03:00+00:00,2967.8,2968.3,2967.7,2968.3,5
2026-07-27T02:04:00+00:00,2968.2,2968.2,2967.4,2967.4,11
2026-07-27T02:05:00+00:00,2967.2,2967.7,2967.2,2967.7,12
2026-07-27T02:06:00+00:00,2967.5,2967.6,2967.3,2967.3,9
2026-07-27T02:07:00+00:00,2967.5,2967.9,2967.3,2967.6,10
2026-07-27T02:08:00+00:00,2967.5,2968.0,2967.5,2968.0,3
2026-07-27T02:09:00+00:00,2967.9,2968.6,2967.9,2968.4,14
2026-07-27T02:10:00+00:00,2968.4,2968.4,2967.9,2968.2,10
2026-07-27T02:11:00+00:00,2968.1,2968.2,2967.9,2968.2,9
2026-07-27T02:12:00+00:00,2968.1,2968.1,2967.4,2967.9,8
2026-07-27T02:13:00+00:00,2967.5,2968.6,2967.5,2968.6,9
2026-07-27T02:14:00+00:00,2968.4,2968.4,2968.4,2968.4,1
2026-07-27T02:15:00+00:00,2968.6,2969.0,2968.4,2968.5,50
2026-07-27T02:16:00+00:00,2968.7,2968.9,2968.3,2968.3,30
2026-07-27T02:17:00+00:00,2968.3,2968.7,2968.3,2968.5,8
2026-07-27T02:18:00+00:00,2968.9,2969.2,2968.5,2968.5,32
2026-07-27T02:19:00+00:00,2969.0,2969.0,2968.9,2968.9,3
2026-07-27T02:20:00+00:00,2968.9,2969.1,2968.5,2968.8,30
2026-07-27T02:21:00+00:00,2968.1,2968.1,2967.8,2967.9,9
2026-07-27T02:22:00+00:00,2967.5,2968.6,2967.4,2968.6,19
2026-07-27T02:23:00+00:00,2968.5,2968.5,2967.5,2967.5,6
2026-07-27T02:24:00+00:00,2967.8,2968.2,2967.8,2967.9,20
2026-07-27T02:25:00+00:00,2968.0,2968.9,2968.0,2968.9,19
2026-07-27T02:26:00+00:00,2968.8,2968.8,2968.2,2968.2,5
2026-07-27T02:27:00+00:00,2968.2,2968.2,2967.8,2967.8,7
2026-07-27T02:28:00+00:00,2968.5,2968.5,2968.5,2968.5,10
2026-07-27T02:29:00+00:00,2968.6,2968.8,2968.5,2968.8,8
2026-07-27T02:30:00+00:00,2968.3,2968.3,2966.8,2967.0,30
2026-07-27T02:31:00+00:00,2966.9,2967.2,2966.9,2967.2,11
2026-07-27T02:32:00+00:00,2967.0,2967.0,2966.4,2966.4,9
2026-07-27T02:33:00+00:00,2966.5,2966.5,2966.1,2966.5,13
2026-07-27T02:34:00+00:00,2966.6,2966.9,2966.5,2966.9,18
2026-07-27T02:35:00+00:00,2967.1,2967.3,2966.9,2966.9,11
2026-07-27T02:36:00+00:00,2967.3,2968.3,2967.3,2968.3,9
2026-07-27T02:37:00+00:00,2968.5,2968.6,2968.2,2968.4,8
2026-07-27T02:38:00+00:00,2968.4,2968.4,2968.3,2968.3,8
2026-07-27T02:39:00+00:00,2968.2,2968.5,2968.2,2968.5,4
2026-07-27T02:40:00+00:00,2968.6,2968.6,2968.3,2968.4,11
2026-07-27T02:41:00+00:00,2968.6,2968.8,2968.6,2968.7,15
2026-07-27T02:42:00+00:00,2968.8,2968.8,2968.5,2968.6,5
2026-07-27T02:43:00+00:00,2968.4,2968.4,2968.4,2968.4,1
2026-07-27T02:44:00+00:00,2968.4,2968.4,2968.3,2968.3,9
2026-07-27T02:45:00+00:00,2968.1,2968.1,2968.1,2968.1,1
2026-07-27T02:46:00+00:00,2968.2,2968.7,2968.2,2968.3,9
2026-07-27T02:47:00+00:00,2968.2,2968.2,2968.1,2968.1,7
2026-07-27T02:48:00+00:00,2968.0,2968.0,2967.5,2967.5,14
2026-07-27T02:49:00+00:00,2967.1,2967.2,2966.7,2966.9,16
2026-07-27T02:50:00+00:00,2967.1,2967.1,2966.7,2966.7,15
2026-07-27T02:51:00+00:00,2966.7,2966.7,2966.6,2966.6,5
2026-07-27T02:52:00+00:00,2966.6,2966.6,2966.6,2966.6,3
2026-07-27T02:54:00+00:00,2966.9,2967.0,2966.8,2967.0,4
2026-07-27T02:55:00+00:00,2966.9,2967.0,2966.8,2966.9,7
2026-07-27T02:56:00+00:00,2966.9,2966.9,2966.9,2966.9,1
2026-07-27T02:57:00+00:00,2966.9,2967.0,2966.9,2967.0,2
2026-07-27T02:58:00+00:00,2967.0,2967.2,2967.0,2967.2,4
2026-07-27T02:59:00+00:00,2967.2,2967.3,2966.8,2966.8,6
2026-07-27T03:00:00+00:00,2967.2,2969.1,2967.2,2968.8,27
2026-07-27T03:01:00+00:00,2968.6,2968.7,2968.0,2968.0,25
2026-07-27T03:02:00+00:00,2968.3,2968.3,2967.9,2967.9,4
2026-07-27T03:03:00+00:00,2967.7,2967.7,2967.1,2967.2,7
2026-07-27T03:04:00+00:00,2967.3,2967.3,2967.3,2967.3,7
2026-07-27T03:07:00+00:00,2968.2,2968.3,2968.1,2968.1,12
2026-07-27T03:08:00+00:00,2968.3,2968.5,2967.9,2967.9,25
2026-07-27T03:09:00+00:00,2967.9,2967.9,2967.8,2967.9,4
2026-07-27T03:10:00+00:00,2967.8,2967.8,2967.8,2967.8,2
2026-07-27T03:11:00+00:00,2968.4,2968.4,2968.2,2968.2,3
2026-07-27T03:12:00+00:00,2968.5,2968.7,2968.5,2968.6,8
2026-07-27T03:13:00+00:00,2968.8,2968.9,2968.8,2968.8,5
2026-07-27T03:14:00+00:00,2969.1,2969.5,2969.0,2969.3,25
2026-07-27T03:15:00+00:00,2969.5,2969.5,2969.0,2969.1,15
2026-07-27T03:16:00+00:00,2969.3,2969.4,2969.1,2969.1,6
2026-07-27T03:17:00+00:00,2969.2,2969.3,2969.2,2969.3,6
2026-07-27T03:18:00+00:00,2969.2,2969.3,2969.1,2969.3,3
2026-07-27T03:19:00+00:00,2969.3,2969.7,2969.3,2969.7,6
2026-07-27T03:20:00+00:00,2969.8,2969.8,2969.4,2969.4,14
2026-07-27T03:21:00+00:00,2969.6,2969.8,2969.6,2969.8,5
2026-07-27T03:22:00+00:00,2969.6,2969.6,2969.2,2969.2,5
2026-07-27T03:24:00+00:00,2969.5,2969.5,2969.5,2969.5,1
2026-07-27T03:25:00+00:00,2969.0,2969.2,2968.9,2969.2,10
2026-07-27T03:26:00+00:00,2969.4,2969.4,2969.1,2969.2,7
2026-07-27T03:27:00+00:00,2969.1,2969.2,2969.1,2969.2,2
2026-07-27T03:28:00+00:00,2969.1,2969.1,2969.1,2969.1,1
2026-07-27T03:29:00+00:00,2969.0,2969.0,2968.9,2968.9,9
2026-07-27T03:30:00+00:00,2969.0,2969.0,2968.0,2968.0,10
2026-07-27T03:31:00+00:00,2968.4,2969.0,2968.1,2969.0,13
2026-07-27T03:32:00+00:00,2969.0,2969.2,2968.5,2969.2,24
2026-07-27T03:33:00+00:00,2969.0,2969.0,2968.8,2968.8,2
2026-07-27T03:34:00+00:00,2968.7,2968.7,2968.6,2968.6,4
2026-07-27T03:35:00+00:00,2968.7,2968.7,2968.7,2968.7,1
2026-07-27T03:36:00+00:00,2968.8,2968.8,2968.6,2968.7,5
2026-07-27T03:37:00+00:00,2968.7,2968.9,2968.7,2968.8,8
2026-07-27T03:38:00+00:00,2969.0,2969.0,2969.0,2969.0,1
2026-07-27T03:39:00+00:00,2968.5,2968.5,2968.5,2968.5,2
2026-07-27T03:40:00+00:00,2968.7,2968.9,2968.6,2968.9,4
2026-07-27T03:41:00+00:00,2969.1,2969.1,2969.1,2969.1,1
2026-07-27T03:42:00+00:00,2969.8,2969.9,2969.8,2969.8,8
2026-07-27T03:43:00+00:00,2970.0,2970.2,2969.9,2969.9,26
2026-07-27T03:44:00+00:00,2970.1,2970.2,2969.5,2969.5,14
2026-07-27T03:45:00+00:00,2969.5,2969.5,2969.3,2969.3,3
2026-07-27T03:46:00+00:00,2969.4,2969.5,2969.4,2969.5,2
2026-07-27T03:47:00+00:00,2969.4,2969.4,2969.2,2969.2,2
2026-07-27T03:48:00+00:00,2968.9,2968.9,2968.6,2968.6,6
2026-07-27T03:49:00+00:00,2968.6,2968.6,2968.5,2968.5,2
2026-07-27T03:51:00+00:00,2968.8,2969.0,2968.7,2968.7,5
2026-07-27T03:52:00+00:00,2969.0,2969.1,2969.0,2969.1,2
2026-07-27T03:53:00+00:00,2968.9,2968.9,2968.9,2968.9,2
2026-07-27T03:54:00+00:00,2968.7,2968.7,2968.6,2968.6,3
2026-07-27T03:55:00+00:00,2968.3,2968.3,2968.1,2968.2,4
2026-07-27T03:56:00+00:00,2968.0,2968.4,2967.9,2968.4,5
2026-07-27T03:57:00+00:00,2968.3,2968.5,2968.3,2968.5,5
2026-07-27T03:59:00+00:00,2968.0,2968.5,2968.0,2968.5,4
2026-07-27T04:00:00+00:00,2968.5,2969.1,2968.5,2969.1,9
2026-07-27T04:01:00+00:00,2969.0,2969.3,2968.8,2969.1,12
2026-07-27T04:02:00+00:00,2969.4,2969.5,2969.1,2969.1,9
2026-07-27T04:03:00+00:00,2969.6,2970.0,2969.6,2969.8,13
2026-07-27T04:04:00+00:00,2969.3,2969.4,2969.2,2969.4,5
2026-07-27T04:05:00+00:00,2969.4,2969.4,2969.0,2969.0,5
2026-07-27T04:06:00+00:00,2969.4,2969.5,2969.4,2969.5,2
2026-07-27T04:07:00+00:00,2969.5,2969.5,2969.5,2969.5,1
2026-07-27T04:08:00+00:00,2969.3,2969.3,2969.3,2969.3,1
2026-07-27T04:09:00+00:00,2969.2,2969.3,2968.8,2969.2,25
2026-07-27T04:10:00+00:00,2969.1,2969.3,2969.1,2969.2,5
2026-07-27T04:11:00+00:00,2969.2,2969.2,2969.0,2969.0,4
2026-07-27T04:12:00+00:00,2969.1,2969.1,2968.9,2968.9,4
2026-07-27T04:13:00+00:00,2969.2,2969.7,2969.2,2969.7,4
2026-07-27T04:14:00+00:00,2969.7,2970.0,2969.7,2970.0,3
2026-07-27T04:15:00+00:00,2970.0,2970.3,2969.8,2969.8,17
2026-07-27T04:16:00+00:00,2970.2,2970.3,2970.2,2970.3,2
2026-07-27T04:17:00+00:00,2970.0,2970.0,2970.0,2970.0,2
2026-07-27T04:18:00+00:00,2970.1,2970.7,2970.1,2970.4,25
2026-07-27T04:19:00+00:00,2970.5,2970.6,2970.1,2970.2,10
2026-07-27T04:20:00+00:00,2970.2,2970.2,2970.2,2970.2,2
2026-07-27T04:21:00+00:00,2970.6,2970.7,2970.5,2970.7,4
2026-07-27T04:22:00+00:00,2970.6,2970.9,2970.4,2970.4,5
2026-07-27T04:23:00+00:00,2970.3,2970.4,2970.3,2970.3,4
2026-07-27T04:24:00+00:00,2970.1,2970.1,2969.8,2969.8,22
2026-07-27T04:25:00+00:00,2970.0,2970.4,2970.0,2970.2,10
2026-07-27T04:26:00+00:00,2969.8,2970.0,2969.8,2969.9,7
2026-07-27T04:27:00+00:00,2969.5,2969.5,2969.1,2969.5,18
2026-07-27T04:28:00+00:00,2969.4,2969.6,2969.4,2969.6,2
2026-07-27T04:29:00+00:00,2969.6,2970.2,2969.6,2970.2,5
2026-07-27T04:30:00+00:00,2970.1,2970.4,2969.7,2969.7,52
2026-07-27T04:31:00+00:00,2969.6,2970.6,2969.6,2970.5,88
2026-07-27T04:32:00+00:00,2970.5,2970.5,2970.3,2970.4,12
2026-07-27T04:33:00+00:00,2970.3,2971.3,2970.3,2971.3,30
2026-07-27T04:34:00+00:00,2971.3,2971.3,2970.7,2970.8,45
2026-07-27T04:36:00+00:00,2971.0,2971.9,2971.0,2971.9,23
2026-07-27T04:37:00+00:00,2971.6,2972.4,2971.6,2972.4,47
2026-07-27T04:38:00+00:00,2972.5,2972.7,2972.2,2972.2,29
2026-07-27T04:39:00+00:00,2972.1,2972.3,2971.8,2972.3,18
2026-07-27T04:40:00+00:00,2972.6,2972.9,2972.4,2972.8,26
2026-07-27T04:41:00+00:00,2972.8,2973.3,2972.8,2973.0,32
2026-07-27T04:42:00+00:00,2973.1,2974.1,2973.1,2974.1,32
2026-07-27T04:43:00+00:00,2973.7,2973.8,2973.5,2973.5,7
2026-07-27T04:44:00+00:00,2973.4,2973.8,2973.3,2973.8,6
2026-07-27T04:45:00+00:00,2973.9,2973.9,2973.6,2973.8,13
2026-07-27T04:46:00+00:00,2973.8,2974.3,2973.8,2974.0,26
2026-07-27T04:47:00+00:00,2974.0,2974.0,2973.5,2973.6,10
2026-07-27T04:48:00+00:00,2973.6,2974.4,2973.6,2974.4,25
2026-07-27T04:49:00+00:00,2974.4,2974.6,2974.3,2974.3,5
2026-07-27T04:50:00+00:00,2973.9,2974.7,2973.9,2974.2,14
2026-07-27T04:51:00+00:00,2974.3,2974.7,2974.2,2974.7,5
2026-07-27T04:52:00+00:00,2974.7,2974.9,2974.6,2974.8,16
2026-07-27T04:53:00+00:00,2974.9,2975.0,2974.7,2974.8,22
2026-07-27T04:54:00+00:00,2974.8,2975.2,2974.8,2975.2,36
2026-07-27T04:55:00+00:00,2974.9,2975.0,2974.9,2975.0,7
2026-07-27T04:56:00+00:00,2974.5,2975.4,2974.5,2975.4,14
2026-07-27T04:57:00+00:00,2975.2,2975.2,2974.9,2974.9,6
2026-07-27T04:58:00+00:00,2974.8,2975.0,2974.5,2974.5,30
2026-07-27T04:59:00+00:00,2974.4,2974.5,2974.0,2974.2,16
2026-07-27T05:00:00+00:00,2974.2,2974.6,2974.1,2974.4,25
2026-07-27T05:01:00+00:00,2974.2,2974.7,2974.2,2974.7,16
2026-07-27T05:02:00+00:00,2974.6,2974.8,2974.6,2974.7,7
2026-07-27T05:03:00+00:00,2974.4,2974.7,2974.4,2974.6,7
2026-07-27T05:04:00+00:00,2974.9,2975.1,2974.7,2974.7,13
2026-07-27T05:05:00+00:00,2974.7,2975.0,2974.5,2974.5,23
2026-07-27T05:06:00+00:00,2974.6,2975.2,2974.6,2975.2,8
2026-07-27T05:07:00+00:00,2975.3,2975.7,2975.2,2975.6,18
2026-07-27T05:08:00+00:00,2975.6,2975.6,2975.5,2975.5,12
2026-07-27T05:09:00+00:00,2975.5,2975.9,2975.5,2975.6,20
2026-07-27T05:10:00+00:00,2975.8,2977.0,2975.8,2976.4,103
2026-07-27T05:11:00+00:00,2976.4,2976.8,2976.4,2976.5,14
2026-07-27T05:12:00+00:00,2976.4,2976.4,2976.3,2976.3,5
2026-07-27T05:13:00+00:00,2976.4,2976.5,2976.2,2976.4,6
2026-07-27T05:14:00+00:00,2976.5,2976.9,2976.5,2976.7,22
2026-07-27T05:15:00+00:00,2976.2,2976.3,2976.0,2976.2,16
2026-07-27T05:16:00+00:00,2976.0,2976.2,2975.8,2975.8,16
2026-07-27T05:17:00+00:00,2975.9,2975.9,2975.7,2975.7,4
2026-07-27T05:18:00+00:00,2975.8,2976.1,2975.7,2975.7,12
2026-07-27T05:19:00+00:00,2975.7,2975.8,2975.2,2975.2,7
2026-07-27T05:20:00+00:00,2975.5,2976.0,2975.4,2976.0,8
2026-07-27T05:21:00+00:00,2976.0,2976.0,2975.7,2975.7,4
2026-07-27T05:22:00+00:00,2975.7,2975.7,2975.7,2975.7,2
2026-07-27T05:23:00+00:00,2975.7,2975.9,2975.7,2975.9,10
2026-07-27T05:24:00+00:00,2975.3,2975.6,2975.3,2975.6,5
2026-07-27T05:26:00+00:00,2975.4,2975.9,2975.4,2975.7,19
2026-07-27T05:27:00+00:00,2975.8,2976.2,2975.8,2976.2,7
2026-07-27T05:28:00+00:00,2976.0,2976.1,2975.8,2976.0,11
2026-07-27T05:30:00+00:00,2976.2,2976.5,2976.1,2976.3,17
2026-07-27T05:31:00+00:00,2976.0,2976.1,2975.9,2976.0,9
2026-07-27T05:32:00+00:00,2975.9,2976.0,2975.9,2976.0,6
2026-07-27T05:33:00+00:00,2975.9,2976.0,2975.8,2975.8,12
2026-07-27T05:34:00+00:00,2975.5,2975.5,2975.4,2975.5,9
2026-07-27T05:35:00+00:00,2975.7,2975.7,2975.7,2975.7,10
2026-07-27T05:36:00+00:00,2975.7,2975.7,2975.3,2975.3,8
2026-07-27T05:37:00+00:00,2975.4,2975.4,2975.4,2975.4,3
2026-07-27T05:38:00+00:00,2975.4,2975.8,2975.4,2975.8,8
2026-07-27T05:39:00+00:00,2975.9,2976.8,2975.9,2976.4,79
2026-07-27T05:40:00+00:00,2976.5,2976.7,2976.0,2976.1,10
2026-07-27T05:41:00+00:00,2976.2,2976.2,2975.3,2975.3,15
2026-07-27T05:42:00+00:00,2975.4,2975.7,2975.4,2975.6,8
2026-07-27T05:43:00+00:00,2975.8,2976.0,2975.7,2975.8,14
2026-07-27T05:44:00+00:00,2975.7,2975.7,2975.6,2975.7,4
2026-07-27T05:45:00+00:00,2976.0,2976.5,2976.0,2976.5,20
2026-07-27T05:46:00+00:00,2976.7,2976.9,2976.5,2976.5,12
2026-07-27T05:47:00+00:00,2976.6,2976.6,2976.6,2976.6,1
2026-07-27T05:48:00+00:00,2976.8,2976.8,2976.7,2976.8,5
2026-07-27T05:49:00+00:00,2976.7,2978.0,2976.6,2978.0,90
2026-07-27T05:50:00+00:00,2977.9,2978.4,2977.7,2978.3,39
2026-07-27T05:51:00+00:00,2978.3,2978.7,2978.2,2978.5,19
2026-07-27T05:52:00+00:00,2978.6,2978.7,2978.4,2978.5,11
2026-07-27T05:53:00+00:00,2978.5,2978.7,2978.5,2978.7,8
2026-07-27T05:54:00+00:00,2978.8,2979.3,2978.8,2978.8,36
2026-07-27T05:55:00+00:00,2978.8,2978.8,2978.6,2978.6,10
2026-07-27T05:56:00+00:00,2978.8,2979.2,2978.8,2979.0,15
2026-07-27T05:57:00+00:00,2978.8,2978.9,2978.8,2978.9,4
2026-07-27T05:58:00+00:00,2979.0,2979.0,2978.6,2978.6,3
2026-07-27T05:59:00+00:00,2978.2,2978.4,2978.2,2978.4,7
2026-07-27T06:00:00+00:00,2978.5,2979.1,2978.5,2979.1,20
2026-07-27T06:01:00+00:00,2979.2,2981.1,2979.2,2980.3,193
2026-07-27T06:02:00+00:00,2980.7,2981.0,2980.4,2980.4,27
2026-07-27T06:03:00+00:00,2980.5,2980.6,2979.7,2980.2,27
2026-07-27T06:04:00+00:00,2980.5,2980.6,2980.0,2980.0,37
2026-07-27T06:05:00+00:00,2980.0,2980.5,2980.0,2980.2,15
2026-07-27T06:06:00+00:00,2980.0,2980.0,2979.3,2980.0,15
2026-07-27T06:07:00+00:00,2980.1,2980.5,2979.7,2980.4,16
2026-07-27T06:08:00+00:00,2980.5,2980.8,2980.5,2980.7,12
2026-07-27T06:09:00+00:00,2981.0,2981.6,2981.0,2981.5,47
2026-07-27T06:10:00+00:00,2981.6,2981.9,2981.3,2981.9,53
2026-07-27T06:11:00+00:00,2981.8,2981.9,2981.2,2981.2,9
2026-07-27T06:12:00+00:00,2981.2,2981.8,2981.2,2981.7,19
2026-07-27T06:13:00+00:00,2981.7,2981.7,2981.6,2981.6,3
2026-07-27T06:14:00+00:00,2980.9,2981.1,2980.7,2981.1,27
2026-07-27T06:15:00+00:00,2980.8,2981.0,2980.7,2980.7,8
2026-07-27T06:16:00+00:00,2980.7,2981.3,2980.7,2981.1,13
2026-07-27T06:17:00+00:00,2981.3,2981.7,2981.3,2981.3,22
2026-07-27T06:18:00+00:00,2981.4,2981.7,2981.2,2981.7,11
2026-07-27T06:19:00+00:00,2981.7,2981.9,2981.7,2981.8,6
2026-07-27T06:20:00+00:00,2981.7,2981.7,2980.8,2981.2,26
2026-07-27T06:21:00+00:00,2981.2,2981.4,2980.7,2980.7,16
2026-07-27T06:22:00+00:00,2980.4,2980.5,2980.0,2980.0,27
2026-07-27T06:23:00+00:00,2980.0,2980.0,2979.5,2979.8,27
2026-07-27T06:24:00+00:00,2979.6,2979.9,2979.3,2979.9,11
2026-07-27T06:25:00+00:00,2979.5,2979.5,2979.2,2979.3,20
2026-07-27T06:26:00+00:00,2979.4,2979.5,2979.3,2979.3,13
2026-07-27T06:27:00+00:00,2979.2,2979.2,2979.2,2979.2,9
2026-07-27T06:28:00+00:00,2979.4,2979.4,2979.3,2979.3,2
2026-07-27T06:29:00+00:00,2979.4,2979.6,2979.4,2979.6,5
2026-07-27T06:30:00+00:00,2979.7,2980.0,2979.5,2979.6,25
2026-07-27T06:31:00+00:00,2979.5,2980.0,2979.5,2979.9,13
2026-07-27T06:32:00+00:00,2980.0,2980.2,2980.0,2980.2,3
2026-07-27T06:33:00+00:00,2980.1,2980.3,2979.9,2980.0,17
2026-07-27T06:34:00+00:00,2979.9,2979.9,2979.6,2979.7,23
2026-07-27T06:35:00+00:00,2979.9,2980.1,2979.7,2979.9,12
2026-07-27T06:36:00+00:00,2979.7,2979.9,2979.7,2979.8,17
2026-07-27T06:37:00+00:00,2980.0,2980.6,2980.0,2980.6,21
2026-07-27T06:38:00+00:00,2980.6,2980.7,2979.9,2979.9,14
2026-07-27T06:39:00+00:00,2979.9,2980.0,2979.9,2980.0,4
2026-07-27T06:40:00+00:00,2979.8,2979.8,2979.1,2979.1,15
2026-07-27T06:41:00+00:00,2979.2,2979.2,2979.0,2979.2,39
2026-07-27T06:42:00+00:00,2979.0,2979.1,2978.8,2978.8,26
2026-07-27T06:43:00+00:00,2979.0,2979.0,2978.8,2978.9,31
2026-07-27T06:44:00+00:00,2979.2,2979.2,2978.9,2978.9,14
2026-07-27T06:45:00+00:00,2978.9,2978.9,2978.4,2978.6,29
2026-07-27T06:46:00+00:00,2978.5,2978.8,2978.5,2978.7,8
2026-07-27T06:47:00+00:00,2978.7,2979.1,2978.7,2979.1,11
2026-07-27T06:48:00+00:00,2979.1,2979.4,2979.1,2979.2,6
2026-07-27T06:49:00+00:00,2979.2,2979.3,2979.1,2979.3,3
2026-07-27T06:50:00+00:00,2979.1,2979.1,2978.2,2978.2,12
2026-07-27T06:51:00+00:00,2978.2,2978.6,2977.6,2978.6,35
2026-07-27T06:52:00+00:00,2978.6,2978.8,2978.6,2978.8,2
2026-07-27T06:53:00+00:00,2979.2,2979.2,2978.8,2978.9,4
2026-07-27T06:54:00+00:00,2978.6,2978.6,2978.0,2978.0,13
2026-07-27T06:55:00+00:00,2978.2,2978.2,2978.0,2978.1,10
2026-07-27T06:56:00+00:00,2978.3,2978.5,2978.2,2978.4,5
2026-07-27T06:57:00+00:00,2978.7,2979.2,2978.7,2979.1,11
2026-07-27T06:58:00+00:00,2979.3,2979.3,2979.2,2979.2,6
2026-07-27T06:59:00+00:00,2979.0,2979.2,2978.6,2978.7,19
2026-07-27T07:00:00+00:00,2978.5,2980.2,2977.9,2980.2,33
2026-07-27T07:01:00+00:00,2980.1,2981.4,2980.1,2980.8,56
2026-07-27T07:02:00+00:00,2980.6,2981.3,2980.2,2980.6,17
2026-07-27T07:03:00+00:00,2980.6,2981.4,2980.6,2981.0,21
2026-07-27T07:04:00+00:00,2980.8,2981.0,2980.2,2981.0,11
2026-07-27T07:05:00+00:00,2981.1,2981.1,2979.6,2980.2,45
2026-07-27T07:06:00+00:00,2980.2,2980.4,2979.9,2980.3,53
2026-07-27T07:07:00+00:00,2980.2,2980.2,2979.0,2979.0,26
2026-07-27T07:08:00+00:00,2979.1,2979.3,2978.6,2978.8,19
2026-07-27T07:09:00+00:00,2979.2,2979.5,2978.9,2978.9,20
2026-07-27T07:10:00+00:00,2979.0,2979.2,2979.0,2979.1,7
2026-07-27T07:11:00+00:00,2978.6,2979.1,2978.6,2979.1,22
2026-07-27T07:12:00+00:00,2979.0,2979.2,2978.9,2979.2,15
2026-07-27T07:13:00+00:00,2978.7,2979.3,2978.2,2979.3,9
2026-07-27T07:14:00+00:00,2979.5,2980.4,2979.5,2980.4,15
2026-07-27T07:15:00+00:00,2980.0,2980.0,2979.3,2979.3,11
2026-07-27T07:16:00+00:00,2979.4,2980.0,2979.4,2979.5,14
2026-07-27T07:17:00+00:00,2979.6,2979.6,2978.9,2978.9,13
2026-07-27T07:18:00+00:00,2978.7,2979.4,2978.7,2979.2,19
2026-07-27T07:19:00+00:00,2979.2,2980.0,2979.2,2980.0,16
2026-07-27T07:20:00+00:00,2980.0,2980.0,2979.5,2980.0,20
2026-07-27T07:21:00+00:00,2979.9,2980.3,2979.9,2980.3,6
2026-07-27T07:22:00+00:00,2979.8,2979.8,2979.7,2979.7,8
2026-07-27T07:23:00+00:00,2980.1,2980.1,2979.5,2979.5,5
2026-07-27T07:24:00+00:00,2979.5,2979.5,2979.3,2979.3,4
2026-07-27T07:25:00+00:00,2979.4,2979.5,2978.9,2978.9,7
2026-07-27T07:26:00+00:00,2978.3,2978.6,2978.0,2978.4,24
2026-07-27T07:27:00+00:00,2978.5,2978.5,2977.9,2977.9,16
2026-07-27T07:28:00+00:00,2978.1,2978.4,2978.1,2978.2,20
2026-07-27T07:29:00+00:00,2978.2,2978.4,2978.0,2978.0,8
2026-07-27T07:30:00+00:00,2978.0,2978.0,2976.5,2977.0,30
2026-07-27T07:31:00+00:00,2977.2,2977.6,2977.1,2977.6,27
2026-07-27T07:32:00+00:00,2977.3,2977.8,2977.3,2977.5,11
2026-07-27T07:33:00+00:00,2977.5,2977.9,2977.5,2977.9,4
2026-07-27T07:34:00+00:00,2977.7,2978.2,2977.7,2978.1,12
2026-07-27T07:35:00+00:00,2978.3,2978.8,2978.3,2978.6,10
2026-07-27T07:36:00+00:00,2978.3,2978.3,2978.0,2978.0,8
2026-07-27T07:37:00+00:00,2978.0,2978.6,2978.0,2978.4,18
2026-07-27T07:38:00+00:00,2977.7,2977.7,2976.5,2976.9,16
2026-07-27T07:39:00+00:00,2976.7,2977.0,2976.7,2976.9,6
2026-07-27T07:40:00+00:00,2976.8,2977.1,2976.8,2977.1,6
2026-07-27T07:41:00+00:00,2977.0,2977.2,2976.9,2977.2,30
2026-07-27T07:42:00+00:00,2977.3,2977.4,2976.7,2976.8,11
2026-07-27T07:43:00+00:00,2977.1,2977.7,2976.8,2977.1,55
2026-07-27T07:44:00+00:00,2976.8,2978.4,2976.7,2978.3,17
2026-07-27T07:45:00+00:00,2978.3,2979.2,2978.3,2978.5,30
2026-07-27T07:46:00+00:00,2978.4,2979.2,2977.6,2979.2,43
2026-07-27T07:47:00+00:00,2979.0,2979.0,2978.5,2978.5,13
2026-07-27T07:48:00+00:00,2978.4,2978.4,2977.9,2977.9,12
2026-07-27T07:49:00+00:00,2978.2,2978.6,2977.7,2978.6,15
2026-07-27T07:50:00+00:00,2978.4,2978.4,2977.8,2978.4,9
2026-07-27T07:51:00+00:00,2978.6,2978.8,2978.6,2978.8,4
2026-07-27T07:52:00+00:00,2978.4,2978.4,2978.3,2978.3,4
2026-07-27T07:53:00+00:00,2978.7,2978.9,2978.6,2978.6,9
2026-07-27T07:54:00+00:00,2978.3,2978.3,2977.7,2978.1,20
2026-07-27T07:55:00+00:00,2977.9,2978.6,2977.9,2978.2,17
2026-07-27T07:56:00+00:00,2978.1,2978.1,2977.1,2977.2,51
2026-07-27T07:57:00+00:00,2977.1,2977.4,2976.3,2976.3,33
2026-07-27T07:58:00+00:00,2976.3,2976.3,2975.5,2975.6,39
2026-07-27T07:59:00+00:00,2975.5,2975.5,2974.1,2974.1,64
2026-07-27T08:00:00+00:00,2974.0,2975.5,2973.6,2975.5,102
2026-07-27T08:01:00+00:00,2975.5,2975.6,2974.9,2974.9,26
2026-07-27T08:02:00+00:00,2974.8,2975.7,2974.8,2975.5,33
2026-07-27T08:03:00+00:00,2975.3,2975.4,2974.6,2974.8,23
2026-07-27T08:04:00+00:00,2975.0,2975.1,2974.3,2974.6,32
2026-07-27T08:05:00+00:00,2975.1,2975.3,2974.9,2975.2,11
2026-07-27T08:06:00+00:00,2974.9,2975.6,2974.9,2975.6,17
2026-07-27T08:07:00+00:00,2975.3,2976.1,2975.3,2976.1,32
2026-07-27T08:08:00+00:00,2976.0,2976.2,2976.0,2976.0,7
2026-07-27T08:09:00+00:00,2976.1,2976.3,2975.9,2975.9,15
2026-07-27T08:10:00+00:00,2976.0,2976.1,2975.6,2976.0,21
2026-07-27T08:11:00+00:00,2976.1,2976.2,2975.6,2975.8,6
2026-07-27T08:12:00+00:00,2975.6,2976.0,2975.6,2975.8,12
2026-07-27T08:13:00+00:00,2976.0,2976.7,2976.0,2976.6,30
2026-07-27T08:14:00+00:00,2977.0,2977.5,2977.0,2977.5,5
2026-07-27T08:15:00+00:00,2977.5,2977.7,2977.3,2977.5,20
2026-07-27T08:16:00+00:00,2976.7,2977.3,2976.4,2976.8,18
2026-07-27T08:17:00+00:00,2976.7,2976.9,2976.4,2976.9,8
2026-07-27T08:18:00+00:00,2976.9,2977.2,2976.9,2977.2,4
2026-07-27T08:19:00+00:00,2977.5,2978.0,2977.1,2977.5,17
2026-07-27T08:20:00+00:00,2977.1,2977.7,2977.1,2977.5,16
2026-07-27T08:21:00+00:00,2977.9,2978.0,2977.9,2978.0,3
2026-07-27T08:22:00+00:00,2977.9,2977.9,2977.9,2977.9,3
2026-07-27T08:23:00+00:00,2978.1,2978.4,2978.1,2978.3,11
2026-07-27T08:24:00+00:00,2977.8,2977.8,2977.4,2977.4,10
2026-07-27T08:25:00+00:00,2976.8,2977.3,2976.8,2977.3,6
2026-07-27T08:26:00+00:00,2977.6,2977.7,2977.6,2977.7,2
2026-07-27T08:27:00+00:00,2977.4,2977.7,2977.4,2977.7,6
2026-07-27T08:28:00+00:00,2977.0,2977.5,2976.9,2977.0,11
2026-07-27T08:29:00+00:00,2977.8,2978.5,2977.6,2977.9,21
2026-07-27T08:30:00+00:00,2978.3,2978.4,2977.4,2977.4,13
2026-07-27T08:31:00+00:00,2977.6,2978.0,2977.4,2978.0,10
2026-07-27T08:32:00+00:00,2978.1,2978.6,2978.1,2978.6,16
2026-07-27T08:33:00+00:00,2978.6,2978.8,2978.4,2978.8,10
2026-07-27T08:34:00+00:00,2978.6,2978.7,2977.9,2978.0,11
2026-07-27T08:35:00+00:00,2977.8,2977.9,2977.3,2977.7,12
2026-07-27T08:36:00+00:00,2977.9,2978.4,2977.9,2978.2,5
2026-07-27T08:37:00+00:00,2978.3,2978.4,2977.7,2977.7,15
2026-07-27T08:38:00+00:00,2977.7,2977.8,2977.6,2977.8,4
2026-07-27T08:39:00+00:00,2978.0,2978.5,2978.0,2978.4,7
2026-07-27T08:40:00+00:00,2978.4,2979.0,2978.3,2978.8,30
2026-07-27T08:41:00+00:00,2978.8,2979.9,2978.7,2979.9,33
2026-07-27T08:42:00+00:00,2979.9,2981.4,2979.9,2981.0,37
2026-07-27T08:43:00+00:00,2980.7,2980.9,2980.4,2980.8,41
2026-07-27T08:44:00+00:00,2980.9,2981.5,2980.9,2981.5,21
2026-07-27T08:45:00+00:00,2981.6,2981.9,2980.3,2980.3,37
2026-07-27T08:46:00+00:00,2980.4,2980.5,2980.2,2980.2,13
2026-07-27T08:47:00+00:00,2980.1,2980.1,2979.6,2979.6,9
2026-07-27T08:48:00+00:00,2979.8,2980.0,2979.7,2979.7,25
2026-07-27T08:49:00+00:00,2979.9,2979.9,2979.7,2979.7,3
2026-07-27T08:50:00+00:00,2979.7,2980.1,2979.3,2979.5,15
2026-07-27T08:51:00+00:00,2979.4,2980.0,2979.4,2979.7,19
2026-07-27T08:52:00+00:00,2979.5,2979.8,2979.3,2979.8,9
2026-07-27T08:53:00+00:00,2979.9,2979.9,2979.5,2979.7,6
2026-07-27T08:54:00+00:00,2979.5,2980.7,2979.5,2980.5,19
2026-07-27T08:55:00+00:00,2980.2,2980.2,2979.6,2979.8,12
2026-07-27T08:56:00+00:00,2979.8,2979.8,2979.0,2979.0,11
2026-07-27T08:57:00+00:00,2979.1,2979.6,2979.1,2979.6,9
2026-07-27T08:58:00+00:00,2979.5,2979.5,2979.5,2979.5,3
2026-07-27T08:59:00+00:00,2979.5,2979.5,2979.5,2979.5,2
2026-07-27T09:00:00+00:00,2979.6,2979.6,2978.4,2978.5,16
2026-07-27T09:01:00+00:00,2978.2,2979.0,2978.2,2978.8,7
2026-07-27T09:02:00+00:00,2978.7,2978.8,2978.6,2978.7,9
2026-07-27T09:03:00+00:00,2978.7,2978.8,2978.5,2978.5,9
2026-07-27T09:04:00+00:00,2978.3,2978.6,2978.3,2978.6,5
2026-07-27T09:05:00+00:00,2978.8,2978.8,2978.8,2978.8,1
2026-07-27T09:06:00+00:00,2978.9,2979.0,2978.9,2979.0,2
2026-07-27T09:07:00+00:00,2979.0,2979.1,2979.0,2979.1,4
2026-07-27T09:08:00+00:00,2979.1,2979.1,2978.8,2978.8,9
2026-07-27T09:09:00+00:00,2978.7,2978.8,2978.5,2978.5,11
2026-07-27T09:10:00+00:00,2978.4,2978.6,2978.3,2978.6,16
2026-07-27T09:11:00+00:00,2979.0,2979.1,2979.0,2979.1,4
2026-07-27T09:13:00+00:00,2978.9,2978.9,2978.5,2978.5,6
2026-07-27T09:14:00+00:00,2978.2,2978.2,2978.2,2978.2,3
2026-07-27T09:15:00+00:00,2978.3,2978.4,2978.1,2978.1,13
2026-07-27T09:16:00+00:00,2978.6,2978.7,2978.5,2978.5,4
2026-07-27T09:17:00+00:00,2978.6,2978.6,2978.5,2978.5,4
2026-07-27T09:18:00+00:00,2978.4,2978.6,2978.0,2978.2,16
2026-07-27T09:19:00+00:00,2978.1,2978.3,2978.1,2978.2,4
2026-07-27T09:20:00+00:00,2978.1,2978.4,2978.1,2978.4,3
2026-07-27T09:21:00+00:00,2978.3,2979.0,2978.0,2979.0,12
2026-07-27T09:22:00+00:00,2979.0,2979.3,2978.5,2978.6,21
2026-07-27T09:23:00+00:00,2978.9,2978.9,2978.9,2978.9,1
2026-07-27T09:25:00+00:00,2979.3,2979.5,2979.0,2979.2,8
2026-07-27T09:26:00+00:00,2979.4,2979.7,2979.3,2979.4,19
2026-07-27T09:27:00+00:00,2979.6,2979.8,2979.3,2979.3,6
2026-07-27T09:28:00+00:00,2979.0,2979.1,2978.8,2979.1,6
2026-07-27T09:29:00+00:00,2978.8,2978.8,2978.4,2978.4,12
2026-07-27T09:30:00+00:00,2978.3,2978.6,2978.3,2978.6,27
2026-07-27T09:31:00+00:00,2979.0,2979.3,2978.9,2979.3,6
2026-07-27T09:32:00+00:00,2979.1,2979.8,2979.1,2979.8,6
2026-07-27T09:33:00+00:00,2979.5,2979.6,2978.8,2978.8,14
2026-07-27T09:34:00+00:00,2979.0,2979.5,2979.0,2979.5,13
2026-07-27T09:35:00+00:00,2979.4,2979.5,2979.4,2979.5,4
2026-07-27T09:36:00+00:00,2979.4,2979.9,2979.4,2979.9,13
2026-07-27T09:37:00+00:00,2980.0,2981.9,2980.0,2981.7,191
2026-07-27T09:38:00+00:00,2981.7,2981.9,2979.9,2980.1,51
2026-07-27T09:39:00+00:00,2980.2,2980.8,2980.2,2980.7,5
2026-07-27T09:40:00+00:00,2980.8,2981.2,2980.5,2980.6,20
2026-07-27T09:41:00+00:00,2980.5,2980.9,2980.5,2980.8,11
2026-07-27T09:42:00+00:00,2980.8,2981.2,2980.7,2981.0,28
2026-07-27T09:43:00+00:00,2980.6,2981.3,2980.2,2981.3,29
2026-07-27T09:44:00+00:00,2981.6,2981.6,2981.5,2981.6,8
2026-07-27T09:45:00+00:00,2981.4,2981.5,2981.3,2981.3,3
2026-07-27T09:46:00+00:00,2981.4,2981.9,2981.3,2981.5,12
2026-07-27T09:47:00+00:00,2982.0,2982.7,2981.9,2982.5,84
2026-07-27T09:48:00+00:00,2982.9,2983.5,2982.4,2982.6,57
2026-07-27T09:49:00+00:00,2982.4,2983.2,2982.3,2982.9,20
2026-07-27T09:50:00+00:00,2983.2,2983.2,2982.4,2982.5,9
2026-07-27T09:51:00+00:00,2982.8,2983.3,2982.8,2983.0,12
2026-07-27T09:52:00+00:00,2983.0,2983.0,2982.7,2982.8,10
2026-07-27T09:53:00+00:00,2982.3,2982.5,2982.3,2982.5,3
2026-07-27T09:54:00+00:00,2982.5,2982.5,2981.9,2981.9,14
2026-07-27T09:55:00+00:00,2982.0,2982.0,2981.5,2981.5,12
2026-07-27T09:56:00+00:00,2981.6,2982.1,2981.6,2981.9,5
2026-07-27T09:57:00+00:00,2981.8,2981.8,2980.9,2980.9,15
2026-07-27T09:58:00+00:00,2981.0,2981.9,2981.0,2981.7,38
2026-07-27T09:59:00+00:00,2981.9,2982.0,2981.3,2981.4,17
2026-07-27T10:00:00+00:00,2981.1,2982.0,2981.1,2982.0,14
2026-07-27T10:01:00+00:00,2981.9,2982.4,2981.9,2982.3,24
2026-07-27T10:02:00+00:00,2982.2,2982.2,2981.7,2981.7,10
2026-07-27T10:03:00+00:00,2982.0,2982.0,2981.5,2981.6,11
2026-07-27T10:04:00+00:00,2981.8,2981.8,2981.4,2981.4,15
2026-07-27T10:05:00+00:00,2981.4,2981.6,2981.4,2981.6,11
2026-07-27T10:07:00+00:00,2981.2,2981.2,2980.8,2981.0,10
2026-07-27T10:08:00+00:00,2981.0,2981.0,2980.7,2980.9,18
2026-07-27T10:09:00+00:00,2980.8,2980.8,2979.8,2980.0,47
2026-07-27T10:10:00+00:00,2980.0,2980.0,2978.8,2979.5,27
2026-07-27T10:11:00+00:00,2979.3,2979.3,2978.5,2978.6,28
2026-07-27T10:12:00+00:00,2978.8,2979.1,2978.8,2979.1,14
2026-07-27T10:13:00+00:00,2979.3,2979.8,2979.3,2979.7,17
2026-07-27T10:14:00+00:00,2979.9,2980.6,2979.9,2980.5,20
2026-07-27T10:15:00+00:00,2980.4,2980.7,2980.1,2980.1,10
2026-07-27T10:16:00+00:00,2980.1,2981.0,2980.1,2981.0,23
2026-07-27T10:17:00+00:00,2980.6,2981.2,2980.6,2981.0,13
2026-07-27T10:18:00+00:00,2980.6,2980.6,2980.3,2980.5,12
2026-07-27T10:19:00+00:00,2980.2,2980.6,2980.2,2980.6,6
2026-07-27T10:20:00+00:00,2980.6,2980.8,2980.4,2980.4,10
2026-07-27T10:21:00+00:00,2980.4,2980.8,2980.4,2980.8,4
2026-07-27T10:22:00+00:00,2981.0,2981.0,2980.7,2980.7,3
2026-07-27T10:23:00+00:00,2980.5,2980.5,2980.4,2980.5,3
2026-07-27T10:24:00+00:00,2980.5,2980.9,2980.3,2980.3,17
2026-07-27T10:25:00+00:00,2980.2,2980.4,2980.2,2980.4,3
2026-07-27T10:26:00+00:00,2980.1,2980.2,2979.9,2980.0,18
2026-07-27T10:27:00+00:00,2979.8,2980.6,2979.8,2980.6,21
2026-07-27T10:28:00+00:00,2980.7,2980.7,2980.2,2980.2,4
2026-07-27T10:29:00+00:00,2980.4,2980.5,2980.4,2980.5,3
2026-07-27T10:30:00+00:00,2980.8,2980.8,2980.4,2980.4,9
2026-07-27T10:31:00+00:00,2980.5,2980.5,2980.3,2980.3,6
2026-07-27T10:32:00+00:00,2980.2,2980.3,2979.9,2980.1,12
2026-07-27T10:33:00+00:00,2980.2,2980.2,2979.7,2979.8,9
2026-07-27T10:34:00+00:00,2979.8,2980.1,2979.8,2980.1,16
2026-07-27T10:35:00+00:00,2979.9,2979.9,2979.4,2979.7,27
2026-07-27T10:36:00+00:00,2979.7,2980.0,2979.7,2979.9,21
2026-07-27T10:37:00+00:00,2979.8,2979.8,2979.6,2979.8,9
2026-07-27T10:38:00+00:00,2980.0,2980.0,2979.9,2979.9,7
2026-07-27T10:39:00+00:00,2980.3,2980.4,2980.3,2980.3,6
2026-07-27T10:40:00+00:00,2979.8,2980.1,2979.8,2980.1,4
2026-07-27T10:41:00+00:00,2979.9,2980.0,2979.9,2980.0,2
2026-07-27T10:42:00+00:00,2979.9,2980.1,2979.9,2980.1,10
2026-07-27T10:43:00+00:00,2980.0,2980.5,2980.0,2980.4,7
2026-07-27T10:44:00+00:00,2980.5,2981.3,2980.5,2981.1,24
2026-07-27T10:45:00+00:00,2981.2,2981.2,2980.8,2980.8,9
2026-07-27T10:46:00+00:00,2980.6,2980.7,2980.6,2980.7,6
2026-07-27T10:47:00+00:00,2980.7,2981.1,2980.5,2980.5,22
2026-07-27T10:48:00+00:00,2980.6,2981.1,2980.4,2980.5,50
2026-07-27T10:49:00+00:00,2980.5,2981.2,2980.5,2981.1,8
2026-07-27T10:50:00+00:00,2980.9,2980.9,2980.9,2980.9,1
2026-07-27T10:51:00+00:00,2980.9,2981.0,2980.9,2980.9,6
2026-07-27T10:52:00+00:00,2981.2,2981.2,2980.9,2980.9,6
2026-07-27T10:53:00+00:00,2981.2,2981.6,2981.2,2981.5,15
2026-07-27T10:54:00+00:00,2981.3,2981.5,2981.3,2981.5,2
2026-07-27T10:55:00+00:00,2982.0,2982.6,2981.8,2981.9,29
2026-07-27T10:56:00+00:00,2982.3,2982.3,2981.3,2981.3,4
2026-07-27T10:57:00+00:00,2981.3,2981.6,2981.1,2981.3,12
2026-07-27T10:58:00+00:00,2981.0,2981.3,2980.8,2981.3,22
2026-07-27T10:59:00+00:00,2981.3,2981.5,2981.3,2981.3,12
2026-07-27T11:00:00+00:00,2981.3,2981.5,2979.8,2980.1,47
2026-07-27T11:01:00+00:00,2980.2,2980.3,2979.7,2979.8,52
2026-07-27T11:02:00+00:00,2979.8,2979.8,2978.8,2979.0,38
2026-07-27T11:03:00+00:00,2978.8,2978.8,2978.1,2978.2,19
2026-07-27T11:04:00+00:00,2978.2,2978.4,2977.9,2978.3,39
2026-07-27T11:05:00+00:00,2978.3,2978.3,2977.6,2978.0,27
2026-07-27T11:06:00+00:00,2978.0,2978.0,2977.5,2977.6,16
2026-07-27T11:07:00+00:00,2977.5,2977.5,2977.3,2977.3,16
2026-07-27T11:08:00+00:00,2977.3,2977.6,2977.3,2977.6,8
2026-07-27T11:09:00+00:00,2977.2,2977.2,2977.0,2977.0,10
2026-07-27T11:10:00+00:00,2977.1,2977.3,2976.9,2976.9,22
2026-07-27T11:11:00+00:00,2977.1,2977.7,2976.7,2976.9,76
2026-07-27T11:12:00+00:00,2976.8,2977.0,2976.2,2976.3,26
2026-07-27T11:13:00+00:00,2976.4,2976.5,2976.1,2976.3,22
2026-07-27T11:14:00+00:00,2976.4,2976.9,2976.3,2976.7,18
2026-07-27T11:15:00+00:00,2976.9,2977.0,2976.7,2976.7,25
2026-07-27T11:16:00+00:00,2977.0,2978.1,2977.0,2978.1,25
2026-07-27T11:17:00+00:00,2978.1,2978.1,2977.7,2977.7,4
2026-07-27T11:18:00+00:00,2977.9,2977.9,2976.9,2976.9,39
2026-07-27T11:19:00+00:00,2977.3,2977.5,2977.2,2977.2,23
2026-07-27T11:20:00+00:00,2977.0,2977.1,2976.9,2977.0,7
2026-07-27T11:21:00+00:00,2977.3,2977.5,2977.3,2977.3,6
2026-07-27T11:22:00+00:00,2977.2,2977.6,2976.8,2977.6,21
2026-07-27T11:23:00+00:00,2977.5,2977.5,2977.3,2977.3,6
2026-07-27T11:24:00+00:00,2977.1,2977.3,2977.0,2977.1,15
2026-07-27T11:25:00+00:00,2977.2,2977.8,2977.2,2977.8,6
2026-07-27T11:26:00+00:00,2977.7,2977.7,2977.0,2977.0,14
2026-07-27T11:27:00+00:00,2977.4,2977.4,2977.3,2977.4,5
2026-07-27T11:28:00+00:00,2977.4,2978.0,2977.3,2978.0,13
2026-07-27T11:29:00+00:00,2977.3,2977.8,2974.4,2974.5,138
2026-07-27T11:30:00+00:00,2974.4,2977.9,2974.3,2977.3,122
2026-07-27T11:31:00+00:00,2977.3,2978.6,2977.2,2978.3,44
2026-07-27T11:32:00+00:00,2977.9,2977.9,2976.8,2977.1,26
2026-07-27T11:33:00+00:00,2976.9,2977.2,2976.2,2977.1,60
2026-07-27T11:34:00+00:00,2977.1,2977.2,2976.8,2977.2,14
2026-07-27T11:35:00+00:00,2977.4,2978.1,2977.4,2977.5,16
2026-07-27T11:36:00+00:00,2978.2,2978.3,2977.8,2977.8,14
2026-07-27T11:37:00+00:00,2977.5,2978.0,2977.5,2978.0,7
2026-07-27T11:38:00+00:00,2977.5,2977.5,2977.0,2977.5,13
2026-07-27T11:39:00+00:00,2977.7,2977.7,2976.5,2976.9,15
2026-07-27T11:40:00+00:00,2976.8,2977.2,2976.7,2977.2,13
2026-07-27T11:41:00+00:00,2977.1,2977.1,2976.4,2976.4,34
2026-07-27T11:42:00+00:00,2976.7,2976.8,2976.7,2976.8,18
2026-07-27T11:43:00+00:00,2977.0,2977.0,2973.9,2975.7,180
2026-07-27T11:44:00+00:00,2975.8,2976.3,2975.7,2976.2,38
2026-07-27T11:45:00+00:00,2976.3,2976.3,2976.0,2976.2,5
2026-07-27T11:46:00+00:00,2976.0,2976.0,2975.8,2975.9,12
2026-07-27T11:47:00+00:00,2976.5,2976.5,2976.1,2976.1,4
2026-07-27T11:48:00+00:00,2975.9,2975.9,2974.9,2974.9,12
2026-07-27T11:49:00+00:00,2975.0,2975.3,2974.4,2974.6,49
2026-07-27T11:50:00+00:00,2974.5,2975.0,2974.5,2975.0,20
2026-07-27T11:51:00+00:00,2975.4,2975.6,2975.1,2975.5,24
2026-07-27T11:52:00+00:00,2975.0,2975.0,2974.5,2974.8,3
2026-07-27T11:53:00+00:00,2974.4,2974.4,2974.3,2974.3,4
2026-07-27T11:54:00+00:00,2974.5,2974.7,2974.3,2974.3,16
2026-07-27T11:55:00+00:00,2974.3,2974.5,2974.2,2974.4,22
2026-07-27T11:56:00+00:00,2974.4,2974.4,2974.0,2974.0,5
2026-07-27T11:57:00+00:00,2974.4,2974.6,2974.1,2974.3,14
2026-07-27T11:58:00+00:00,2974.1,2974.1,2973.9,2973.9,20
2026-07-27T11:59:00+00:00,2974.0,2974.2,2973.5,2974.2,46
2026-07-27T12:00:00+00:00,2974.2,2975.6,2974.0,2974.9,47
2026-07-27T12:01:00+00:00,2974.4,2975.3,2974.3,2975.3,22
2026-07-27T12:02:00+00:00,2975.2,2975.6,2975.2,2975.6,17
2026-07-27T12:03:00+00:00,2975.7,2976.0,2975.4,2975.8,31
2026-07-27T12:04:00+00:00,2975.6,2975.7,2975.2,2975.4,19
2026-07-27T12:05:00+00:00,2975.1,2975.1,2974.0,2974.6,32
2026-07-27T12:06:00+00:00,2974.8,2974.8,2974.5,2974.5,4
2026-07-27T12:07:00+00:00,2974.7,2974.7,2973.6,2973.6,47
2026-07-27T12:08:00+00:00,2974.0,2974.2,2973.5,2973.6,18
2026-07-27T12:09:00+00:00,2973.5,2973.7,2973.2,2973.4,21
2026-07-27T12:10:00+00:00,2973.5,2973.6,2971.6,2971.6,74
2026-07-27T12:11:00+00:00,2971.5,2971.5,2970.5,2970.9,106
2026-07-27T12:12:00+00:00,2970.8,2971.0,2970.3,2970.5,49
2026-07-27T12:13:00+00:00,2970.4,2970.4,2968.3,2968.7,149
2026-07-27T12:14:00+00:00,2968.8,2969.4,2968.4,2968.7,137
2026-07-27T12:15:00+00:00,2968.9,2969.9,2968.9,2969.9,44
2026-07-27T12:16:00+00:00,2969.4,2970.8,2969.4,2970.6,40
2026-07-27T12:17:00+00:00,2970.8,2970.8,2970.6,2970.6,21
2026-07-27T12:18:00+00:00,2970.6,2970.7,2970.1,2970.3,18
2026-07-27T12:19:00+00:00,2970.6,2970.8,2969.2,2969.8,33
2026-07-27T12:20:00+00:00,2969.9,2970.6,2969.7,2970.6,89
2026-07-27T12:21:00+00:00,2970.4,2970.5,2969.5,2969.5,26
2026-07-27T12:22:00+00:00,2969.1,2970.4,2969.1,2970.4,15
2026-07-27T12:23:00+00:00,2970.4,2970.8,2970.0,2970.7,37
2026-07-27T12:24:00+00:00,2970.7,2971.6,2970.2,2970.2,83
2026-07-27T12:25:00+00:00,2970.4,2970.9,2970.3,2970.9,23
2026-07-27T12:26:00+00:00,2970.9,2970.9,2970.2,2970.5,25
2026-07-27T12:27:00+00:00,2970.7,2971.2,2970.6,2970.8,28
2026-07-27T12:28:00+00:00,2970.9,2971.0,2970.7,2970.7,22
2026-07-27T12:29:00+00:00,2970.7,2970.8,2970.1,2970.1,29
2026-07-27T12:30:00+00:00,2970.1,2971.6,2969.8,2971.6,53
2026-07-27T12:31:00+00:00,2971.5,2971.6,2970.7,2970.8,39
2026-07-27T12:32:00+00:00,2971.2,2971.2,2970.2,2971.0,19
2026-07-27T12:33:00+00:00,2970.9,2971.7,2970.8,2971.7,46
2026-07-27T12:34:00+00:00,2971.7,2972.8,2971.7,2972.8,50
2026-07-27T12:35:00+00:00,2972.7,2972.8,2971.9,2971.9,31
2026-07-27T12:36:00+00:00,2971.7,2972.1,2971.7,2971.8,17
2026-07-27T12:37:00+00:00,2971.8,2971.8,2971.5,2971.7,22
2026-07-27T12:38:00+00:00,2971.4,2972.6,2971.4,2972.4,43
2026-07-27T12:39:00+00:00,2972.5,2972.5,2971.7,2971.9,19
2026-07-27T12:40:00+00:00,2972.0,2972.0,2971.1,2971.3,23
2026-07-27T12:41:00+00:00,2970.8,2971.2,2970.8,2971.2,6
2026-07-27T12:42:00+00:00,2971.2,2971.9,2971.2,2971.6,43
2026-07-27T12:43:00+00:00,2971.5,2971.8,2971.1,2971.8,28
2026-07-27T12:44:00+00:00,2971.9,2972.1,2971.7,2971.9,37
2026-07-27T12:45:00+00:00,2971.8,2972.5,2971.7,2972.2,59
2026-07-27T12:46:00+00:00,2972.4,2972.9,2972.4,2972.6,45
2026-07-27T12:47:00+00:00,2972.5,2972.8,2972.3,2972.8,37
2026-07-27T12:48:00+00:00,2972.8,2973.2,2972.8,2973.1,22
2026-07-27T12:49:00+00:00,2973.0,2973.0,2972.2,2972.4,28
2026-07-27T12:50:00+00:00,2972.2,2972.8,2972.2,2972.4,17
2026-07-27T12:51:00+00:00,2972.4,2972.4,2970.6,2971.7,98
2026-07-27T12:52:00+00:00,2971.7,2971.9,2971.4,2971.6,43
2026-07-27T12:53:00+00:00,2971.7,2972.7,2971.7,2972.4,43
2026-07-27T12:54:00+00:00,2972.4,2972.5,2972.0,2972.5,57
2026-07-27T12:55:00+00:00,2972.4,2972.8,2972.4,2972.4,22
2026-07-27T12:56:00+00:00,2972.4,2973.2,2972.3,2972.4,55
2026-07-27T12:57:00+00:00,2972.3,2972.7,2972.1,2972.4,48
2026-07-27T12:58:00+00:00,2972.4,2972.9,2972.1,2972.8,24
2026-07-27T12:59:00+00:00,2972.7,2973.0,2972.4,2973.0,24
2026-07-27T13:00:00+00:00,2973.2,2973.9,2973.0,2973.3,100
2026-07-27T13:01:00+00:00,2973.2,2973.5,2972.9,2973.5,101
2026-07-27T13:02:00+00:00,2973.4,2974.2,2973.4,2973.9,67
2026-07-27T13:03:00+00:00,2973.8,2974.6,2973.8,2974.2,90
2026-07-27T13:04:00+00:00,2974.2,2974.9,2974.2,2974.7,62
2026-07-27T13:05:00+00:00,2974.4,2975.1,2973.9,2974.6,78
2026-07-27T13:06:00+00:00,2974.4,2974.4,2973.2,2973.7,85
2026-07-27T13:07:00+00:00,2973.7,2974.1,2973.7,2973.8,30
2026-07-27T13:08:00+00:00,2973.6,2973.6,2973.1,2973.5,65
2026-07-27T13:09:00+00:00,2973.2,2973.6,2972.9,2973.6,49
2026-07-27T13:10:00+00:00,2973.8,2974.4,2973.8,2974.4,16
2026-07-27T13:11:00+00:00,2974.7,2975.0,2974.4,2975.0,29
2026-07-27T13:12:00+00:00,2975.1,2975.7,2974.9,2975.7,43
2026-07-27T13:13:00+00:00,2975.7,2976.4,2975.7,2975.7,60
2026-07-27T13:14:00+00:00,2975.7,2976.0,2975.0,2975.0,35
2026-07-27T13:15:00+00:00,2975.0,2976.0,2974.8,2975.0,32
2026-07-27T13:16:00+00:00,2974.7,2974.8,2973.7,2973.9,42
2026-07-27T13:17:00+00:00,2973.8,2973.8,2972.9,2973.2,39
2026-07-27T13:18:00+00:00,2973.2,2973.5,2972.9,2973.4,28
2026-07-27T13:19:00+00:00,2973.3,2973.6,2972.8,2973.2,53
2026-07-27T13:20:00+00:00,2973.1,2974.0,2973.1,2974.0,27
2026-07-27T13:21:00+00:00,2974.0,2974.6,2974.0,2974.6,40
2026-07-27T13:22:00+00:00,2974.8,2975.4,2974.5,2975.2,85
2026-07-27T13:23:00+00:00,2975.2,2975.3,2974.6,2975.1,57
2026-07-27T13:24:00+00:00,2974.9,2975.4,2974.8,2975.1,35
2026-07-27T13:25:00+00:00,2975.3,2976.2,2974.9,2975.8,90
2026-07-27T13:26:00+00:00,2975.8,2976.8,2975.4,2976.8,122
2026-07-27T13:27:00+00:00,2976.9,2977.6,2976.2,2977.3,149
2026-07-27T13:28:00+00:00,2977.2,2977.2,2975.6,2975.9,159
2026-07-27T13:29:00+00:00,2975.7,2975.8,2970.1,2970.3,652
2026-07-27T13:30:00+00:00,2970.4,2972.1,2966.0,2966.2,1849
2026-07-27T13:31:00+00:00,2966.3,2971.3,2965.7,2970.1,1006
2026-07-27T13:32:00+00:00,2970.0,2971.4,2967.9,2970.4,487
2026-07-27T13:33:00+00:00,2970.6,2974.4,2970.6,2974.4,501
2026-07-27T13:34:00+00:00,2974.6,2976.2,2972.9,2975.8,467
2026-07-27T13:35:00+00:00,2975.8,2979.6,2975.5,2979.1,647
2026-07-27T13:36:00+00:00,2978.9,2980.4,2977.6,2978.1,698
2026-07-27T13:37:00+00:00,2978.2,2980.4,2978.1,2980.3,376
2026-07-27T13:38:00+00:00,2980.4,2984.4,2980.1,2984.1,778
2026-07-27T13:39:00+00:00,2984.1,2985.2,2983.4,2984.5,538
2026-07-27T13:40:00+00:00,2984.2,2985.7,2982.2,2984.0,802
2026-07-27T13:41:00+00:00,2984.0,2985.8,2983.5,2985.4,376
2026-07-27T13:42:00+00:00,2985.3,2985.7,2979.7,2981.1,580
2026-07-27T13:43:00+00:00,2981.2,2981.2,2977.2,2979.0,538
2026-07-27T13:44:00+00:00,2978.8,2980.0,2978.1,2978.2,430
2026-07-27T13:45:00+00:00,2978.5,2980.4,2976.1,2980.1,743
2026-07-27T13:46:00+00:00,2980.3,2981.1,2976.7,2976.7,401
2026-07-27T13:47:00+00:00,2976.8,2978.9,2975.7,2976.4,360
2026-07-27T13:48:00+00:00,2976.3,2981.1,2976.1,2980.9,421
2026-07-27T13:49:00+00:00,2980.9,2982.9,2980.4,2981.5,385
2026-07-27T13:50:00+00:00,2981.7,2983.4,2981.0,2983.0,350
2026-07-27T13:51:00+00:00,2983.1,2983.8,2981.4,2983.2,257
2026-07-27T13:52:00+00:00,2983.2,2984.1,2981.3,2981.5,408
2026-07-27T13:53:00+00:00,2981.5,2981.9,2980.2,2981.3,373
2026-07-27T13:54:00+00:00,2981.3,2981.7,2978.8,2979.8,256
2026-07-27T13:55:00+00:00,2979.8,2980.6,2978.5,2980.0,294
2026-07-27T13:56:00+00:00,2979.9,2980.0,2977.2,2978.1,395
2026-07-27T13:57:00+00:00,2978.5,2979.6,2976.3,2976.5,295
2026-07-27T13:58:00+00:00,2976.5,2978.4,2975.4,2975.6,359
2026-07-27T13:59:00+00:00,2975.6,2976.2,2974.2,2974.2,390
2026-07-27T14:00:00+00:00,2974.4,2975.0,2971.2,2973.6,740
2026-07-27T14:01:00+00:00,2973.7,2974.2,2970.7,2972.1,379
2026-07-27T14:02:00+00:00,2972.0,2973.2,2970.9,2972.7,310
2026-07-27T14:03:00+00:00,2972.8,2975.5,2971.4,2971.5,497
2026-07-27T14:04:00+00:00,2971.7,2972.3,2968.9,2969.3,481
2026-07-27T14:05:00+00:00,2969.4,2971.0,2967.4,2967.6,606
2026-07-27T14:06:00+00:00,2967.6,2967.9,2964.8,2966.8,671
2026-07-27T14:07:00+00:00,2966.9,2969.4,2966.0,2966.8,334
2026-07-27T14:08:00+00:00,2966.7,2968.2,2965.6,2967.0,227
2026-07-27T14:09:00+00:00,2967.1,2969.2,2966.7,2968.6,229
2026-07-27T14:10:00+00:00,2968.5,2969.0,2962.0,2963.8,1577
2026-07-27T14:11:00+00:00,2963.7,2966.3,2962.5,2965.9,404
2026-07-27T14:12:00+00:00,2965.6,2966.7,2964.0,2965.9,241
2026-07-27T14:13:00+00:00,2966.2,2967.4,2963.2,2964.4,238
2026-07-27T14:14:00+00:00,2964.4,2966.2,2964.0,2964.2,157
2026-07-27T14:15:00+00:00,2964.4,2966.7,2962.2,2962.8,304
2026-07-27T14:16:00+00:00,2962.4,2963.3,2961.1,2962.0,476
2026-07-27T14:17:00+00:00,2961.9,2962.1,2958.2,2959.0,947
2026-07-27T14:18:00+00:00,2959.3,2960.7,2958.0,2960.3,289
2026-07-27T14:19:00+00:00,2960.3,2962.7,2960.3,2960.9,378
2026-07-27T14:20:00+00:00,2960.9,2961.5,2957.9,2958.1,507
2026-07-27T14:21:00+00:00,2958.0,2961.1,2957.8,2960.9,219
2026-07-27T14:22:00+00:00,2960.9,2960.9,2957.8,2958.0,219
2026-07-27T14:23:00+00:00,2958.2,2959.9,2956.2,2956.4,281
2026-07-27T14:24:00+00:00,2956.2,2957.0,2955.0,2956.8,433
2026-07-27T14:25:00+00:00,2956.6,2957.3,2954.4,2956.3,255
2026-07-27T14:26:00+00:00,2956.8,2957.8,2955.9,2957.3,333
2026-07-27T14:27:00+00:00,2957.3,2957.4,2954.8,2955.2,202
2026-07-27T14:28:00+00:00,2955.0,2955.5,2953.6,2954.5,206
2026-07-27T14:29:00+00:00,2954.0,2954.5,2952.0,2952.3,313
2026-07-27T14:30:00+00:00,2952.4,2953.2,2949.4,2951.1,642
2026-07-27T14:31:00+00:00,2951.0,2952.4,2950.0,2950.8,353
2026-07-27T14:32:00+00:00,2950.7,2952.1,2949.9,2950.7,237
2026-07-27T14:33:00+00:00,2951.0,2951.2,2948.9,2949.0,246
2026-07-27T14:34:00+00:00,2949.1,2950.4,2948.1,2948.7,234
2026-07-27T14:35:00+00:00,2948.5,2949.8,2947.9,2949.8,186
2026-07-27T14:36:00+00:00,2949.9,2950.2,2945.9,2946.3,397
2026-07-27T14:37:00+00:00,2946.2,2946.9,2945.0,2946.5,390
2026-07-27T14:38:00+00:00,2946.8,2949.1,2946.7,2948.3,348
2026-07-27T14:40:00+00:00,2948.4,2948.9,2945.1,2945.4,501
2026-07-27T14:41:00+00:00,2945.4,2945.8,2943.0,2944.1,400
2026-07-27T14:42:00+00:00,2944.2,2944.7,2942.4,2942.7,246
2026-07-27T14:43:00+00:00,2942.8,2943.9,2941.0,2943.7,300
2026-07-27T14:44:00+00:00,2943.7,2946.0,2942.4,2943.3,335
2026-07-27T14:45:00+00:00,2943.5,2946.8,2943.5,2946.0,244
2026-07-27T14:46:00+00:00,2945.8,2948.4,2945.3,2948.1,312
2026-07-27T14:47:00+00:00,2948.0,2949.2,2946.9,2947.6,325
2026-07-27T14:48:00+00:00,2947.7,2950.2,2947.7,2949.2,270
2026-07-27T14:49:00+00:00,2949.3,2952.5,2949.2,2951.6,518
2026-07-27T14:50:00+00:00,2951.9,2954.9,2950.7,2953.3,522
2026-07-27T14:51:00+00:00,2953.2,2956.3,2953.0,2955.1,348
2026-07-27T14:52:00+00:00,2955.1,2957.3,2954.1,2956.4,266
2026-07-27T14:53:00+00:00,2956.3,2957.6,2955.8,2956.6,244
2026-07-27T14:54:00+00:00,2957.1,2959.0,2956.5,2956.8,270
2026-07-27T14:55:00+00:00,2956.9,2959.3,2955.5,2959.2,328
2026-07-27T14:56:00+00:00,2959.0,2959.9,2957.4,2959.4,292
2026-07-27T14:57:00+00:00,2959.5,2960.3,2959.4,2959.6,248
2026-07-27T14:58:00+00:00,2959.6,2961.2,2959.5,2961.0,256
2026-07-27T14:59:00+00:00,2960.9,2964.2,2960.8,2963.0,422
2026-07-27T15:00:00+00:00,2963.1,2963.3,2959.7,2960.8,543
2026-07-27T15:01:00+00:00,2960.6,2961.8,2959.1,2959.2,294
2026-07-27T15:02:00+00:00,2959.2,2961.0,2957.8,2958.4,178
2026-07-27T15:03:00+00:00,2958.6,2959.7,2956.8,2957.1,191
2026-07-27T15:04:00+00:00,2957.3,2958.7,2957.0,2958.2,140
2026-07-27T15:05:00+00:00,2958.0,2960.1,2957.5,2959.5,201
2026-07-27T15:06:00+00:00,2959.4,2960.3,2958.0,2958.0,285
2026-07-27T15:07:00+00:00,2958.2,2959.9,2957.2,2959.0,131
2026-07-27T15:08:00+00:00,2959.2,2959.8,2957.5,2958.0,101
2026-07-27T15:09:00+00:00,2957.7,2957.9,2955.7,2955.7,186
2026-07-27T15:10:00+00:00,2955.6,2956.9,2954.8,2955.7,222
2026-07-27T15:11:00+00:00,2955.7,2957.7,2955.5,2956.3,140
2026-07-27T15:12:00+00:00,2956.5,2958.0,2956.1,2956.4,119
2026-07-27T15:13:00+00:00,2956.4,2957.8,2956.1,2956.9,97
2026-07-27T15:14:00+00:00,2957.3,2958.3,2955.5,2955.6,88
2026-07-27T15:15:00+00:00,2955.7,2956.0,2953.3,2953.3,236
2026-07-27T15:16:00+00:00,2953.2,2954.2,2952.7,2954.1,158
2026-07-27T15:17:00+00:00,2953.9,2954.0,2951.9,2952.9,297
2026-07-27T15:18:00+00:00,2952.6,2953.0,2950.3,2952.5,208
2026-07-27T15:19:00+00:00,2952.3,2954.9,2951.9,2954.9,210
2026-07-27T15:20:00+00:00,2954.8,2955.5,2953.7,2955.2,226
2026-07-27T15:21:00+00:00,2955.7,2956.5,2954.8,2955.5,248
2026-07-27T15:22:00+00:00,2955.3,2957.3,2954.6,2955.6,219
2026-07-27T15:23:00+00:00,2955.5,2955.7,2951.8,2952.2,249
2026-07-27T15:24:00+00:00,2952.1,2952.5,2951.5,2951.7,108
2026-07-27T15:25:00+00:00,2951.5,2951.9,2950.6,2951.1,129
2026-07-27T15:26:00+00:00,2951.3,2952.6,2950.9,2952.3,112
2026-07-27T15:27:00+00:00,2952.4,2953.1,2951.3,2952.2,106
2026-07-27T15:28:00+00:00,2951.9,2952.5,2951.2,2952.5,102
2026-07-27T15:29:00+00:00,2952.3,2953.3,2952.1,2953.2,71
2026-07-27T15:30:00+00:00,2953.1,2953.1,2951.0,2951.4,148
2026-07-27T15:31:00+00:00,2951.4,2953.7,2951.4,2951.9,97
2026-07-27T15:32:00+00:00,2951.9,2953.2,2950.1,2950.6,280
2026-07-27T15:33:00+00:00,2950.3,2950.6,2948.7,2949.3,306
2026-07-27T15:34:00+00:00,2949.4,2950.3,2948.5,2948.5,120
2026-07-27T15:35:00+00:00,2948.7,2948.7,2947.0,2947.0,216
2026-07-27T15:36:00+00:00,2946.9,2947.7,2946.1,2946.2,145
2026-07-27T15:37:00+00:00,2946.0,2946.5,2944.4,2944.4,161
2026-07-27T15:38:00+00:00,2944.5,2946.6,2943.6,2946.3,199
2026-07-27T15:39:00+00:00,2946.5,2948.1,2946.4,2947.2,198
2026-07-27T15:40:00+00:00,2947.3,2947.9,2944.9,2945.8,136
2026-07-27T15:41:00+00:00,2945.8,2946.3,2944.7,2945.7,194
2026-07-27T15:42:00+00:00,2947.0,2948.8,2946.8,2948.4,178
2026-07-27T15:43:00+00:00,2948.1,2949.0,2946.1,2946.2,146
2026-07-27T15:44:00+00:00,2946.3,2948.0,2946.2,2947.5,88
2026-07-27T15:45:00+00:00,2947.7,2947.9,2945.9,2946.0,124
2026-07-27T15:46:00+00:00,2945.8,2947.3,2945.8,2946.5,65
2026-07-27T15:47:00+00:00,2946.8,2946.8,2944.2,2945.0,150
2026-07-27T15:48:00+00:00,2945.0,2946.6,2945.0,2945.7,92
2026-07-27T15:49:00+00:00,2945.6,2946.4,2945.3,2946.3,88
2026-07-27T15:50:00+00:00,2946.4,2947.3,2945.2,2946.6,101
2026-07-27T15:51:00+00:00,2946.9,2948.2,2946.5,2947.4,76
2026-07-27T15:52:00+00:00,2947.4,2947.6,2945.3,2945.5,63
2026-07-27T15:53:00+00:00,2945.4,2945.9,2944.7,2945.9,55
2026-07-27T15:54:00+00:00,2945.8,2946.5,2944.8,2945.4,57
2026-07-27T15:55:00+00:00,2945.7,2946.6,2945.0,2946.6,47
2026-07-27T15:56:00+00:00,2946.2,2946.9,2945.7,2945.8,77
2026-07-27T15:57:00+00:00,2945.6,2947.1,2945.5,2945.9,76
2026-07-27T15:58:00+00:00,2945.6,2946.0,2944.6,2946.0,90
2026-07-27T15:59:00+00:00,2946.2,2946.5,2945.8,2946.1,44
2026-07-27T16:00:00+00:00,2946.2,2947.5,2944.8,2945.2,102
2026-07-27T16:01:00+00:00,2945.2,2946.0,2944.6,2944.9,74
2026-07-27T16:02:00+00:00,2944.8,2945.4,2944.4,2945.2,77
2026-07-27T16:03:00+00:00,2944.9,2946.0,2944.9,2945.2,188
2026-07-27T16:04:00+00:00,2945.4,2947.2,2945.4,2947.1,108
2026-07-27T16:05:00+00:00,2947.0,2948.3,2946.9,2947.6,148
2026-07-27T16:06:00+00:00,2947.8,2948.3,2946.1,2948.0,536
2026-07-27T16:07:00+00:00,2948.2,2949.2,2947.2,2948.7,91
2026-07-27T16:08:00+00:00,2948.5,2949.6,2948.0,2949.3,98
2026-07-27T16:09:00+00:00,2949.3,2949.9,2948.7,2949.4,97
2026-07-27T16:10:00+00:00,2949.4,2950.4,2949.2,2949.8,82
2026-07-27T16:11:00+00:00,2949.9,2951.0,2949.3,2950.6,116
2026-07-27T16:12:00+00:00,2950.4,2950.9,2949.9,2950.4,63
2026-07-27T16:13:00+00:00,2950.2,2950.5,2948.1,2948.3,93
2026-07-27T16:14:00+00:00,2948.1,2948.5,2946.5,2947.8,98
2026-07-27T16:15:00+00:00,2947.9,2948.4,2947.0,2947.4,78
2026-07-27T16:16:00+00:00,2947.4,2947.8,2945.4,2946.6,115
2026-07-27T16:17:00+00:00,2946.7,2948.4,2946.4,2948.3,80
2026-07-27T16:18:00+00:00,2948.2,2949.2,2948.0,2949.0,127
2026-07-27T16:19:00+00:00,2949.0,2949.6,2948.5,2949.1,64
2026-07-27T16:20:00+00:00,2948.2,2949.9,2948.0,2949.7,57
2026-07-27T16:21:00+00:00,2949.6,2951.6,2949.6,2949.9,144
2026-07-27T16:22:00+00:00,2949.9,2950.9,2948.9,2950.8,94
2026-07-27T16:23:00+00:00,2950.9,2951.8,2949.7,2951.5,128
2026-07-27T16:24:00+00:00,2951.8,2952.8,2951.6,2952.2,122
2026-07-27T16:25:00+00:00,2951.9,2960.4,2951.8,2959.7,1854
2026-07-27T16:26:00+00:00,2959.8,2960.9,2955.4,2955.7,648
2026-07-27T16:27:00+00:00,2955.5,2957.4,2955.5,2957.0,162
2026-07-27T16:28:00+00:00,2957.0,2958.3,2956.1,2956.6,169
2026-07-27T16:29:00+00:00,2956.9,2957.5,2955.4,2956.8,150
2026-07-27T16:30:00+00:00,2956.8,2959.6,2956.4,2958.5,165
2026-07-27T16:31:00+00:00,2958.5,2959.8,2958.3,2959.6,116
2026-07-27T16:32:00+00:00,2959.3,2959.9,2957.5,2957.8,165
2026-07-27T16:33:00+00:00,2958.2,2958.3,2956.7,2957.6,197
2026-07-27T16:34:00+00:00,2957.6,2959.8,2957.6,2959.8,94
2026-07-27T16:35:00+00:00,2959.7,2960.3,2959.3,2959.5,159
2026-07-27T16:36:00+00:00,2959.0,2961.2,2958.5,2960.9,261
2026-07-27T16:37:00+00:00,2960.8,2962.5,2959.5,2959.5,321
2026-07-27T16:38:00+00:00,2959.5,2960.2,2958.8,2960.0,108
2026-07-27T16:39:00+00:00,2959.9,2960.6,2959.1,2960.6,60
2026-07-27T16:40:00+00:00,2960.6,2960.7,2959.2,2960.0,82
2026-07-27T16:41:00+00:00,2960.0,2960.0,2957.8,2957.9,113
2026-07-27T16:42:00+00:00,2958.0,2958.4,2957.6,2957.6,122
2026-07-27T16:43:00+00:00,2957.7,2957.7,2955.6,2955.6,256
2026-07-27T16:44:00+00:00,2955.7,2956.5,2954.8,2956.4,277
2026-07-27T16:45:00+00:00,2956.6,2957.2,2956.2,2957.1,131
2026-07-27T16:46:00+00:00,2957.1,2957.9,2956.7,2957.8,173
2026-07-27T16:47:00+00:00,2957.9,2958.2,2957.5,2957.5,61
2026-07-27T16:48:00+00:00,2957.5,2957.9,2956.0,2956.2,84
2026-07-27T16:49:00+00:00,2956.5,2957.0,2954.7,2954.7,88
2026-07-27T16:50:00+00:00,2954.5,2954.7,2953.2,2953.2,184
2026-07-27T16:51:00+00:00,2953.1,2953.6,2952.6,2952.7,147
2026-07-27T16:52:00+00:00,2952.8,2953.5,2951.9,2952.6,118
2026-07-27T16:53:00+00:00,2952.3,2952.3,2951.2,2951.3,100
2026-07-27T16:54:00+00:00,2951.1,2951.4,2950.3,2951.1,86
2026-07-27T16:55:00+00:00,2950.7,2950.7,2948.5,2949.2,175
2026-07-27T16:56:00+00:00,2949.1,2950.4,2949.1,2949.9,164
2026-07-27T16:57:00+00:00,2950.0,2950.7,2949.5,2950.0,139
2026-07-27T16:58:00+00:00,2949.9,2950.7,2949.9,2950.5,124
2026-07-27T16:59:00+00:00,2950.5,2950.7,2949.3,2950.1,74
2026-07-27T17:00:00+00:00,2950.1,2950.4,2948.2,2949.5,136
2026-07-27T17:01:00+00:00,2949.6,2949.9,2947.7,2947.8,73
2026-07-27T17:02:00+00:00,2947.8,2948.0,2945.5,2945.9,221
2026-07-27T17:03:00+00:00,2945.8,2946.9,2945.7,2946.9,120
2026-07-27T17:04:00+00:00,2946.8,2947.3,2946.3,2946.5,103
2026-07-27T17:05:00+00:00,2946.4,2947.3,2946.1,2946.3,56
2026-07-27T17:06:00+00:00,2946.4,2947.6,2946.0,2947.4,93
2026-07-27T17:07:00+00:00,2947.5,2948.7,2947.4,2948.6,121
2026-07-27T17:08:00+00:00,2948.8,2948.8,2947.1,2947.4,115
2026-07-27T17:09:00+00:00,2947.4,2947.6,2946.9,2946.9,50
2026-07-27T17:10:00+00:00,2946.8,2947.3,2946.3,2946.9,88
2026-07-27T17:11:00+00:00,2946.9,2947.3,2945.7,2945.8,78
2026-07-27T17:12:00+00:00,2945.8,2947.6,2945.8,2947.6,93
2026-07-27T17:13:00+00:00,2947.8,2948.4,2947.7,2948.0,62
2026-07-27T17:14:00+00:00,2948.2,2949.1,2948.1,2948.5,124
2026-07-27T17:15:00+00:00,2948.3,2948.4,2947.2,2948.0,45
2026-07-27T17:16:00+00:00,2948.3,2948.6,2947.0,2947.0,44
2026-07-27T17:17:00+00:00,2946.9,2946.9,2945.2,2945.8,88
2026-07-27T17:18:00+00:00,2945.8,2946.0,2944.6,2945.3,109
2026-07-27T17:19:00+00:00,2945.2,2946.7,2945.0,2946.7,73
2026-07-27T17:20:00+00:00,2946.6,2949.7,2946.1,2949.7,210
2026-07-27T17:21:00+00:00,2949.7,2950.0,2948.9,2949.1,125
2026-07-27T17:22:00+00:00,2948.8,2949.8,2948.6,2949.2,37
2026-07-27T17:23:00+00:00,2949.2,2949.6,2947.4,2947.4,60
2026-07-27T17:24:00+00:00,2947.4,2948.3,2947.1,2948.0,70
2026-07-27T17:25:00+00:00,2948.3,2948.3,2947.8,2948.2,39
2026-07-27T17:26:00+00:00,2948.1,2948.2,2947.2,2948.0,79
2026-07-27T17:27:00+00:00,2948.0,2948.7,2947.9,2948.1,41
2026-07-27T17:28:00+00:00,2948.2,2948.9,2947.6,2948.0,31
2026-07-27T17:29:00+00:00,2947.9,2948.0,2946.5,2946.5,60
2026-07-27T17:30:00+00:00,2946.6,2946.8,2945.8,2946.3,74
2026-07-27T17:31:00+00:00,2946.4,2948.1,2946.2,2946.8,204
2026-07-27T17:32:00+00:00,2946.8,2949.2,2946.5,2949.1,96
2026-07-27T17:33:00+00:00,2949.3,2950.0,2949.1,2949.9,104
2026-07-27T17:34:00+00:00,2950.0,2950.8,2949.4,2950.5,135
2026-07-27T17:35:00+00:00,2950.4,2950.6,2949.2,2949.6,60
2026-07-27T17:36:00+00:00,2949.6,2950.0,2948.2,2948.2,83
2026-07-27T17:37:00+00:00,2948.4,2948.6,2947.1,2947.1,93
2026-07-27T17:38:00+00:00,2947.1,2948.6,2947.0,2948.4,92
2026-07-27T17:39:00+00:00,2948.0,2948.5,2947.2,2947.2,67
2026-07-27T17:40:00+00:00,2947.0,2948.0,2946.7,2946.9,69
2026-07-27T17:41:00+00:00,2947.2,2948.9,2947.2,2948.5,64
2026-07-27T17:42:00+00:00,2948.5,2948.8,2947.9,2948.2,37
2026-07-27T17:43:00+00:00,2947.8,2948.5,2947.6,2948.5,33
2026-07-27T17:44:00+00:00,2948.6,2948.8,2948.4,2948.8,22
2026-07-27T17:45:00+00:00,2949.1,2949.1,2947.9,2948.1,74
2026-07-27T17:46:00+00:00,2948.3,2950.2,2948.3,2948.5,62
2026-07-27T17:47:00+00:00,2948.5,2949.0,2948.3,2948.5,58
2026-07-27T17:48:00+00:00,2948.4,2948.9,2947.8,2947.8,50
2026-07-27T17:49:00+00:00,2947.9,2948.3,2947.4,2947.6,46
2026-07-27T17:50:00+00:00,2947.2,2948.4,2947.0,2947.9,35
2026-07-27T17:51:00+00:00,2948.0,2948.1,2947.4,2947.8,28
2026-07-27T17:52:00+00:00,2948.1,2950.5,2948.1,2950.5,90
2026-07-27T17:53:00+00:00,2950.5,2951.0,2949.8,2949.9,63
2026-07-27T17:54:00+00:00,2950.3,2951.0,2949.7,2950.6,80
2026-07-27T17:55:00+00:00,2951.2,2951.3,2950.3,2951.0,123
2026-07-27T17:56:00+00:00,2950.9,2953.2,2950.6,2953.0,432
2026-07-27T17:57:00+00:00,2953.0,2953.2,2952.4,2952.5,54
2026-07-27T17:58:00+00:00,2952.7,2954.1,2952.7,2953.5,113
2026-07-27T17:59:00+00:00,2953.2,2955.0,2953.2,2954.7,143
2026-07-27T18:00:00+00:00,2955.0,2955.8,2954.2,2954.2,148
2026-07-27T18:01:00+00:00,2954.4,2955.8,2954.2,2954.9,82
2026-07-27T18:02:00+00:00,2954.2,2954.2,2953.3,2953.3,123
2026-07-27T18:03:00+00:00,2953.3,2955.1,2953.2,2954.8,95
2026-07-27T18:04:00+00:00,2954.8,2955.2,2953.7,2953.7,45
2026-07-27T18:05:00+00:00,2953.9,2954.2,2953.0,2954.1,94
2026-07-27T18:06:00+00:00,2954.0,2954.4,2952.3,2952.5,271
2026-07-27T18:07:00+00:00,2952.8,2953.6,2952.5,2952.5,85
2026-07-27T18:08:00+00:00,2952.5,2952.6,2951.6,2951.9,140
2026-07-27T18:09:00+00:00,2952.0,2952.5,2951.9,2952.1,41
2026-07-27T18:10:00+00:00,2952.1,2952.4,2951.7,2952.4,89
2026-07-27T18:11:00+00:00,2952.6,2952.9,2951.7,2951.7,59
2026-07-27T18:12:00+00:00,2951.8,2952.5,2951.6,2952.3,35
2026-07-27T18:13:00+00:00,2952.8,2953.4,2952.4,2952.7,50
2026-07-27T18:14:00+00:00,2953.0,2953.5,2952.8,2952.8,25
2026-07-27T18:15:00+00:00,2952.6,2952.8,2950.1,2950.4,125
2026-07-27T18:16:00+00:00,2950.3,2950.9,2950.1,2950.7,56
2026-07-27T18:17:00+00:00,2950.8,2951.7,2950.2,2951.7,69
2026-07-27T18:18:00+00:00,2951.6,2951.6,2950.4,2951.0,33
2026-07-27T18:19:00+00:00,2951.1,2951.4,2949.9,2949.9,52
2026-07-27T18:20:00+00:00,2950.0,2951.1,2949.8,2950.4,38
2026-07-27T18:21:00+00:00,2950.4,2950.6,2949.9,2950.1,61
2026-07-27T18:22:00+00:00,2950.4,2950.9,2950.0,2950.4,44
2026-07-27T18:23:00+00:00,2950.3,2951.6,2950.3,2950.6,68
2026-07-27T18:24:00+00:00,2950.8,2952.1,2950.8,2951.7,91
2026-07-27T18:25:00+00:00,2951.7,2953.0,2951.7,2952.2,75
2026-07-27T18:26:00+00:00,2952.1,2952.7,2951.7,2951.7,40
2026-07-27T18:27:00+00:00,2951.8,2952.0,2951.5,2951.8,268
2026-07-27T18:28:00+00:00,2951.9,2952.1,2951.3,2951.3,39
2026-07-27T18:29:00+00:00,2951.5,2952.6,2951.0,2952.6,27
2026-07-27T18:30:00+00:00,2952.4,2952.4,2950.1,2950.4,86
2026-07-27T18:31:00+00:00,2950.4,2950.5,2949.5,2949.7,51
2026-07-27T18:32:00+00:00,2949.5,2950.5,2949.5,2950.5,58
2026-07-27T18:33:00+00:00,2950.6,2950.6,2950.0,2950.4,23
2026-07-27T18:34:00+00:00,2950.2,2950.3,2948.9,2949.1,77
2026-07-27T18:35:00+00:00,2949.0,2949.2,2948.4,2949.2,61
2026-07-27T18:36:00+00:00,2949.3,2950.0,2948.7,2949.7,45
2026-07-27T18:37:00+00:00,2949.5,2949.9,2948.8,2949.3,22
2026-07-27T18:38:00+00:00,2949.3,2949.8,2949.2,2949.2,27
2026-07-27T18:39:00+00:00,2948.8,2949.0,2948.4,2948.8,28
2026-07-27T18:40:00+00:00,2948.6,2948.6,2947.7,2947.8,60
2026-07-27T18:41:00+00:00,2947.9,2953.0,2947.9,2951.1,1773
2026-07-27T18:42:00+00:00,2951.2,2951.8,2950.6,2951.5,72
2026-07-27T18:43:00+00:00,2950.8,2953.2,2950.5,2953.2,103
2026-07-27T18:44:00+00:00,2953.1,2953.4,2951.9,2952.3,172
2026-07-27T18:45:00+00:00,2952.2,2953.6,2952.1,2952.5,80
2026-07-27T18:46:00+00:00,2952.7,2953.1,2952.2,2952.4,60
2026-07-27T18:47:00+00:00,2952.2,2952.3,2951.3,2951.6,64
2026-07-27T18:48:00+00:00,2951.6,2952.8,2951.4,2952.5,57
2026-07-27T18:49:00+00:00,2952.6,2952.7,2951.0,2951.2,48
2026-07-27T18:50:00+00:00,2951.0,2952.7,2950.7,2952.3,87
2026-07-27T18:51:00+00:00,2952.3,2953.2,2952.1,2952.9,63
2026-07-27T18:52:00+00:00,2953.0,2955.1,2952.9,2954.8,203
2026-07-27T18:53:00+00:00,2954.6,2956.2,2954.6,2955.8,170
2026-07-27T18:54:00+00:00,2955.7,2956.7,2955.6,2955.6,121
2026-07-27T18:55:00+00:00,2955.9,2957.9,2955.9,2956.6,219
2026-07-27T18:56:00+00:00,2956.5,2957.2,2955.4,2955.4,153
2026-07-27T18:57:00+00:00,2955.6,2956.0,2954.9,2955.7,144
2026-07-27T18:58:00+00:00,2955.6,2956.7,2954.9,2956.6,150
2026-07-27T18:59:00+00:00,2956.5,2957.3,2956.1,2957.0,83
2026-07-27T19:00:00+00:00,2957.1,2957.7,2956.3,2957.0,149
2026-07-27T19:01:00+00:00,2956.6,2958.8,2956.5,2958.5,155
2026-07-27T19:02:00+00:00,2958.6,2959.7,2958.3,2958.3,118
2026-07-27T19:03:00+00:00,2958.6,2959.0,2957.8,2957.8,88
2026-07-27T19:04:00+00:00,2957.7,2958.6,2956.6,2956.8,107
2026-07-27T19:05:00+00:00,2956.7,2957.2,2955.8,2956.4,68
2026-07-27T19:06:00+00:00,2956.3,2958.7,2956.2,2958.6,57
2026-07-27T19:07:00+00:00,2958.8,2960.1,2958.8,2960.0,99
2026-07-27T19:08:00+00:00,2959.9,2960.1,2958.9,2959.7,90
2026-07-27T19:09:00+00:00,2959.5,2960.3,2959.4,2959.9,166
2026-07-27T19:10:00+00:00,2960.0,2961.2,2960.0,2961.1,140
2026-07-27T19:11:00+00:00,2960.9,2961.0,2959.2,2959.9,96
2026-07-27T19:12:00+00:00,2959.9,2960.4,2958.6,2958.6,88
2026-07-27T19:13:00+00:00,2958.5,2958.7,2957.9,2958.2,112
2026-07-27T19:14:00+00:00,2958.0,2958.8,2957.9,2958.6,67
2026-07-27T19:15:00+00:00,2958.4,2959.0,2958.4,2959.0,50
2026-07-27T19:16:00+00:00,2958.9,2960.3,2958.9,2959.5,546
2026-07-27T19:17:00+00:00,2959.3,2959.7,2958.4,2959.6,51
2026-07-27T19:18:00+00:00,2959.4,2959.9,2959.3,2959.9,49
2026-07-27T19:19:00+00:00,2959.8,2959.9,2959.3,2959.8,21
2026-07-27T19:20:00+00:00,2960.0,2960.4,2959.5,2960.0,27
2026-07-27T19:21:00+00:00,2959.7,2960.2,2959.3,2959.8,32
2026-07-27T19:22:00+00:00,2959.4,2960.9,2959.4,2960.8,77
2026-07-27T19:23:00+00:00,2960.9,2961.9,2960.5,2960.5,105
2026-07-27T19:24:00+00:00,2960.6,2961.7,2960.6,2961.5,57
2026-07-27T19:25:00+00:00,2961.6,2962.1,2960.4,2961.0,89
2026-07-27T19:26:00+00:00,2960.9,2961.2,2960.7,2961.2,35
2026-07-27T19:27:00+00:00,2961.2,2962.0,2961.1,2962.0,53
2026-07-27T19:28:00+00:00,2962.0,2962.0,2961.2,2961.6,33
2026-07-27T19:29:00+00:00,2962.0,2962.5,2961.7,2962.3,50
2026-07-27T19:30:00+00:00,2962.5,2963.4,2962.4,2962.8,145
2026-07-27T19:31:00+00:00,2963.2,2963.6,2962.9,2963.3,56
2026-07-27T19:32:00+00:00,2963.2,2963.4,2962.7,2963.1,26
2026-07-27T19:33:00+00:00,2963.0,2964.2,2962.9,2964.0,87
2026-07-27T19:34:00+00:00,2964.0,2964.7,2963.3,2963.3,107
2026-07-27T19:35:00+00:00,2963.2,2964.0,2962.9,2963.5,72
2026-07-27T19:36:00+00:00,2963.6,2964.1,2962.3,2962.3,73
2026-07-27T19:37:00+00:00,2962.3,2962.3,2961.0,2961.6,187
2026-07-27T19:38:00+00:00,2961.7,2962.0,2961.2,2961.5,60
2026-07-27T19:39:00+00:00,2961.5,2961.6,2960.6,2961.2,119
2026-07-27T19:40:00+00:00,2961.0,2961.8,2961.0,2961.7,61
2026-07-27T19:41:00+00:00,2961.7,2962.2,2961.4,2961.5,44
2026-07-27T19:42:00+00:00,2961.5,2961.8,2960.3,2960.3,134
2026-07-27T19:43:00+00:00,2960.3,2961.9,2960.2,2960.8,134
2026-07-27T19:44:00+00:00,2960.8,2961.6,2960.5,2960.7,71
2026-07-27T19:45:00+00:00,2960.6,2960.9,2959.7,2960.4,254
2026-07-27T19:46:00+00:00,2960.9,2961.6,2960.0,2960.4,53
2026-07-27T19:47:00+00:00,2960.2,2961.3,2960.1,2961.2,175
2026-07-27T19:48:00+00:00,2961.1,2961.2,2960.0,2960.6,60
2026-07-27T19:49:00+00:00,2960.4,2962.5,2960.4,2962.5,312
2026-07-27T19:50:00+00:00,2962.7,2962.8,2960.7,2961.3,312
2026-07-27T19:51:00+00:00,2961.2,2961.2,2960.3,2961.1,52
2026-07-27T19:52:00+00:00,2961.1,2961.6,2960.6,2961.4,91
2026-07-27T19:53:00+00:00,2961.6,2963.1,2961.6,2962.1,147
2026-07-27T19:54:00+00:00,2962.0,2963.0,2961.5,2961.8,213
2026-07-27T19:55:00+00:00,2961.9,2962.8,2961.2,2962.7,288
2026-07-27T19:56:00+00:00,2962.4,2963.3,2961.7,2961.8,240
2026-07-27T19:57:00+00:00,2961.7,2962.5,2961.3,2961.9,343
2026-07-27T19:58:00+00:00,2962.0,2962.0,2960.8,2961.4,322
2026-07-27T19:59:00+00:00,2961.4,2961.4,2959.2,2959.8,1072
2026-07-27T20:00:00+00:00,2960.0,2962.3,2959.9,2961.3,380
2026-07-27T20:01:00+00:00,2961.5,2961.7,2960.8,2961.5,150
2026-07-27T20:02:00+00:00,2961.3,2961.6,2960.9,2961.3,90
2026-07-27T20:03:00+00:00,2961.3,2961.3,2960.5,2960.7,68
2026-07-27T20:04:00+00:00,2960.9,2961.9,2960.9,2961.9,111
2026-07-27T20:05:00+00:00,2961.7,2961.7,2960.9,2961.0,50
2026-07-27T20:06:00+00:00,2961.0,2961.2,2959.5,2959.7,77
2026-07-27T20:07:00+00:00,2959.7,2960.3,2959.4,2960.0,50
2026-07-27T20:08:00+00:00,2960.2,2960.6,2960.1,2960.2,29
2026-07-27T20:09:00+00:00,2960.4,2960.6,2960.2,2960.4,44
2026-07-27T20:10:00+00:00,2960.4,2960.4,2959.8,2960.1,23
2026-07-27T20:11:00+00:00,2959.8,2960.0,2959.2,2959.4,46
2026-07-27T20:12:00+00:00,2959.2,2960.0,2959.1,2959.8,31
2026-07-27T20:13:00+00:00,2959.4,2959.7,2959.2,2959.3,55
2026-07-27T20:14:00+00:00,2959.2,2959.8,2959.0,2959.6,30
2026-07-27T20:15:00+00:00,2959.6,2959.6,2958.7,2958.9,52
2026-07-27T20:16:00+00:00,2958.9,2959.4,2958.7,2959.4,24
2026-07-27T20:17:00+00:00,2959.5,2959.6,2959.3,2959.5,20
2026-07-27T20:18:00+00:00,2959.4,2959.5,2959.3,2959.5,15
2026-07-27T20:19:00+00:00,2959.5,2959.5,2959.1,2959.3,24
2026-07-27T20:20:00+00:00,2959.3,2959.6,2959.3,2959.5,13
2026-07-27T20:21:00+00:00,2959.3,2959.4,2958.8,2958.8,35
2026-07-27T20:22:00+00:00,2958.8,2958.8,2958.6,2958.6,18
2026-07-27T20:23:00+00:00,2958.7,2959.1,2958.7,2959.0,13
2026-07-27T20:24:00+00:00,2959.1,2960.0,2959.1,2960.0,134
2026-07-27T20:25:00+00:00,2960.0,2960.9,2960.0,2960.9,28
2026-07-27T20:26:00+00:00,2960.7,2961.1,2960.3,2960.9,33
2026-07-27T20:27:00+00:00,2961.0,2961.0,2960.7,2960.8,3
2026-07-27T20:28:00+00:00,2960.7,2960.7,2960.5,2960.5,8
2026-07-27T20:29:00+00:00,2960.4,2960.7,2960.4,2960.6,12
2026-07-27T20:30:00+00:00,2960.8,2960.8,2960.5,2960.6,26
2026-07-27T20:31:00+00:00,2960.5,2961.3,2960.5,2961.2,60
2026-07-27T20:32:00+00:00,2961.2,2961.6,2961.2,2961.6,26
2026-07-27T20:33:00+00:00,2961.5,2962.1,2961.4,2961.9,17
2026-07-27T20:34:00+00:00,2961.9,2963.1,2961.8,2963.1,54
2026-07-27T20:35:00+00:00,2963.0,2964.0,2962.9,2963.3,112
2026-07-27T20:36:00+00:00,2963.1,2963.6,2963.1,2963.5,13
2026-07-27T20:37:00+00:00,2963.7,2964.0,2963.6,2964.0,47
2026-07-27T20:38:00+00:00,2964.1,2964.3,2963.0,2963.2,25
2026-07-27T20:39:00+00:00,2963.1,2963.2,2963.1,2963.2,3
2026-07-27T20:40:00+00:00,2963.2,2963.2,2962.5,2962.5,18
2026-07-27T20:41:00+00:00,2962.6,2962.6,2962.4,2962.5,20
2026-07-27T20:42:00+00:00,2962.6,2962.7,2962.4,2962.6,19
2026-07-27T20:43:00+00:00,2962.6,2962.7,2962.5,2962.6,6
2026-07-27T20:44:00+00:00,2962.7,2962.8,2962.3,2962.4,147
2026-07-27T20:45:00+00:00,2962.7,2962.9,2962.7,2962.9,15
2026-07-27T20:46:00+00:00,2963.0,2963.2,2962.7,2962.7,16
2026-07-27T20:47:00+00:00,2962.7,2963.1,2962.7,2963.0,9
2026-07-27T20:48:00+00:00,2963.0,2963.0,2962.6,2962.8,23
2026-07-27T20:49:00+00:00,2962.9,2962.9,2962.5,2962.5,9
2026-07-27T20:50:00+00:00,2962.4,2963.2,2962.3,2962.3,75
2026-07-27T20:51:00+00:00,2962.3,2962.3,2961.9,2961.9,26
2026-07-27T20:52:00+00:00,2961.9,2962.0,2961.1,2961.3,50
2026-07-27T20:53:00+00:00,2961.4,2961.5,2960.9,2961.1,33
2026-07-27T20:54:00+00:00,2961.1,2961.2,2960.9,2961.1,32
2026-07-27T20:55:00+00:00,2961.2,2961.2,2960.5,2960.9,96
2026-07-27T20:56:00+00:00,2960.9,2961.3,2960.7,2961.1,30
2026-07-27T20:57:00+00:00,2961.4,2961.4,2961.1,2961.1,6
2026-07-27T20:58:00+00:00,2961.3,2961.3,2960.9,2960.9,17
2026-07-27T20:59:00+00:00,2960.7,2961.0,2960.2,2961.0,76
2026-07-27T22:00:00+00:00,2960.9,2962.0,2960.6,2961.1,38
2026-07-27T22:01:00+00:00,2961.2,2961.4,2960.3,2960.8,9
2026-07-27T22:02:00+00:00,2961.0,2961.0,2959.8,2960.3,20
2026-07-27T22:03:00+00:00,2960.3,2961.5,2959.9,2961.0,21
2026-07-27T22:04:00+00:00,2960.7,2960.7,2960.1,2960.1,6
2026-07-27T22:05:00+00:00,2960.3,2960.7,2960.3,2960.3,18
2026-07-27T22:06:00+00:00,2960.7,2960.7,2960.0,2960.0,4
2026-07-27T22:07:00+00:00,2960.1,2960.4,2959.6,2959.9,17
2026-07-27T22:08:00+00:00,2960.1,2960.1,2960.1,2960.1,3
2026-07-27T22:09:00+00:00,2960.3,2960.3,2960.3,2960.3,1
2026-07-27T22:10:00+00:00,2960.1,2960.4,2960.0,2960.2,11
2026-07-27T22:11:00+00:00,2959.8,2960.0,2959.7,2959.8,13
2026-07-27T22:12:00+00:00,2960.1,2960.3,2960.1,2960.2,12
2026-07-27T22:13:00+00:00,2960.0,2960.0,2960.0,2960.0,4
2026-07-27T22:14:00+00:00,2960.0,2960.0,2959.6,2959.6,12
2026-07-27T22:15:00+00:00,2959.8,2960.1,2959.5,2959.9,25
2026-07-27T22:16:00+00:00,2959.6,2959.6,2959.6,2959.6,2
2026-07-27T22:17:00+00:00,2960.1,2960.7,2960.1,2960.7,26
2026-07-27T22:18:00+00:00,2960.0,2960.4,2959.9,2960.4,9
2026-07-27T22:19:00+00:00,2960.2,2960.5,2960.0,2960.1,24
2026-07-27T22:20:00+00:00,2960.2,2960.2,2959.8,2959.8,5
2026-07-27T22:21:00+00:00,2959.8,2960.1,2959.8,2960.1,13
2026-07-27T22:22:00+00:00,2960.0,2960.1,2959.5,2959.8,30
2026-07-27T22:23:00+00:00,2959.9,2959.9,2959.8,2959.9,5
2026-07-27T22:24:00+00:00,2959.8,2959.8,2959.3,2959.5,29
2026-07-27T22:25:00+00:00,2959.3,2959.5,2959.3,2959.4,10
2026-07-27T22:26:00+00:00,2959.3,2959.7,2959.3,2959.7,9
2026-07-27T22:27:00+00:00,2959.5,2959.6,2959.2,2959.2,13
2026-07-27T22:28:00+00:00,2959.1,2959.1,2958.9,2959.0,24
2026-07-27T22:29:00+00:00,2959.0,2959.0,2958.4,2958.7,68
2026-07-27T22:30:00+00:00,2958.8,2959.2,2958.2,2959.1,50
2026-07-27T22:31:00+00:00,2959.2,2959.4,2959.0,2959.2,28
2026-07-27T22:32:00+00:00,2959.3,2960.0,2959.3,2959.8,15
2026-07-27T22:33:00+00:00,2959.8,2959.8,2959.4,2959.6,6
2026-07-27T22:34:00+00:00,2959.6,2959.9,2959.6,2959.9,6
2026-07-27T22:35:00+00:00,2960.0,2960.2,2959.8,2960.1,16
2026-07-27T22:36:00+00:00,2960.1,2960.4,2960.1,2960.4,7
2026-07-27T22:37:00+00:00,2960.1,2960.1,2959.5,2959.5,6
2026-07-27T22:38:00+00:00,2959.5,2959.5,2959.4,2959.5,10
2026-07-27T22:39:00+00:00,2959.8,2959.8,2959.8,2959.8,1
2026-07-27T22:40:00+00:00,2959.7,2959.7,2959.4,2959.4,10
2026-07-27T22:41:00+00:00,2959.2,2959.6,2959.2,2959.3,8
2026-07-27T22:42:00+00:00,2959.3,2959.4,2959.2,2959.2,7
2026-07-27T22:43:00+00:00,2959.3,2959.3,2959.3,2959.3,1
2026-07-27T22:44:00+00:00,2959.1,2959.2,2959.1,2959.2,2
2026-07-27T22:45:00+00:00,2959.4,2959.6,2959.1,2959.2,8
2026-07-27T22:46:00+00:00,2959.3,2959.3,2959.1,2959.1,6
2026-07-27T22:47:00+00:00,2958.8,2958.8,2958.5,2958.7,12
2026-07-27T22:48:00+00:00,2958.8,2959.0,2958.8,2958.8,4
2026-07-27T22:49:00+00:00,2958.8,2958.9,2958.8,2958.9,3
2026-07-27T22:50:00+00:00,2958.8,2959.0,2958.8,2959.0,4
2026-07-27T22:51:00+00:00,2959.4,2959.5,2959.4,2959.5,9
2026-07-27T22:52:00+00:00,2959.3,2959.4,2959.0,2959.0,6
2026-07-27T22:53:00+00:00,2959.0,2959.1,2959.0,2959.0,5
2026-07-27T22:54:00+00:00,2959.0,2959.1,2959.0,2959.0,5
2026-07-27T22:55:00+00:00,2959.0,2959.1,2959.0,2959.1,7
2026-07-27T22:56:00+00:00,2959.0,2959.0,2958.8,2958.9,12
2026-07-27T22:57:00+00:00,2958.6,2958.7,2958.5,2958.5,4
2026-07-27T22:58:00+00:00,2958.6,2958.8,2958.5,2958.5,11
2026-07-27T22:59:00+00:00,2958.6,2958.7,2958.3,2958.4,35
2026-07-27T23:00:00+00:00,2958.5,2958.6,2958.3,2958.3,18
2026-07-27T23:01:00+00:00,2958.2,2958.2,2957.2,2957.5,104
2026-07-27T23:02:00+00:00,2957.1,2957.2,2956.9,2957.1,21
2026-07-27T23:03:00+00:00,2957.0,2957.3,2956.8,2957.1,30
2026-07-27T23:04:00+00:00,2957.0,2957.3,2956.9,2957.3,8
2026-07-27T23:05:00+00:00,2957.3,2958.9,2957.3,2958.6,27
2026-07-27T23:06:00+00:00,2958.9,2959.4,2958.9,2959.2,88
2026-07-27T23:07:00+00:00,2959.1,2959.1,2959.1,2959.1,1
2026-07-27T23:08:00+00:00,2958.8,2958.8,2958.3,2958.6,6
2026-07-27T23:09:00+00:00,2958.5,2958.6,2958.5,2958.6,3
2026-07-27T23:10:00+00:00,2958.3,2958.4,2958.3,2958.4,2
2026-07-27T23:11:00+00:00,2958.6,2958.6,2958.6,2958.6,1
2026-07-27T23:12:00+00:00,2958.5,2958.5,2958.4,2958.4,8
2026-07-27T23:13:00+00:00,2958.7,2958.7,2958.6,2958.6,6
2026-07-27T23:14:00+00:00,2958.4,2958.4,2958.1,2958.1,3
2026-07-27T23:15:00+00:00,2958.3,2958.3,2957.7,2957.7,11
2026-07-27T23:16:00+00:00,2957.9,2957.9,2957.5,2957.7,14
2026-07-27T23:17:00+00:00,2957.7,2958.2,2957.7,2958.2,13
2026-07-27T23:18:00+00:00,2958.3,2958.3,2958.3,2958.3,1
2026-07-27T23:19:00+00:00,2958.6,2958.8,2958.4,2958.8,10
2026-07-27T23:20:00+00:00,2959.1,2959.4,2958.5,2958.5,26
2026-07-27T23:21:00+00:00,2958.5,2958.5,2958.5,2958.5,1
2026-07-27T23:22:00+00:00,2958.8,2958.8,2958.6,2958.7,5
2026-07-27T23:23:00+00:00,2959.0,2959.0,2959.0,2959.0,1
2026-07-27T23:24:00+00:00,2959.2,2959.3,2959.2,2959.3,5
2026-07-27T23:25:00+00:00,2959.2,2959.5,2959.1,2959.3,5
2026-07-27T23:26:00+00:00,2959.1,2959.2,2959.0,2959.0,10
2026-07-27T23:27:00+00:00,2959.3,2959.3,2959.3,2959.3,2
2026-07-27T23:28:00+00:00,2959.4,2960.0,2959.4,2959.7,20
2026-07-27T23:29:00+00:00,2960.0,2960.0,2959.9,2959.9,3
2026-07-27T23:30:00+00:00,2960.0,2960.0,2959.4,2959.5,16
2026-07-27T23:31:00+00:00,2959.6,2959.6,2959.4,2959.4,3
2026-07-27T23:32:00+00:00,2959.6,2959.7,2959.2,2959.4,7
2026-07-27T23:33:00+00:00,2959.4,2959.4,2959.2,2959.3,3
2026-07-27T23:34:00+00:00,2959.2,2959.6,2959.2,2959.6,14
2026-07-27T23:35:00+00:00,2959.4,2959.4,2959.1,2959.2,5
2026-07-27T23:36:00+00:00,2959.1,2959.6,2959.1,2959.6,2
2026-07-27T23:37:00+00:00,2959.4,2959.5,2959.3,2959.3,4
2026-07-27T23:38:00+00:00,2959.6,2959.6,2959.3,2959.3,2
2026-07-27T23:39:00+00:00,2959.3,2959.5,2959.3,2959.5,13
2026-07-27T23:40:00+00:00,2959.5,2959.7,2959.0,2959.0,29
2026-07-27T23:41:00+00:00,2959.0,2959.3,2959.0,2959.3,8
2026-07-27T23:42:00+00:00,2959.2,2959.2,2959.0,2959.0,4
2026-07-27T23:43:00+00:00,2959.2,2959.2,2959.1,2959.1,4
2026-07-27T23:44:00+00:00,2959.1,2959.1,2959.1,2959.1,2
2026-07-27T23:45:00+00:00,2958.8,2958.9,2958.5,2958.7,18
2026-07-27T23:46:00+00:00,2958.9,2959.0,2958.7,2958.7,6
2026-07-27T23:47:00+00:00,2958.1,2958.2,2957.7,2958.0,16
2026-07-27T23:48:00+00:00,2958.0,2958.1,2957.4,2957.4,8
2026-07-27T23:49:00+00:00,2957.4,2957.4,2956.8,2957.4,70
2026-07-27T23:50:00+00:00,2957.2,2957.8,2957.2,2957.7,32
2026-07-27T23:51:00+00:00,2958.2,2959.6,2958.2,2959.0,12
2026-07-27T23:52:00+00:00,2959.5,2959.8,2959.0,2959.2,14
2026-07-27T23:53:00+00:00,2959.8,2959.8,2959.7,2959.7,3
2026-07-27T23:54:00+00:00,2959.7,2959.8,2959.7,2959.7,6
2026-07-27T23:55:00+00:00,2960.0,2960.0,2959.6,2959.6,8
2026-07-27T23:56:00+00:00,2959.6,2959.6,2959.3,2959.3,4
2026-07-27T23:57:00+00:00,2959.5,2959.7,2959.3,2959.3,20
2026-07-27T23:58:00+00:00,2959.1,2959.2,2958.9,2959.1,12
2026-07-27T23:59:00+00:00,2959.0,2959.0,2958.4,2958.7,12
2026-07-28T00:00:00+00:00,2958.9,2960.1,2958.8,2959.2,47
2026-07-28T00:01:00+00:00,2958.6,2958.9,2958.0,2958.6,20
2026-07-28T00:02:00+00:00,2959.1,2959.4,2958.7,2959.2,9
2026-07-28T00:03:00+00:00,2959.1,2959.5,2957.9,2959.5,31
2026-07-28T00:04:00+00:00,2959.4,2959.6,2958.9,2958.9,16
2026-07-28T00:05:00+00:00,2958.8,2958.8,2956.6,2956.8,44
2026-07-28T00:06:00+00:00,2957.1,2957.7,2956.7,2957.6,30
2026-07-28T00:07:00+00:00,2957.4,2957.4,2956.0,2956.7,21
2026-07-28T00:08:00+00:00,2956.9,2956.9,2956.5,2956.5,39
2026-07-28T00:09:00+00:00,2956.7,2956.9,2956.3,2956.7,28
2026-07-28T00:10:00+00:00,2956.6,2956.7,2955.2,2955.5,49
2026-07-28T00:11:00+00:00,2955.2,2955.5,2954.4,2954.5,128
2026-07-28T00:12:00+00:00,2954.4,2955.6,2954.4,2955.2,41
2026-07-28T00:13:00+00:00,2955.1,2955.3,2954.6,2955.0,19
2026-07-28T00:14:00+00:00,2955.3,2956.5,2955.3,2956.5,41
2026-07-28T00:15:00+00:00,2956.6,2957.3,2955.9,2957.2,51
2026-07-28T00:16:00+00:00,2957.4,2957.4,2956.0,2956.1,11
2026-07-28T00:17:00+00:00,2955.8,2956.1,2955.5,2955.8,6
2026-07-28T00:18:00+00:00,2956.1,2956.6,2955.8,2955.8,10
2026-07-28T00:19:00+00:00,2955.6,2955.9,2955.5,2955.6,17
2026-07-28T00:20:00+00:00,2955.8,2956.2,2955.7,2955.9,20
2026-07-28T00:21:00+00:00,2955.9,2956.2,2955.0,2955.0,28
2026-07-28T00:22:00+00:00,2954.8,2954.8,2953.7,2954.3,71
2026-07-28T00:23:00+00:00,2954.4,2954.6,2954.2,2954.6,35
2026-07-28T00:24:00+00:00,2954.3,2955.0,2954.3,2954.9,32
2026-07-28T00:25:00+00:00,2955.1,2955.5,2954.7,2955.5,21
2026-07-28T00:26:00+00:00,2955.1,2955.1,2954.1,2954.1,17
2026-07-28T00:27:00+00:00,2954.1,2954.6,2953.8,2954.4,34
2026-07-28T00:28:00+00:00,2954.6,2955.6,2954.6,2954.6,19
2026-07-28T00:29:00+00:00,2954.6,2955.7,2954.6,2955.7,22
2026-07-28T00:30:00+00:00,2955.7,2956.2,2953.7,2953.8,86
2026-07-28T00:31:00+00:00,2953.8,2954.1,2953.0,2953.4,67
2026-07-28T00:32:00+00:00,2952.8,2953.2,2952.5,2953.1,44
2026-07-28T00:33:00+00:00,2953.1,2955.6,2953.1,2955.5,47
2026-07-28T00:34:00+00:00,2955.5,2955.8,2955.1,2955.1,18
2026-07-28T00:35:00+00:00,2955.4,2955.9,2955.1,2955.4,26
2026-07-28T00:36:00+00:00,2955.7,2955.8,2955.3,2955.3,22
2026-07-28T00:37:00+00:00,2955.9,2955.9,2955.0,2955.1,10
2026-07-28T00:38:00+00:00,2955.6,2955.6,2955.2,2955.2,13
2026-07-28T00:39:00+00:00,2955.4,2955.6,2955.1,2955.4,12
2026-07-28T00:40:00+00:00,2954.8,2955.2,2954.8,2955.2,3
2026-07-28T00:41:00+00:00,2955.2,2956.7,2955.2,2956.2,43
2026-07-28T00:42:00+00:00,2955.8,2955.9,2955.4,2955.9,7
2026-07-28T00:43:00+00:00,2956.3,2956.6,2956.3,2956.6,2
2026-07-28T00:44:00+00:00,2956.4,2956.4,2955.5,2955.6,5
2026-07-28T00:45:00+00:00,2955.3,2955.4,2955.0,2955.2,9
2026-07-28T00:46:00+00:00,2954.8,2954.9,2954.5,2954.9,7
2026-07-28T00:47:00+00:00,2954.7,2954.7,2953.9,2953.9,24
2026-07-28T00:48:00+00:00,2954.0,2954.0,2953.8,2953.9,7
2026-07-28T00:49:00+00:00,2954.1,2954.4,2953.7,2954.4,14
2026-07-28T00:50:00+00:00,2954.1,2954.1,2954.1,2954.1,1
2026-07-28T00:51:00+00:00,2954.7,2954.7,2954.0,2954.0,7
2026-07-28T00:52:00+00:00,2954.1,2954.5,2954.1,2954.2,17
2026-07-28T00:53:00+00:00,2954.2,2954.2,2953.9,2953.9,6
2026-07-28T00:54:00+00:00,2953.9,2953.9,2953.4,2953.6,29
2026-07-28T00:55:00+00:00,2953.6,2953.6,2953.3,2953.6,9
2026-07-28T00:56:00+00:00,2953.7,2953.7,2953.4,2953.4,12
2026-07-28T00:57:00+00:00,2953.5,2953.8,2953.0,2953.5,24
2026-07-28T00:58:00+00:00,2952.8,2952.9,2952.7,2952.7,14
2026-07-28T00:59:00+00:00,2952.6,2952.7,2951.6,2952.7,73
2026-07-28T01:00:00+00:00,2952.8,2953.0,2951.8,2952.1,48
2026-07-28T01:01:00+00:00,2952.0,2952.5,2951.5,2951.9,53
2026-07-28T01:02:00+00:00,2951.6,2952.4,2951.4,2951.9,74
2026-07-28T01:03:00+00:00,2952.1,2953.0,2951.9,2952.8,46
2026-07-28T01:04:00+00:00,2953.1,2953.1,2951.2,2951.4,39
2026-07-28T01:05:00+00:00,2951.3,2951.6,2951.2,2951.5,23
2026-07-28T01:06:00+00:00,2951.2,2951.2,2950.4,2950.6,40
2026-07-28T01:07:00+00:00,2950.7,2950.9,2950.3,2950.3,14
2026-07-28T01:08:00+00:00,2950.3,2950.8,2950.3,2950.6,15
2026-07-28T01:09:00+00:00,2950.3,2950.3,2949.7,2949.9,91
2026-07-28T01:10:00+00:00,2950.1,2950.2,2949.2,2949.2,38
2026-07-28T01:11:00+00:00,2949.3,2949.7,2948.8,2949.7,41
2026-07-28T01:12:00+00:00,2949.8,2949.8,2948.3,2948.4,46
2026-07-28T01:13:00+00:00,2948.4,2949.5,2948.3,2948.9,33
2026-07-28T01:14:00+00:00,2948.7,2949.2,2948.7,2948.9,26
2026-07-28T01:15:00+00:00,2949.0,2949.5,2948.9,2949.4,22
2026-07-28T01:16:00+00:00,2949.4,2949.5,2949.0,2949.0,26
2026-07-28T01:17:00+00:00,2948.9,2949.2,2948.7,2948.7,66
2026-07-28T01:18:00+00:00,2948.4,2948.7,2948.3,2948.6,27
2026-07-28T01:19:00+00:00,2948.9,2949.5,2948.9,2949.3,16
2026-07-28T01:20:00+00:00,2949.3,2949.5,2948.8,2949.4,38
2026-07-28T01:21:00+00:00,2949.4,2949.5,2948.9,2949.5,78
2026-07-28T01:22:00+00:00,2949.6,2949.7,2947.8,2947.8,100
2026-07-28T01:23:00+00:00,2947.9,2949.0,2947.9,2948.7,26
2026-07-28T01:24:00+00:00,2948.9,2949.2,2948.5,2949.2,16
2026-07-28T01:25:00+00:00,2949.2,2949.2,2948.8,2948.8,13
2026-07-28T01:26:00+00:00,2948.9,2950.1,2948.8,2950.1,24
2026-07-28T01:27:00+00:00,2950.0,2951.2,2949.9,2951.2,31
2026-07-28T01:28:00+00:00,2951.7,2953.4,2951.6,2953.0,96
2026-07-28T01:29:00+00:00,2952.9,2953.0,2952.3,2952.3,51
2026-07-28T01:30:00+00:00,2952.1,2952.4,2951.8,2952.3,58
2026-07-28T01:31:00+00:00,2952.2,2953.5,2952.2,2952.6,42
2026-07-28T01:32:00+00:00,2952.5,2952.6,2952.0,2952.5,22
2026-07-28T01:33:00+00:00,2952.3,2952.6,2952.0,2952.1,17
2026-07-28T01:34:00+00:00,2952.6,2954.1,2952.5,2954.1,19
2026-07-28T01:35:00+00:00,2954.1,2954.1,2953.5,2953.9,25
2026-07-28T01:36:00+00:00,2953.9,2954.8,2953.9,2954.4,30
2026-07-28T01:37:00+00:00,2954.4,2954.8,2954.3,2954.5,16
2026-07-28T01:38:00+00:00,2954.6,2954.6,2953.7,2954.0,39
2026-07-28T01:39:00+00:00,2953.8,2953.8,2953.0,2953.0,24
2026-07-28T01:40:00+00:00,2953.4,2953.4,2952.0,2952.5,36
2026-07-28T01:41:00+00:00,2953.0,2953.1,2952.6,2952.6,26
2026-07-28T01:42:00+00:00,2952.8,2952.8,2952.5,2952.5,9
2026-07-28T01:43:00+00:00,2952.4,2953.0,2952.4,2953.0,6
2026-07-28T01:44:00+00:00,2953.6,2954.2,2952.7,2954.0,17
2026-07-28T01:45:00+00:00,2953.9,2953.9,2953.9,2953.9,1
2026-07-28T01:46:00+00:00,2953.5,2954.9,2953.5,2954.5,32
2026-07-28T01:47:00+00:00,2954.1,2954.3,2953.8,2954.2,14
2026-07-28T01:48:00+00:00,2954.1,2954.7,2953.9,2954.4,22
2026-07-28T01:49:00+00:00,2954.5,2954.5,2954.3,2954.4,6
2026-07-28T01:50:00+00:00,2953.9,2953.9,2953.2,2953.3,9
2026-07-28T01:51:00+00:00,2953.2,2953.2,2952.3,2952.3,40
2026-07-28T01:52:00+00:00,2952.3,2952.4,2951.4,2951.5,29
2026-07-28T01:53:00+00:00,2951.5,2951.7,2951.0,2951.5,27
2026-07-28T01:54:00+00:00,2951.2,2951.2,2950.7,2951.1,16
2026-07-28T01:55:00+00:00,2951.3,2951.4,2951.2,2951.4,8
2026-07-28T01:56:00+00:00,2950.8,2951.0,2950.5,2950.9,21
2026-07-28T01:57:00+00:00,2950.7,2950.8,2950.7,2950.8,4
2026-07-28T01:58:00+00:00,2950.7,2951.2,2950.7,2951.2,9
2026-07-28T01:59:00+00:00,2951.1,2951.3,2951.1,2951.3,3
2026-07-28T02:00:00+00:00,2951.6,2951.9,2950.1,2950.1,34
2026-07-28T02:01:00+00:00,2950.5,2950.9,2950.5,2950.7,16
2026-07-28T02:02:00+00:00,2950.8,2951.0,2950.7,2950.8,18
2026-07-28T02:03:00+00:00,2950.7,2950.8,2949.8,2950.3,38
2026-07-28T02:04:00+00:00,2950.2,2950.3,2950.1,2950.2,4
2026-07-28T02:05:00+00:00,2950.7,2951.1,2950.4,2950.9,13
2026-07-28T02:06:00+00:00,2950.6,2950.7,2950.3,2950.7,16
2026-07-28T02:07:00+00:00,2950.0,2950.4,2949.9,2949.9,11
2026-07-28T02:08:00+00:00,2950.3,2950.4,2950.1,2950.1,15
2026-07-28T02:09:00+00:00,2950.2,2950.3,2950.0,2950.0,9
2026-07-28T02:10:00+00:00,2949.8,2949.9,2949.5,2949.9,10
2026-07-28T02:11:00+00:00,2950.0,2950.0,2949.9,2949.9,2
2026-07-28T02:12:00+00:00,2949.9,2949.9,2949.7,2949.9,5
2026-07-28T02:13:00+00:00,2949.5,2949.5,2948.9,2948.9,24
2026-07-28T02:14:00+00:00,2949.2,2950.1,2949.2,2949.4,10
2026-07-28T02:15:00+00:00,2949.3,2949.3,2948.8,2948.9,21
2026-07-28T02:16:00+00:00,2948.7,2948.7,2948.2,2948.4,45
2026-07-28T02:17:00+00:00,2948.8,2949.4,2948.8,2949.4,9
2026-07-28T02:18:00+00:00,2949.7,2949.7,2949.2,2949.3,9
2026-07-28T02:19:00+00:00,2949.3,2950.6,2949.3,2950.6,9
2026-07-28T02:20:00+00:00,2950.6,2951.4,2950.6,2951.2,11
2026-07-28T02:21:00+00:00,2951.3,2951.8,2951.0,2951.1,32
2026-07-28T02:22:00+00:00,2951.6,2951.6,2951.0,2951.2,5
2026-07-28T02:23:00+00:00,2951.3,2951.4,2950.7,2950.8,24
2026-07-28T02:24:00+00:00,2950.5,2951.4,2950.5,2951.4,11
2026-07-28T02:25:00+00:00,2951.2,2951.4,2951.0,2951.0,8
2026-07-28T02:26:00+00:00,2950.4,2950.4,2949.6,2949.6,12
2026-07-28T02:27:00+00:00,2949.2,2949.6,2949.2,2949.5,7
2026-07-28T02:28:00+00:00,2949.3,2950.1,2949.3,2950.1,5
2026-07-28T02:29:00+00:00,2949.5,2949.5,2949.5,2949.5,2
2026-07-28T02:30:00+00:00,2949.5,2949.5,2949.1,2949.2,11
2026-07-28T02:31:00+00:00,2949.6,2949.7,2949.1,2949.1,13
2026-07-28T02:32:00+00:00,2949.1,2949.4,2948.9,2949.4,4
2026-07-28T02:33:00+00:00,2949.4,2949.5,2948.1,2948.2,30
2026-07-28T02:34:00+00:00,2948.1,2949.1,2948.1,2948.9,24
2026-07-28T02:35:00+00:00,2948.9,2949.1,2948.9,2949.0,8
2026-07-28T02:36:00+00:00,2949.0,2949.4,2948.5,2949.4,5
2026-07-28T02:37:00+00:00,2949.2,2949.4,2948.6,2948.6,6
2026-07-28T02:38:00+00:00,2948.7,2949.9,2948.7,2949.6,14
2026-07-28T02:39:00+00:00,2949.4,2949.4,2948.9,2949.1,21
2026-07-28T02:40:00+00:00,2949.2,2949.2,2948.5,2948.5,6
2026-07-28T02:41:00+00:00,2948.4,2948.8,2948.4,2948.5,18
2026-07-28T02:42:00+00:00,2948.6,2948.9,2948.5,2948.5,10
2026-07-28T02:43:00+00:00,2948.6,2948.7,2948.2,2948.7,22
2026-07-28T02:44:00+00:00,2948.5,2948.5,2947.9,2948.2,26
2026-07-28T02:45:00+00:00,2948.1,2948.3,2947.8,2948.1,53
2026-07-28T02:46:00+00:00,2948.5,2948.9,2948.5,2948.5,10
2026-07-28T02:47:00+00:00,2948.2,2948.4,2947.8,2948.0,24
2026-07-28T02:48:00+00:00,2947.9,2947.9,2947.6,2947.6,17
2026-07-28T02:49:00+00:00,2947.7,2948.5,2947.7,2948.5,19
2026-07-28T02:50:00+00:00,2948.3,2949.3,2948.1,2948.4,58
2026-07-28T02:51:00+00:00,2948.3,2949.1,2948.2,2948.6,19
2026-07-28T02:52:00+00:00,2948.6,2949.4,2948.4,2949.3,13
2026-07-28T02:53:00+00:00,2949.2,2950.4,2949.2,2949.7,18
2026-07-28T02:54:00+00:00,2950.0,2950.0,2949.2,2949.3,19
2026-07-28T02:55:00+00:00,2949.5,2949.6,2949.4,2949.5,6
2026-07-28T02:56:00+00:00,2949.6,2949.7,2949.0,2949.2,31
2026-07-28T02:57:00+00:00,2948.9,2949.2,2948.9,2949.1,5
2026-07-28T02:58:00+00:00,2949.3,2949.5,2948.8,2949.4,8
2026-07-28T02:59:00+00:00,2949.0,2949.3,2949.0,2949.3,2
2026-07-28T03:00:00+00:00,2948.8,2948.8,2948.7,2948.8,9
2026-07-28T03:01:00+00:00,2948.2,2948.2,2947.7,2947.7,20
2026-07-28T03:02:00+00:00,2947.9,2948.7,2947.7,2948.3,36
2026-07-28T03:03:00+00:00,2948.3,2948.6,2948.3,2948.5,10
2026-07-28T03:04:00+00:00,2948.4,2948.4,2948.0,2948.4,21
2026-07-28T03:05:00+00:00,2948.3,2948.3,2947.5,2948.1,55
2026-07-28T03:06:00+00:00,2947.5,2947.9,2947.2,2947.9,29
2026-07-28T03:07:00+00:00,2948.0,2948.4,2948.0,2948.2,12
2026-07-28T03:08:00+00:00,2947.8,2947.8,2947.7,2947.7,3
2026-07-28T03:09:00+00:00,2947.5,2947.6,2947.5,2947.6,2
2026-07-28T03:10:00+00:00,2947.5,2948.0,2947.2,2947.4,48
2026-07-28T03:11:00+00:00,2947.2,2947.5,2947.0,2947.2,18
2026-07-28T03:12:00+00:00,2947.1,2948.0,2947.1,2947.9,17
2026-07-28T03:13:00+00:00,2947.8,2949.1,2947.8,2949.1,11
2026-07-28T03:14:00+00:00,2949.1,2949.2,2948.9,2949.2,3
2026-07-28T03:15:00+00:00,2948.9,2949.8,2948.9,2949.7,9
2026-07-28T03:16:00+00:00,2949.7,2950.0,2949.7,2949.7,7
2026-07-28T03:17:00+00:00,2950.0,2951.1,2949.9,2951.1,15
2026-07-28T03:18:00+00:00,2950.7,2951.8,2950.7,2951.4,34
2026-07-28T03:19:00+00:00,2951.2,2951.7,2951.2,2951.5,14
2026-07-28T03:20:00+00:00,2951.9,2952.7,2951.9,2952.2,12
2026-07-28T03:21:00+00:00,2952.0,2952.5,2951.8,2952.5,14
2026-07-28T03:22:00+00:00,2952.6,2952.7,2952.3,2952.5,10
2026-07-28T03:23:00+00:00,2952.2,2952.8,2952.2,2952.3,6
2026-07-28T03:24:00+00:00,2952.5,2952.9,2952.5,2952.6,7
2026-07-28T03:25:00+00:00,2952.5,2953.1,2952.5,2952.6,16
2026-07-28T03:26:00+00:00,2952.1,2952.1,2951.1,2951.1,21
2026-07-28T03:27:00+00:00,2950.7,2950.7,2950.1,2950.2,37
2026-07-28T03:28:00+00:00,2950.0,2950.0,2949.1,2949.1,53
2026-07-28T03:29:00+00:00,2949.3,2949.5,2949.2,2949.5,11
2026-07-28T03:30:00+00:00,2949.6,2950.0,2948.6,2949.0,32
2026-07-28T03:31:00+00:00,2948.7,2948.9,2948.4,2948.9,10
2026-07-28T03:32:00+00:00,2949.2,2950.7,2949.2,2950.2,28
2026-07-28T03:33:00+00:00,2950.8,2952.3,2950.8,2952.0,34
2026-07-28T03:34:00+00:00,2952.2,2952.6,2952.1,2952.4,24
2026-07-28T03:35:00+00:00,2952.0,2952.0,2951.9,2951.9,4
2026-07-28T03:36:00+00:00,2951.7,2952.0,2951.7,2952.0,5
2026-07-28T03:37:00+00:00,2952.8,2953.0,2952.7,2953.0,9
2026-07-28T03:38:00+00:00,2953.2,2953.9,2953.2,2953.9,21
2026-07-28T03:39:00+00:00,2954.0,2954.2,2953.9,2954.0,22
2026-07-28T03:40:00+00:00,2954.5,2955.8,2954.5,2955.8,34
2026-07-28T03:41:00+00:00,2955.1,2955.3,2954.0,2954.0,30
2026-07-28T03:42:00+00:00,2954.0,2954.1,2953.3,2954.1,32
2026-07-28T03:43:00+00:00,2954.0,2955.0,2954.0,2955.0,6
2026-07-28T03:44:00+00:00,2955.2,2955.5,2955.2,2955.5,3
2026-07-28T03:45:00+00:00,2955.6,2956.3,2955.6,2955.9,53
2026-07-28T03:46:00+00:00,2955.6,2955.6,2954.9,2954.9,10
2026-07-28T03:47:00+00:00,2954.8,2955.5,2954.8,2955.5,4
2026-07-28T03:48:00+00:00,2955.2,2956.3,2955.1,2956.3,9
2026-07-28T03:49:00+00:00,2956.5,2956.8,2955.8,2956.6,22
2026-07-28T03:50:00+00:00,2956.5,2956.6,2956.5,2956.5,20
2026-07-28T03:51:00+00:00,2956.0,2956.1,2955.6,2956.0,19
2026-07-28T03:52:00+00:00,2955.8,2955.8,2955.2,2955.2,6
2026-07-28T03:53:00+00:00,2955.1,2956.5,2955.1,2956.3,22
2026-07-28T03:54:00+00:00,2956.1,2956.3,2955.6,2956.3,22
2026-07-28T03:55:00+00:00,2955.7,2955.7,2954.8,2955.0,14
2026-07-28T03:56:00+00:00,2955.1,2955.3,2954.9,2955.3,14
2026-07-28T03:57:00+00:00,2956.1,2956.1,2955.8,2955.8,7
2026-07-28T03:58:00+00:00,2955.8,2956.9,2955.8,2956.9,11
2026-07-28T03:59:00+00:00,2956.9,2957.0,2956.7,2957.0,8
2026-07-28T04:00:00+00:00,2956.5,2956.7,2956.1,2956.5,34
2026-07-28T04:01:00+00:00,2956.5,2956.7,2956.0,2956.4,29
2026-07-28T04:02:00+00:00,2956.4,2956.5,2956.4,2956.5,2
2026-07-28T04:03:00+00:00,2956.2,2956.2,2956.1,2956.1,9
2026-07-28T04:04:00+00:00,2955.7,2955.7,2955.7,2955.7,2
2026-07-28T04:05:00+00:00,2955.7,2955.7,2955.3,2955.4,15
2026-07-28T04:06:00+00:00,2955.7,2955.8,2955.2,2955.8,52
2026-07-28T04:07:00+00:00,2955.6,2955.6,2955.1,2955.1,7
2026-07-28T04:08:00+00:00,2955.2,2955.2,2955.0,2955.1,7
2026-07-28T04:09:00+00:00,2955.0,2955.1,2954.8,2954.9,5
2026-07-28T04:10:00+00:00,2954.6,2954.7,2954.3,2954.5,10
2026-07-28T04:11:00+00:00,2954.4,2954.7,2954.3,2954.7,5
2026-07-28T04:12:00+00:00,2954.0,2954.0,2953.3,2953.4,12
2026-07-28T04:13:00+00:00,2953.7,2953.7,2953.4,2953.4,12
2026-07-28T04:14:00+00:00,2953.5,2953.5,2952.5,2952.8,12
2026-07-28T04:15:00+00:00,2952.6,2953.1,2952.4,2953.1,6
2026-07-28T04:16:00+00:00,2953.5,2953.7,2953.1,2953.5,11
2026-07-28T04:17:00+00:00,2953.9,2953.9,2953.9,2953.9,1
2026-07-28T04:18:00+00:00,2953.8,2954.2,2953.7,2954.2,3
2026-07-28T04:19:00+00:00,2954.4,2955.0,2954.3,2955.0,7
2026-07-28T04:20:00+00:00,2955.0,2955.2,2954.2,2954.2,11
2026-07-28T04:21:00+00:00,2953.8,2954.0,2953.7,2953.8,11
2026-07-28T04:22:00+00:00,2953.7,2953.7,2953.5,2953.5,2
2026-07-28T04:23:00+00:00,2954.0,2954.0,2953.9,2953.9,5
2026-07-28T04:24:00+00:00,2953.5,2953.5,2952.9,2953.1,8
2026-07-28T04:25:00+00:00,2953.3,2953.6,2953.2,2953.5,4
2026-07-28T04:26:00+00:00,2953.3,2953.4,2953.1,2953.4,10
2026-07-28T04:27:00+00:00,2954.0,2954.0,2953.5,2953.5,10
2026-07-28T04:28:00+00:00,2953.8,2953.8,2953.7,2953.7,3
2026-07-28T04:29:00+00:00,2953.9,2954.0,2953.6,2953.6,6
2026-07-28T04:30:00+00:00,2953.7,2953.7,2953.1,2953.1,8
2026-07-28T04:31:00+00:00,2953.3,2953.8,2953.3,2953.8,6
2026-07-28T04:32:00+00:00,2953.3,2953.4,2953.2,2953.2,8
2026-07-28T04:33:00+00:00,2953.3,2953.6,2953.3,2953.6,2
2026-07-28T04:34:00+00:00,2953.7,2953.8,2953.7,2953.8,2
2026-07-28T04:35:00+00:00,2953.9,2954.0,2953.9,2953.9,11
2026-07-28T04:36:00+00:00,2953.7,2953.7,2953.5,2953.5,2
2026-07-28T04:37:00+00:00,2953.6,2953.6,2953.5,2953.5,2
2026-07-28T04:38:00+00:00,2953.4,2953.7,2953.3,2953.7,10
2026-07-28T04:39:00+00:00,2954.1,2954.2,2953.8,2953.9,9
2026-07-28T04:40:00+00:00,2954.1,2954.1,2953.5,2953.9,9
2026-07-28T04:41:00+00:00,2954.6,2954.8,2954.5,2954.5,5
2026-07-28T04:42:00+00:00,2954.6,2954.6,2954.4,2954.4,3
2026-07-28T04:43:00+00:00,2954.1,2954.1,2954.0,2954.0,2
2026-07-28T04:44:00+00:00,2954.1,2954.5,2954.1,2954.5,3
2026-07-28T04:45:00+00:00,2954.5,2954.7,2954.3,2954.7,9
2026-07-28T04:46:00+00:00,2955.0,2955.6,2955.0,2955.6,24
2026-07-28T04:47:00+00:00,2955.3,2955.7,2955.1,2955.1,35
2026-07-28T04:48:00+00:00,2954.8,2955.0,2954.3,2954.3,19
2026-07-28T04:49:00+00:00,2954.9,2955.0,2954.9,2955.0,2
2026-07-28T04:50:00+00:00,2954.7,2954.7,2954.2,2954.3,9
2026-07-28T04:51:00+00:00,2954.6,2954.6,2954.3,2954.3,3
2026-07-28T04:52:00+00:00,2954.5,2954.5,2954.0,2954.0,5
2026-07-28T04:53:00+00:00,2954.0,2954.0,2953.4,2953.4,7
2026-07-28T04:54:00+00:00,2953.4,2953.5,2953.3,2953.5,6
2026-07-28T04:56:00+00:00,2953.6,2953.6,2953.3,2953.6,9
2026-07-28T04:57:00+00:00,2953.0,2953.0,2952.5,2952.6,7
2026-07-28T04:58:00+00:00,2952.7,2952.7,2952.3,2952.3,16
2026-07-28T04:59:00+00:00,2952.3,2952.5,2951.6,2952.5,49
2026-07-28T05:00:00+00:00,2952.3,2953.5,2952.1,2953.5,12
2026-07-28T05:01:00+00:00,2953.8,2953.9,2953.5,2953.9,13
2026-07-28T05:02:00+00:00,2954.1,2954.1,2953.7,2953.7,2
2026-07-28T05:03:00+00:00,2954.1,2954.2,2954.1,2954.2,8
2026-07-28T05:04:00+00:00,2953.9,2954.3,2953.8,2953.8,6
2026-07-28T05:05:00+00:00,2953.5,2953.8,2953.5,2953.6,8
2026-07-28T05:06:00+00:00,2953.2,2953.2,2952.5,2952.9,8
2026-07-28T05:07:00+00:00,2952.8,2953.7,2952.8,2953.6,14
2026-07-28T05:08:00+00:00,2953.7,2954.0,2953.5,2953.5,6
2026-07-28T05:09:00+00:00,2953.6,2953.6,2953.6,2953.6,1
2026-07-28T05:10:00+00:00,2953.9,2953.9,2953.7,2953.7,3
2026-07-28T05:11:00+00:00,2953.9,2953.9,2953.7,2953.7,4
2026-07-28T05:12:00+00:00,2953.5,2953.8,2953.5,2953.6,8
2026-07-28T05:13:00+00:00,2953.2,2953.2,2953.2,2953.2,3
2026-07-28T05:14:00+00:00,2953.1,2953.1,2952.9,2953.0,6
2026-07-28T05:15:00+00:00,2953.0,2953.4,2953.0,2953.4,2
2026-07-28T05:16:00+00:00,2953.2,2953.7,2953.1,2953.7,4
2026-07-28T05:17:00+00:00,2953.8,2953.9,2953.7,2953.9,8
2026-07-28T05:18:00+00:00,2953.4,2953.8,2953.3,2953.5,13
2026-07-28T05:19:00+00:00,2953.6,2953.6,2953.6,2953.6,2
2026-07-28T05:20:00+00:00,2953.0,2953.3,2952.9,2953.3,17
2026-07-28T05:21:00+00:00,2953.4,2953.4,2953.2,2953.2,4
2026-07-28T05:22:00+00:00,2952.9,2952.9,2952.7,2952.7,3
2026-07-28T05:23:00+00:00,2952.5,2952.6,2952.5,2952.6,6
2026-07-28T05:24:00+00:00,2953.4,2953.4,2953.4,2953.4,4
2026-07-28T05:25:00+00:00,2953.2,2953.2,2952.7,2952.7,3
2026-07-28T05:26:00+00:00,2952.3,2952.3,2952.1,2952.3,9
2026-07-28T05:27:00+00:00,2952.7,2952.9,2952.7,2952.8,5
2026-07-28T05:28:00+00:00,2952.8,2952.9,2952.8,2952.9,2
2026-07-28T05:29:00+00:00,2953.0,2953.2,2953.0,2953.2,3
2026-07-28T05:30:00+00:00,2953.0,2953.0,2951.6,2951.6,18
2026-07-28T05:31:00+00:00,2951.5,2951.5,2950.8,2951.0,33
2026-07-28T05:32:00+00:00,2951.0,2951.0,2950.3,2950.3,25
2026-07-28T05:33:00+00:00,2950.8,2950.8,2950.2,2950.4,25
2026-07-28T05:34:00+00:00,2950.4,2950.6,2950.4,2950.6,8
2026-07-28T05:35:00+00:00,2950.4,2950.8,2949.7,2950.4,36
2026-07-28T05:36:00+00:00,2950.2,2950.4,2950.2,2950.3,11
2026-07-28T05:37:00+00:00,2950.9,2952.3,2950.8,2952.3,27
2026-07-28T05:38:00+00:00,2952.3,2952.3,2951.4,2951.4,7
2026-07-28T05:39:00+00:00,2950.8,2951.3,2950.8,2951.1,17
2026-07-28T05:40:00+00:00,2951.4,2951.5,2950.7,2950.7,18
2026-07-28T05:41:00+00:00,2950.7,2950.8,2950.3,2950.3,7
2026-07-28T05:42:00+00:00,2950.7,2950.7,2950.5,2950.5,13
2026-07-28T05:43:00+00:00,2950.5,2950.7,2950.4,2950.7,13
2026-07-28T05:44:00+00:00,2950.6,2951.1,2950.4,2951.1,15
2026-07-28T05:45:00+00:00,2951.0,2951.5,2950.9,2951.5,6
2026-07-28T05:46:00+00:00,2951.5,2951.5,2951.4,2951.5,3
2026-07-28T05:47:00+00:00,2951.3,2951.9,2951.3,2951.7,5
2026-07-28T05:48:00+00:00,2951.5,2951.5,2951.4,2951.4,13
2026-07-28T05:49:00+00:00,2951.4,2951.6,2951.3,2951.6,10
2026-07-28T05:50:00+00:00,2951.2,2951.2,2951.2,2951.2,2
2026-07-28T05:51:00+00:00,2951.7,2952.7,2951.7,2952.0,16
2026-07-28T05:52:00+00:00,2952.0,2952.1,2952.0,2952.1,10
2026-07-28T05:53:00+00:00,2952.5,2952.7,2952.5,2952.7,6
2026-07-28T05:54:00+00:00,2952.4,2952.4,2952.2,2952.3,15
2026-07-28T05:55:00+00:00,2952.6,2952.6,2951.9,2951.9,4
2026-07-28T05:57:00+00:00,2951.3,2951.3,2950.4,2950.4,8
2026-07-28T05:58:00+00:00,2950.7,2950.7,2950.4,2950.4,3
2026-07-28T05:59:00+00:00,2950.4,2950.8,2950.4,2950.8,8
2026-07-28T06:00:00+00:00,2951.1,2952.3,2951.1,2952.2,7
2026-07-28T06:01:00+00:00,2952.4,2952.8,2952.4,2952.8,12
2026-07-28T06:02:00+00:00,2952.6,2952.6,2952.0,2952.1,15
2026-07-28T06:03:00+00:00,2951.7,2951.7,2951.7,2951.7,2
2026-07-28T06:04:00+00:00,2951.6,2951.6,2950.6,2950.7,28
2026-07-28T06:05:00+00:00,2950.5,2950.8,2950.4,2950.7,10
2026-07-28T06:06:00+00:00,2950.8,2951.6,2950.8,2951.5,14
2026-07-28T06:07:00+00:00,2952.2,2952.3,2952.1,2952.3,14
2026-07-28T06:08:00+00:00,2952.2,2952.4,2951.9,2952.3,8
2026-07-28T06:09:00+00:00,2952.8,2952.8,2951.6,2951.6,31
2026-07-28T06:10:00+00:00,2951.9,2952.3,2951.0,2951.0,22
2026-07-28T06:11:00+00:00,2951.4,2951.4,2951.2,2951.2,5
2026-07-28T06:12:00+00:00,2951.3,2951.3,2951.1,2951.1,6
2026-07-28T06:13:00+00:00,2951.1,2952.1,2951.1,2952.1,14
2026-07-28T06:14:00+00:00,2952.2,2952.6,2952.1,2952.3,11
2026-07-28T06:15:00+00:00,2952.4,2953.6,2952.4,2953.6,10
2026-07-28T06:16:00+00:00,2953.2,2953.4,2953.0,2953.0,36
2026-07-28T06:17:00+00:00,2953.2,2954.4,2953.2,2953.7,16
2026-07-28T06:18:00+00:00,2953.5,2953.5,2953.2,2953.2,8
2026-07-28T06:19:00+00:00,2953.6,2953.8,2953.5,2953.5,3
2026-07-28T06:20:00+00:00,2953.9,2953.9,2952.5,2952.9,81
2026-07-28T06:21:00+00:00,2953.1,2953.7,2953.1,2953.6,12
2026-07-28T06:22:00+00:00,2953.8,2954.0,2953.7,2953.9,13
2026-07-28T06:23:00+00:00,2953.3,2953.3,2951.8,2951.9,16
2026-07-28T06:24:00+00:00,2951.7,2952.6,2950.8,2952.0,90
2026-07-28T06:25:00+00:00,2951.9,2952.6,2951.5,2952.5,35
2026-07-28T06:26:00+00:00,2952.6,2953.6,2952.4,2952.7,46
2026-07-28T06:27:00+00:00,2952.6,2952.6,2952.1,2952.3,8
2026-07-28T06:28:00+00:00,2952.4,2953.6,2952.4,2953.6,13
2026-07-28T06:29:00+00:00,2953.5,2953.6,2953.1,2953.2,18
2026-07-28T06:30:00+00:00,2953.2,2953.2,2952.6,2952.8,17
2026-07-28T06:31:00+00:00,2953.2,2953.7,2953.2,2953.7,5
2026-07-28T06:32:00+00:00,2954.0,2954.1,2953.5,2953.5,15
2026-07-28T06:33:00+00:00,2952.8,2954.3,2952.8,2954.2,23
2026-07-28T06:34:00+00:00,2954.1,2954.5,2954.1,2954.5,21
2026-07-28T06:35:00+00:00,2954.7,2955.6,2954.5,2955.6,21
2026-07-28T06:36:00+00:00,2955.8,2956.6,2955.6,2956.6,29
2026-07-28T06:37:00+00:00,2956.7,2956.7,2954.5,2954.5,18
2026-07-28T06:38:00+00:00,2954.7,2955.1,2954.5,2954.5,27
2026-07-28T06:39:00+00:00,2954.6,2955.5,2954.6,2955.5,7
2026-07-28T06:40:00+00:00,2955.8,2955.9,2955.5,2955.9,11
2026-07-28T06:41:00+00:00,2956.1,2956.2,2956.0,2956.0,5
2026-07-28T06:42:00+00:00,2956.1,2956.1,2955.4,2955.7,5
2026-07-28T06:43:00+00:00,2955.9,2956.1,2955.9,2956.1,4
2026-07-28T06:44:00+00:00,2955.8,2956.0,2955.7,2955.7,3
2026-07-28T06:45:00+00:00,2955.3,2955.7,2955.2,2955.4,35
2026-07-28T06:46:00+00:00,2954.7,2954.8,2954.5,2954.8,20
2026-07-28T06:47:00+00:00,2954.8,2954.9,2953.9,2953.9,7
2026-07-28T06:48:00+00:00,2954.3,2954.4,2954.0,2954.1,12
2026-07-28T06:49:00+00:00,2954.1,2954.1,2954.0,2954.1,4
2026-07-28T06:50:00+00:00,2954.0,2954.2,2953.7,2954.2,16
2026-07-28T06:51:00+00:00,2954.2,2954.2,2953.6,2953.8,13
2026-07-28T06:52:00+00:00,2953.7,2954.1,2953.6,2953.6,7
2026-07-28T06:53:00+00:00,2953.4,2954.5,2953.4,2954.4,10
2026-07-28T06:54:00+00:00,2954.5,2954.6,2954.5,2954.6,11
2026-07-28T06:55:00+00:00,2954.8,2955.2,2954.6,2955.2,6
2026-07-28T06:56:00+00:00,2954.9,2954.9,2954.8,2954.8,5
2026-07-28T06:57:00+00:00,2955.6,2956.5,2955.6,2956.5,9
2026-07-28T06:58:00+00:00,2956.3,2956.7,2956.2,2956.5,38
2026-07-28T06:59:00+00:00,2956.4,2956.5,2955.9,2956.0,15
2026-07-28T07:00:00+00:00,2956.0,2957.3,2956.0,2957.2,32
2026-07-28T07:01:00+00:00,2956.8,2957.5,2956.5,2957.3,28
2026-07-28T07:02:00+00:00,2957.2,2957.4,2956.4,2956.4,26
2026-07-28T07:03:00+00:00,2956.6,2956.6,2955.8,2956.1,15
2026-07-28T07:04:00+00:00,2955.6,2956.0,2955.2,2955.5,12
2026-07-28T07:05:00+00:00,2955.8,2956.0,2955.5,2955.8,24
2026-07-28T07:06:00+00:00,2955.4,2955.4,2955.4,2955.4,1
2026-07-28T07:07:00+00:00,2955.4,2956.1,2955.4,2955.7,55
2026-07-28T07:08:00+00:00,2955.5,2957.2,2955.5,2957.2,18
2026-07-28T07:09:00+00:00,2956.9,2957.6,2956.9,2957.2,17
2026-07-28T07:10:00+00:00,2956.9,2957.1,2956.9,2956.9,7
2026-07-28T07:11:00+00:00,2956.2,2956.4,2956.1,2956.1,14
2026-07-28T07:12:00+00:00,2956.8,2957.1,2956.6,2956.8,20
2026-07-28T07:13:00+00:00,2956.4,2956.5,2956.3,2956.5,4
2026-07-28T07:14:00+00:00,2956.5,2956.7,2956.2,2956.2,7
2026-07-28T07:15:00+00:00,2956.1,2957.3,2956.1,2956.9,23
2026-07-28T07:16:00+00:00,2956.8,2957.7,2956.8,2957.5,18
2026-07-28T07:17:00+00:00,2957.5,2957.8,2957.4,2957.4,11
2026-07-28T07:18:00+00:00,2957.7,2957.9,2957.7,2957.9,3
2026-07-28T07:19:00+00:00,2957.9,2958.2,2957.0,2957.0,9
2026-07-28T07:20:00+00:00,2957.2,2957.7,2957.2,2957.5,17
2026-07-28T07:21:00+00:00,2957.6,2958.6,2957.6,2958.3,14
2026-07-28T07:22:00+00:00,2958.3,2959.0,2958.0,2958.8,20
2026-07-28T07:23:00+00:00,2959.1,2959.2,2957.9,2958.0,30
2026-07-28T07:24:00+00:00,2957.9,2958.0,2957.7,2958.0,11
2026-07-28T07:25:00+00:00,2958.1,2958.7,2958.0,2958.5,13
2026-07-28T07:26:00+00:00,2958.7,2959.1,2958.7,2958.8,8
2026-07-28T07:27:00+00:00,2958.6,2958.6,2958.5,2958.5,2
2026-07-28T07:28:00+00:00,2957.7,2958.0,2957.5,2957.6,23
2026-07-28T07:29:00+00:00,2957.5,2957.9,2957.5,2957.9,4
2026-07-28T07:30:00+00:00,2957.8,2957.8,2957.5,2957.5,9
2026-07-28T07:31:00+00:00,2957.4,2957.4,2957.4,2957.4,7
2026-07-28T07:32:00+00:00,2957.5,2957.8,2957.3,2957.7,23
2026-07-28T07:33:00+00:00,2957.5,2957.7,2957.3,2957.6,10
2026-07-28T07:34:00+00:00,2957.8,2957.8,2957.7,2957.7,4
2026-07-28T07:35:00+00:00,2957.3,2957.8,2957.3,2957.8,3
2026-07-28T07:36:00+00:00,2957.7,2957.8,2957.6,2957.8,11
2026-07-28T07:37:00+00:00,2958.0,2958.0,2956.7,2956.9,7
2026-07-28T07:38:00+00:00,2956.9,2956.9,2956.8,2956.8,3
2026-07-28T07:39:00+00:00,2956.9,2957.9,2956.8,2957.9,21
2026-07-28T07:40:00+00:00,2957.9,2958.0,2957.8,2958.0,4
2026-07-28T07:42:00+00:00,2957.6,2957.8,2957.1,2957.2,39
2026-07-28T07:43:00+00:00,2957.1,2957.1,2956.8,2956.8,6
2026-07-28T07:44:00+00:00,2956.7,2956.7,2955.8,2955.8,10
2026-07-28T07:45:00+00:00,2955.9,2956.2,2955.3,2955.5,16
2026-07-28T07:46:00+00:00,2955.3,2955.3,2955.0,2955.3,18
2026-07-28T07:47:00+00:00,2955.5,2955.5,2954.9,2955.1,23
2026-07-28T07:48:00+00:00,2955.4,2955.4,2954.6,2954.6,9
2026-07-28T07:49:00+00:00,2954.8,2954.8,2954.4,2954.4,8
2026-07-28T07:50:00+00:00,2955.0,2955.4,2954.7,2955.1,16
2026-07-28T07:51:00+00:00,2954.9,2955.9,2954.7,2955.9,43
2026-07-28T07:52:00+00:00,2955.7,2957.3,2955.7,2957.3,16
2026-07-28T07:53:00+00:00,2957.2,2957.2,2956.2,2956.2,9
2026-07-28T07:54:00+00:00,2956.9,2957.2,2956.9,2957.2,13
2026-07-28T07:55:00+00:00,2956.9,2957.3,2956.6,2957.3,4
2026-07-28T07:56:00+00:00,2956.6,2957.0,2956.2,2956.3,24
2026-07-28T07:57:00+00:00,2955.8,2955.8,2955.7,2955.7,2
2026-07-28T07:58:00+00:00,2955.5,2955.5,2954.9,2955.1,13
2026-07-28T07:59:00+00:00,2955.2,2955.5,2955.2,2955.4,13
2026-07-28T08:00:00+00:00,2955.3,2955.4,2953.5,2953.8,47
2026-07-28T08:01:00+00:00,2953.9,2955.0,2953.9,2954.3,29
2026-07-28T08:02:00+00:00,2954.2,2956.4,2954.2,2956.3,22
2026-07-28T08:03:00+00:00,2956.1,2956.4,2955.6,2955.8,18
2026-07-28T08:04:00+00:00,2955.2,2955.3,2955.0,2955.0,8
2026-07-28T08:05:00+00:00,2955.4,2955.4,2954.9,2954.9,28
2026-07-28T08:06:00+00:00,2954.9,2955.5,2954.6,2955.2,34
2026-07-28T08:07:00+00:00,2955.0,2955.3,2953.7,2954.2,28
2026-07-28T08:08:00+00:00,2953.9,2954.3,2953.3,2953.3,22
2026-07-28T08:09:00+00:00,2953.2,2953.4,2952.7,2952.8,56
2026-07-28T08:10:00+00:00,2952.2,2952.4,2951.6,2951.6,30
2026-07-28T08:11:00+00:00,2951.4,2951.9,2951.2,2951.2,19
2026-07-28T08:12:00+00:00,2951.2,2952.2,2951.2,2951.3,27
2026-07-28T08:13:00+00:00,2951.6,2951.8,2951.2,2951.8,11
2026-07-28T08:14:00+00:00,2951.7,2951.7,2951.3,2951.6,25
2026-07-28T08:15:00+00:00,2951.6,2953.3,2951.2,2953.3,36
2026-07-28T08:16:00+00:00,2954.1,2954.1,2952.8,2953.2,22
2026-07-28T08:17:00+00:00,2953.2,2953.4,2952.8,2952.9,13
2026-07-28T08:18:00+00:00,2952.9,2953.5,2952.6,2953.1,29
2026-07-28T08:19:00+00:00,2953.7,2955.1,2953.7,2954.8,35
2026-07-28T08:20:00+00:00,2954.6,2956.4,2954.6,2956.3,23
2026-07-28T08:21:00+00:00,2956.3,2957.5,2956.3,2956.8,30
2026-07-28T08:22:00+00:00,2956.5,2956.8,2956.5,2956.6,10
2026-07-28T08:24:00+00:00,2957.3,2959.4,2957.3,2958.6,50
2026-07-28T08:25:00+00:00,2958.6,2958.6,2957.4,2957.4,8
2026-07-28T08:26:00+00:00,2957.4,2957.8,2957.2,2957.4,25
2026-07-28T08:27:00+00:00,2958.0,2958.7,2958.0,2958.6,13
2026-07-28T08:28:00+00:00,2958.7,2958.7,2958.3,2958.3,11
2026-07-28T08:29:00+00:00,2958.7,2959.1,2958.6,2959.1,31
2026-07-28T08:30:00+00:00,2959.3,2959.3,2957.1,2957.3,22
2026-07-28T08:31:00+00:00,2957.2,2958.0,2956.8,2957.7,18
2026-07-28T08:32:00+00:00,2957.9,2957.9,2957.3,2957.3,8
2026-07-28T08:33:00+00:00,2957.3,2958.6,2957.3,2958.6,19
2026-07-28T08:34:00+00:00,2958.1,2959.7,2958.1,2959.7,22
2026-07-28T08:35:00+00:00,2959.7,2959.7,2959.0,2959.2,15
2026-07-28T08:36:00+00:00,2958.8,2958.8,2958.3,2958.6,5
2026-07-28T08:37:00+00:00,2958.7,2959.0,2958.2,2959.0,14
2026-07-28T08:38:00+00:00,2959.2,2960.0,2959.2,2959.9,35
2026-07-28T08:39:00+00:00,2959.6,2959.6,2958.8,2959.1,6
2026-07-28T08:40:00+00:00,2959.3,2960.5,2959.2,2960.5,16
2026-07-28T08:41:00+00:00,2960.4,2960.4,2960.1,2960.1,18
2026-07-28T08:42:00+00:00,2960.2,2960.2,2959.6,2960.0,29
2026-07-28T08:43:00+00:00,2960.2,2960.2,2960.1,2960.2,4
2026-07-28T08:44:00+00:00,2960.2,2960.2,2959.6,2959.9,35
2026-07-28T08:45:00+00:00,2959.8,2960.5,2959.8,2960.3,32
2026-07-28T08:46:00+00:00,2960.2,2961.2,2960.2,2961.2,33
2026-07-28T08:47:00+00:00,2960.8,2962.5,2960.6,2961.8,92
2026-07-28T08:48:00+00:00,2961.9,2962.2,2961.5,2961.8,27
2026-07-28T08:49:00+00:00,2961.7,2962.0,2961.6,2961.9,16
2026-07-28T08:50:00+00:00,2961.9,2962.7,2961.7,2962.4,76
2026-07-28T08:51:00+00:00,2962.2,2962.2,2961.2,2961.2,22
2026-07-28T08:52:00+00:00,2961.2,2961.5,2961.2,2961.4,17
2026-07-28T08:53:00+00:00,2960.9,2961.0,2960.6,2960.6,14
2026-07-28T08:54:00+00:00,2960.2,2960.6,2959.9,2959.9,19
2026-07-28T08:55:00+00:00,2959.9,2959.9,2958.7,2958.8,48
2026-07-28T08:56:00+00:00,2959.0,2959.1,2958.7,2958.7,18
2026-07-28T08:57:00+00:00,2958.9,2959.0,2958.7,2958.9,9
2026-07-28T08:58:00+00:00,2959.0,2959.1,2958.9,2959.1,6
2026-07-28T08:59:00+00:00,2959.4,2959.6,2959.1,2959.4,21
2026-07-28T09:00:00+00:00,2959.1,2959.4,2959.0,2959.3,21
2026-07-28T09:01:00+00:00,2959.5,2960.2,2959.5,2960.2,12
2026-07-28T09:02:00+00:00,2960.0,2960.1,2959.3,2959.7,8
2026-07-28T09:03:00+00:00,2959.7,2959.7,2959.5,2959.5,2
2026-07-28T09:04:00+00:00,2959.2,2959.3,2958.9,2959.3,10
2026-07-28T09:05:00+00:00,2959.7,2959.7,2959.6,2959.6,2
2026-07-28T09:06:00+00:00,2959.6,2960.2,2959.6,2959.8,34
2026-07-28T09:07:00+00:00,2959.8,2959.9,2959.4,2959.4,8
2026-07-28T09:08:00+00:00,2960.2,2960.2,2959.8,2959.8,3
2026-07-28T09:09:00+00:00,2959.5,2959.8,2959.5,2959.7,14
2026-07-28T09:10:00+00:00,2960.0,2960.3,2960.0,2960.3,3
2026-07-28T09:11:00+00:00,2959.9,2960.2,2959.9,2960.2,9
2026-07-28T09:12:00+00:00,2960.4,2960.5,2959.8,2959.9,10
2026-07-28T09:13:00+00:00,2959.8,2959.8,2959.0,2959.0,16
2026-07-28T09:14:00+00:00,2958.9,2958.9,2958.7,2958.7,4
2026-07-28T09:15:00+00:00,2958.9,2959.2,2958.8,2959.0,6
2026-07-28T09:16:00+00:00,2959.1,2960.0,2959.1,2960.0,14
2026-07-28T09:17:00+00:00,2960.0,2961.0,2959.8,2959.9,41
2026-07-28T09:18:00+00:00,2959.6,2959.9,2959.4,2959.9,12
2026-07-28T09:19:00+00:00,2960.2,2960.2,2959.9,2960.1,5
2026-07-28T09:20:00+00:00,2960.3,2960.3,2960.3,2960.3,2
2026-07-28T09:21:00+00:00,2960.0,2960.0,2960.0,2960.0,2
2026-07-28T09:22:00+00:00,2960.2,2960.2,2960.2,2960.2,1
2026-07-28T09:23:00+00:00,2960.5,2960.7,2960.5,2960.7,4
2026-07-28T09:24:00+00:00,2960.4,2960.6,2960.4,2960.5,5
2026-07-28T09:25:00+00:00,2960.4,2960.5,2960.2,2960.5,6
2026-07-28T09:26:00+00:00,2960.4,2961.0,2960.3,2961.0,11
2026-07-28T09:27:00+00:00,2961.1,2961.1,2960.5,2960.5,6
2026-07-28T09:28:00+00:00,2960.3,2960.5,2960.3,2960.5,2
2026-07-28T09:29:00+00:00,2960.8,2961.4,2960.8,2961.4,11
2026-07-28T09:30:00+00:00,2961.2,2961.3,2960.4,2960.4,11
2026-07-28T09:31:00+00:00,2960.7,2960.7,2960.3,2960.3,4
2026-07-28T09:32:00+00:00,2960.3,2960.3,2959.8,2959.8,13
2026-07-28T09:33:00+00:00,2959.9,2959.9,2959.6,2959.7,6
2026-07-28T09:34:00+00:00,2959.9,2959.9,2959.9,2959.9,2
2026-07-28T09:35:00+00:00,2959.5,2959.7,2959.4,2959.7,12
2026-07-28T09:36:00+00:00,2959.7,2959.9,2959.7,2959.8,7
2026-07-28T09:37:00+00:00,2959.7,2959.7,2959.7,2959.7,2
2026-07-28T09:38:00+00:00,2959.6,2960.3,2959.6,2960.3,5
2026-07-28T09:39:00+00:00,2960.3,2960.3,2960.2,2960.2,4
2026-07-28T09:40:00+00:00,2959.8,2959.9,2959.8,2959.9,2
2026-07-28T09:41:00+00:00,2960.0,2960.5,2960.0,2960.5,6
2026-07-28T09:42:00+00:00,2960.3,2961.0,2960.3,2961.0,10
2026-07-28T09:43:00+00:00,2960.6,2960.8,2960.6,2960.8,2
2026-07-28T09:44:00+00:00,2960.4,2960.4,2959.9,2959.9,4
2026-07-28T09:45:00+00:00,2960.0,2960.0,2959.9,2959.9,2
2026-07-28T09:46:00+00:00,2960.1,2960.2,2960.1,2960.2,2
2026-07-28T09:47:00+00:00,2959.9,2959.9,2959.8,2959.8,2
2026-07-28T09:48:00+00:00,2959.9,2960.3,2959.9,2960.3,15
2026-07-28T09:49:00+00:00,2960.4,2960.8,2960.4,2960.8,4
2026-07-28T09:50:00+00:00,2961.0,2961.5,2961.0,2961.2,8
2026-07-28T09:51:00+00:00,2961.3,2961.3,2960.2,2960.2,9
2026-07-28T09:52:00+00:00,2960.2,2960.2,2960.0,2960.0,3
2026-07-28T09:53:00+00:00,2960.3,2960.4,2959.8,2959.8,6
2026-07-28T09:54:00+00:00,2959.6,2959.8,2959.4,2959.4,11
2026-07-28T09:55:00+00:00,2959.3,2959.5,2959.3,2959.4,15
2026-07-28T09:56:00+00:00,2959.5,2959.7,2958.9,2958.9,11
2026-07-28T09:57:00+00:00,2958.9,2958.9,2957.8,2957.8,25
2026-07-28T09:58:00+00:00,2957.9,2958.5,2957.5,2958.5,31
2026-07-28T09:59:00+00:00,2958.4,2958.6,2958.4,2958.5,7
2026-07-28T10:00:00+00:00,2958.1,2958.5,2957.8,2958.2,11
2026-07-28T10:01:00+00:00,2957.9,2958.4,2957.8,2957.9,36
2026-07-28T10:02:00+00:00,2958.2,2958.4,2958.1,2958.1,7
2026-07-28T10:03:00+00:00,2957.6,2957.7,2956.8,2957.3,27
2026-07-28T10:04:00+00:00,2957.7,2958.1,2957.7,2957.8,12
2026-07-28T10:05:00+00:00,2957.3,2957.5,2957.2,2957.2,4
2026-07-28T10:06:00+00:00,2957.1,2957.5,2957.0,2957.4,10
2026-07-28T10:07:00+00:00,2957.2,2957.2,2956.6,2957.1,13
2026-07-28T10:08:00+00:00,2957.0,2957.1,2956.1,2956.1,29
2026-07-28T10:09:00+00:00,2956.1,2957.0,2956.1,2957.0,7
2026-07-28T10:10:00+00:00,2956.8,2957.3,2956.5,2957.0,26
2026-07-28T10:11:00+00:00,2956.3,2957.0,2956.3,2957.0,4
2026-07-28T10:12:00+00:00,2957.8,2958.4,2957.8,2958.1,7
2026-07-28T10:14:00+00:00,2957.6,2957.6,2957.0,2957.0,9
2026-07-28T10:15:00+00:00,2957.2,2957.4,2957.0,2957.0,9
2026-07-28T10:16:00+00:00,2957.0,2958.5,2957.0,2958.2,16
2026-07-28T10:17:00+00:00,2957.9,2958.1,2957.9,2958.1,2
2026-07-28T10:18:00+00:00,2958.4,2958.4,2957.9,2958.4,12
2026-07-28T10:19:00+00:00,2958.4,2958.4,2958.2,2958.2,6
2026-07-28T10:20:00+00:00,2958.3,2958.3,2957.9,2958.1,16
2026-07-28T10:21:00+00:00,2958.0,2958.0,2956.7,2956.8,15
2026-07-28T10:22:00+00:00,2957.1,2957.1,2956.8,2957.0,12
2026-07-28T10:23:00+00:00,2957.1,2957.3,2957.1,2957.3,3
2026-07-28T10:24:00+00:00,2956.9,2957.1,2956.8,2957.1,11
2026-07-28T10:25:00+00:00,2957.1,2957.1,2956.9,2956.9,5
2026-07-28T10:26:00+00:00,2956.5,2956.5,2955.8,2956.0,13
2026-07-28T10:27:00+00:00,2956.2,2956.3,2956.2,2956.2,5
2026-07-28T10:28:00+00:00,2956.3,2957.5,2956.3,2957.1,34
2026-07-28T10:29:00+00:00,2957.5,2957.9,2957.5,2957.9,12
2026-07-28T10:30:00+00:00,2958.0,2958.7,2957.8,2958.3,40
2026-07-28T10:31:00+00:00,2959.0,2959.0,2958.5,2958.6,20
2026-07-28T10:32:00+00:00,2958.2,2958.2,2957.8,2957.8,5
2026-07-28T10:33:00+00:00,2957.5,2957.5,2957.1,2957.3,13
2026-07-28T10:34:00+00:00,2957.5,2957.5,2956.3,2957.2,93
2026-07-28T10:35:00+00:00,2957.0,2957.0,2954.5,2955.1,236
2026-07-28T10:36:00+00:00,2955.6,2955.9,2955.0,2955.9,19
2026-07-28T10:37:00+00:00,2956.3,2956.8,2956.1,2956.1,17
2026-07-28T10:38:00+00:00,2956.1,2956.1,2955.7,2956.1,8
2026-07-28T10:39:00+00:00,2956.1,2956.4,2955.1,2955.1,19
2026-07-28T10:40:00+00:00,2955.0,2955.0,2954.1,2954.3,32
2026-07-28T10:41:00+00:00,2954.3,2954.5,2954.0,2954.1,16
2026-07-28T10:42:00+00:00,2954.1,2954.8,2953.6,2953.6,25
2026-07-28T10:43:00+00:00,2954.0,2954.1,2953.3,2953.3,23
2026-07-28T10:44:00+00:00,2953.8,2954.3,2953.8,2954.2,42
2026-07-28T10:45:00+00:00,2954.4,2954.5,2954.1,2954.3,19
2026-07-28T10:46:00+00:00,2954.2,2954.7,2954.1,2954.7,6
2026-07-28T10:47:00+00:00,2954.6,2955.4,2954.5,2955.3,10
2026-07-28T10:48:00+00:00,2955.3,2956.3,2954.7,2955.9,36
2026-07-28T10:49:00+00:00,2956.0,2956.2,2955.3,2955.3,23
2026-07-28T10:50:00+00:00,2955.9,2955.9,2955.3,2955.3,3
2026-07-28T10:51:00+00:00,2955.4,2955.4,2955.4,2955.4,2
2026-07-28T10:52:00+00:00,2955.5,2955.5,2955.3,2955.3,2
2026-07-28T10:53:00+00:00,2955.3,2956.7,2955.3,2956.7,17
2026-07-28T10:54:00+00:00,2956.2,2956.2,2956.2,2956.2,2
2026-07-28T10:55:00+00:00,2956.3,2956.6,2956.0,2956.6,6
2026-07-28T10:56:00+00:00,2956.4,2956.4,2956.4,2956.4,2
2026-07-28T10:57:00+00:00,2956.9,2957.1,2956.7,2957.0,12
2026-07-28T10:58:00+00:00,2956.6,2957.1,2956.4,2956.6,22
2026-07-28T10:59:00+00:00,2956.4,2957.3,2956.2,2957.1,65
2026-07-28T11:00:00+00:00,2957.3,2959.8,2957.1,2958.7,159
2026-07-28T11:01:00+00:00,2958.5,2959.0,2957.5,2957.7,22
2026-07-28T11:02:00+00:00,2957.7,2957.7,2956.7,2957.6,16
2026-07-28T11:03:00+00:00,2957.5,2957.6,2956.9,2957.2,18
2026-07-28T11:04:00+00:00,2956.7,2957.6,2956.7,2957.2,20
2026-07-28T11:05:00+00:00,2957.0,2957.4,2956.0,2957.4,29
2026-07-28T11:06:00+00:00,2957.2,2957.5,2956.8,2957.1,21
2026-07-28T11:07:00+00:00,2956.9,2956.9,2955.7,2955.8,26
2026-07-28T11:08:00+00:00,2955.4,2955.9,2955.4,2955.9,6
2026-07-28T11:09:00+00:00,2956.2,2956.5,2956.0,2956.0,18
2026-07-28T11:10:00+00:00,2955.8,2955.8,2955.6,2955.6,10
2026-07-28T11:11:00+00:00,2955.5,2955.7,2954.5,2954.6,55
2026-07-28T11:12:00+00:00,2954.8,2955.2,2954.4,2954.5,20
2026-07-28T11:13:00+00:00,2954.3,2954.3,2953.9,2954.0,31
2026-07-28T11:14:00+00:00,2953.8,2954.5,2953.5,2954.3,23
2026-07-28T11:15:00+00:00,2955.1,2960.3,2955.1,2959.3,307
2026-07-28T11:16:00+00:00,2959.3,2959.4,2958.0,2958.0,63
2026-07-28T11:17:00+00:00,2958.0,2958.8,2957.2,2958.6,71
2026-07-28T11:18:00+00:00,2958.6,2962.1,2958.6,2960.8,185
2026-07-28T11:19:00+00:00,2961.0,2961.2,2960.7,2960.8,51
2026-07-28T11:20:00+00:00,2960.9,2960.9,2959.6,2959.7,43
2026-07-28T11:21:00+00:00,2959.6,2960.2,2959.4,2959.6,15
2026-07-28T11:22:00+00:00,2959.1,2959.8,2958.5,2959.8,15
2026-07-28T11:23:00+00:00,2959.8,2960.0,2959.7,2959.7,15
2026-07-28T11:24:00+00:00,2959.7,2960.2,2958.2,2958.2,23
2026-07-28T11:25:00+00:00,2958.0,2958.1,2957.3,2957.6,38
2026-07-28T11:26:00+00:00,2957.2,2957.6,2956.6,2956.6,25
2026-07-28T11:27:00+00:00,2956.6,2957.0,2956.5,2956.9,41
2026-07-28T11:28:00+00:00,2957.0,2957.1,2956.4,2956.9,23
2026-07-28T11:29:00+00:00,2957.0,2958.0,2957.0,2957.4,24
2026-07-28T11:30:00+00:00,2956.5,2956.6,2955.2,2955.6,69
2026-07-28T11:31:00+00:00,2955.7,2956.4,2955.7,2956.3,23
2026-07-28T11:32:00+00:00,2956.3,2956.5,2956.1,2956.1,18
2026-07-28T11:33:00+00:00,2956.3,2957.0,2956.1,2957.0,9
2026-07-28T11:34:00+00:00,2956.9,2956.9,2956.4,2956.4,16
2026-07-28T11:35:00+00:00,2956.2,2956.8,2956.2,2956.8,17
2026-07-28T11:36:00+00:00,2956.8,2959.9,2956.4,2958.3,301
2026-07-28T11:37:00+00:00,2958.0,2958.1,2957.3,2957.9,22
2026-07-28T11:38:00+00:00,2958.1,2958.1,2957.4,2957.5,22
2026-07-28T11:39:00+00:00,2957.2,2957.2,2955.5,2955.5,30
2026-07-28T11:40:00+00:00,2955.5,2955.6,2953.7,2953.7,90
2026-07-28T11:41:00+00:00,2953.9,2954.3,2953.9,2954.2,38
2026-07-28T11:42:00+00:00,2954.2,2954.3,2952.8,2953.3,140
2026-07-28T11:43:00+00:00,2953.4,2954.1,2952.9,2954.0,67
2026-07-28T11:44:00+00:00,2954.1,2955.8,2954.0,2955.4,26
2026-07-28T11:45:00+00:00,2955.3,2956.4,2955.1,2956.4,39
2026-07-28T11:46:00+00:00,2956.4,2957.2,2955.9,2957.2,14
2026-07-28T11:47:00+00:00,2957.2,2958.7,2957.1,2958.3,37
2026-07-28T11:48:00+00:00,2958.7,2959.1,2958.7,2958.8,30
2026-07-28T11:49:00+00:00,2958.8,2959.0,2957.9,2957.9,21
2026-07-28T11:50:00+00:00,2958.0,2958.0,2957.1,2957.7,23
2026-07-28T11:51:00+00:00,2957.8,2958.5,2957.8,2958.5,18
2026-07-28T11:52:00+00:00,2958.8,2958.9,2958.3,2958.4,52
2026-07-28T11:53:00+00:00,2958.4,2958.9,2958.3,2958.9,19
2026-07-28T11:54:00+00:00,2958.8,2959.0,2958.6,2958.8,9
2026-07-28T11:55:00+00:00,2958.8,2959.2,2958.4,2958.4,9
2026-07-28T11:56:00+00:00,2958.4,2959.3,2958.4,2959.2,29
2026-07-28T11:57:00+00:00,2959.4,2959.6,2959.2,2959.3,29
2026-07-28T11:58:00+00:00,2959.4,2960.8,2959.4,2960.7,61
2026-07-28T11:59:00+00:00,2960.9,2961.2,2960.4,2960.5,53
2026-07-28T12:00:00+00:00,2960.3,2960.8,2959.9,2960.2,58
2026-07-28T12:01:00+00:00,2960.2,2960.2,2959.5,2959.5,21
2026-07-28T12:02:00+00:00,2959.1,2959.5,2959.0,2959.4,31
2026-07-28T12:03:00+00:00,2959.2,2959.8,2959.1,2959.8,17
2026-07-28T12:04:00+00:00,2959.8,2961.4,2959.6,2961.1,40
2026-07-28T12:05:00+00:00,2961.1,2961.7,2960.8,2961.6,45
2026-07-28T12:06:00+00:00,2961.4,2961.8,2960.8,2960.8,23
2026-07-28T12:07:00+00:00,2960.7,2962.8,2960.7,2962.2,161
2026-07-28T12:08:00+00:00,2962.0,2963.1,2961.9,2962.7,87
2026-07-28T12:09:00+00:00,2962.4,2963.3,2962.3,2963.0,113
2026-07-28T12:10:00+00:00,2962.7,2963.0,2961.4,2961.9,139
2026-07-28T12:11:00+00:00,2961.9,2961.9,2961.3,2961.4,17
2026-07-28T12:12:00+00:00,2961.3,2962.0,2961.2,2961.8,20
2026-07-28T12:13:00+00:00,2961.6,2961.6,2961.0,2961.6,37
2026-07-28T12:14:00+00:00,2961.5,2961.5,2961.2,2961.4,10
2026-07-28T12:15:00+00:00,2961.7,2961.8,2959.9,2959.9,34
2026-07-28T12:16:00+00:00,2960.0,2960.3,2959.4,2960.2,24
2026-07-28T12:17:00+00:00,2960.3,2960.3,2959.9,2959.9,7
2026-07-28T12:18:00+00:00,2960.0,2960.1,2959.6,2960.0,27
2026-07-28T12:19:00+00:00,2959.7,2960.3,2959.5,2960.1,30
2026-07-28T12:20:00+00:00,2960.2,2960.3,2959.6,2959.7,13
2026-07-28T12:21:00+00:00,2960.0,2961.0,2959.9,2961.0,11
2026-07-28T12:22:00+00:00,2961.1,2961.9,2960.8,2960.9,21
2026-07-28T12:23:00+00:00,2961.0,2961.7,2960.7,2961.7,35
2026-07-28T12:24:00+00:00,2961.0,2961.6,2960.6,2961.6,14
2026-07-28T12:25:00+00:00,2961.9,2962.1,2961.1,2962.1,8
2026-07-28T12:26:00+00:00,2962.0,2962.1,2961.7,2961.9,16
2026-07-28T12:27:00+00:00,2962.1,2963.2,2962.0,2962.8,75
2026-07-28T12:28:00+00:00,2962.5,2962.6,2962.2,2962.3,13
2026-07-28T12:29:00+00:00,2962.0,2963.4,2962.0,2963.4,30
2026-07-28T12:30:00+00:00,2963.2,2964.5,2963.1,2964.5,107
2026-07-28T12:31:00+00:00,2964.5,2964.5,2962.7,2963.1,34
2026-07-28T12:32:00+00:00,2963.3,2964.1,2963.3,2964.1,14
2026-07-28T12:33:00+00:00,2964.0,2964.0,2962.9,2962.9,14
2026-07-28T12:34:00+00:00,2963.1,2963.1,2960.6,2962.0,544
2026-07-28T12:35:00+00:00,2962.0,2962.8,2961.5,2962.4,42
2026-07-28T12:36:00+00:00,2962.3,2963.3,2961.3,2962.5,76
2026-07-28T12:37:00+00:00,2962.9,2963.0,2961.4,2961.8,41
2026-07-28T12:38:00+00:00,2961.7,2962.7,2961.6,2961.7,28
2026-07-28T12:39:00+00:00,2961.7,2961.8,2961.1,2961.8,18
2026-07-28T12:40:00+00:00,2961.8,2962.8,2961.5,2961.5,48
2026-07-28T12:41:00+00:00,2961.1,2961.5,2960.6,2960.6,73
2026-07-28T12:42:00+00:00,2960.7,2962.2,2960.7,2962.2,38
2026-07-28T12:43:00+00:00,2962.0,2962.8,2962.0,2962.4,48
2026-07-28T12:44:00+00:00,2962.5,2963.3,2962.3,2963.3,55
2026-07-28T12:45:00+00:00,2963.3,2963.6,2963.0,2963.2,49
2026-07-28T12:46:00+00:00,2963.1,2965.0,2963.1,2964.0,212
2026-07-28T12:47:00+00:00,2963.7,2964.7,2963.7,2964.6,57
2026-07-28T12:48:00+00:00,2964.5,2965.2,2964.5,2965.0,24
2026-07-28T12:49:00+00:00,2965.1,2966.3,2965.1,2966.0,106
2026-07-28T12:50:00+00:00,2966.2,2966.2,2964.1,2964.1,141
2026-07-28T12:51:00+00:00,2964.1,2964.2,2963.6,2964.0,35
2026-07-28T12:52:00+00:00,2964.0,2964.5,2963.4,2963.4,37
2026-07-28T12:53:00+00:00,2963.3,2963.6,2962.3,2962.4,54
2026-07-28T12:54:00+00:00,2962.4,2964.3,2962.4,2964.3,37
2026-07-28T12:55:00+00:00,2964.2,2964.8,2964.1,2964.3,35
2026-07-28T12:56:00+00:00,2964.2,2964.4,2964.1,2964.1,8
2026-07-28T12:57:00+00:00,2964.2,2964.4,2963.6,2963.6,32
2026-07-28T12:58:00+00:00,2963.4,2963.5,2962.7,2962.9,22
2026-07-28T12:59:00+00:00,2963.2,2963.4,2963.1,2963.1,17
2026-07-28T13:00:00+00:00,2962.9,2962.9,2961.6,2961.6,80
2026-07-28T13:01:00+00:00,2961.8,2961.9,2961.3,2961.4,48
2026-07-28T13:02:00+00:00,2961.6,2962.5,2961.4,2961.8,42
2026-07-28T13:03:00+00:00,2961.8,2962.4,2960.8,2961.3,79
2026-07-28T13:04:00+00:00,2961.2,2961.4,2961.0,2961.4,20
2026-07-28T13:05:00+00:00,2961.3,2961.3,2960.8,2961.0,28
2026-07-28T13:06:00+00:00,2961.1,2962.2,2961.1,2962.0,26
2026-07-28T13:07:00+00:00,2962.0,2962.2,2961.7,2962.0,16
2026-07-28T13:08:00+00:00,2962.0,2962.9,2962.0,2962.5,41
2026-07-28T13:09:00+00:00,2962.5,2963.1,2962.2,2963.1,34
2026-07-28T13:10:00+00:00,2962.9,2962.9,2961.9,2961.9,35
2026-07-28T13:11:00+00:00,2961.9,2962.1,2961.2,2961.3,38
2026-07-28T13:12:00+00:00,2961.2,2961.9,2961.2,2961.8,28
2026-07-28T13:13:00+00:00,2962.1,2962.3,2962.0,2962.1,14
2026-07-28T13:14:00+00:00,2961.9,2962.2,2961.3,2961.9,60
2026-07-28T13:15:00+00:00,2961.9,2962.3,2961.9,2962.2,20
2026-07-28T13:16:00+00:00,2962.3,2962.6,2962.2,2962.4,20
2026-07-28T13:17:00+00:00,2962.5,2962.7,2962.2,2962.3,32
2026-07-28T13:18:00+00:00,2962.6,2963.5,2962.6,2963.5,88
2026-07-28T13:19:00+00:00,2963.4,2963.7,2962.9,2963.7,34
2026-07-28T13:20:00+00:00,2963.8,2964.6,2963.6,2964.5,43
2026-07-28T13:21:00+00:00,2964.7,2964.9,2963.9,2964.4,36
2026-07-28T13:22:00+00:00,2964.1,2964.5,2962.9,2963.2,52
2026-07-28T13:23:00+00:00,2963.2,2963.2,2962.5,2962.5,27
2026-07-28T13:24:00+00:00,2962.4,2963.6,2962.3,2963.6,32
2026-07-28T13:25:00+00:00,2963.5,2964.1,2962.6,2963.1,145
2026-07-28T13:26:00+00:00,2963.4,2963.4,2963.0,2963.4,42
2026-07-28T13:27:00+00:00,2963.5,2963.6,2961.7,2962.3,131
2026-07-28T13:28:00+00:00,2962.2,2962.5,2960.7,2961.6,179
2026-07-28T13:29:00+00:00,2961.5,2962.2,2960.0,2961.9,261
2026-07-28T13:30:00+00:00,2961.8,2962.5,2956.7,2956.8,1469
2026-07-28T13:31:00+00:00,2956.8,2963.0,2956.2,2962.2,983
2026-07-28T13:32:00+00:00,2962.2,2963.0,2957.1,2957.4,650
2026-07-28T13:33:00+00:00,2957.5,2958.1,2954.9,2955.1,685
2026-07-28T13:34:00+00:00,2955.1,2955.8,2953.7,2954.5,703
2026-07-28T13:35:00+00:00,2954.4,2960.2,2954.3,2959.4,940
2026-07-28T13:36:00+00:00,2959.6,2959.7,2953.6,2954.2,371
2026-07-28T13:37:00+00:00,2954.2,2954.4,2951.6,2952.4,437
2026-07-28T13:38:00+00:00,2952.1,2952.1,2948.4,2948.9,478
2026-07-28T13:39:00+00:00,2948.7,2951.8,2948.5,2951.2,327
2026-07-28T13:40:00+00:00,2951.4,2952.4,2949.7,2951.3,347
2026-07-28T13:41:00+00:00,2951.4,2952.4,2948.5,2949.0,296
2026-07-28T13:42:00+00:00,2949.1,2949.3,2947.3,2947.9,382
2026-07-28T13:43:00+00:00,2948.1,2948.3,2945.4,2946.5,517
2026-07-28T13:44:00+00:00,2946.4,2947.2,2945.9,2946.7,285
2026-07-28T13:45:00+00:00,2946.9,2947.2,2943.8,2943.9,751
2026-07-28T13:46:00+00:00,2944.0,2944.4,2942.2,2943.6,500
2026-07-28T13:47:00+00:00,2943.7,2945.0,2941.7,2942.0,407
2026-07-28T13:48:00+00:00,2942.3,2948.9,2942.3,2948.6,581
2026-07-28T13:49:00+00:00,2948.9,2949.6,2946.4,2948.3,433
2026-07-28T13:50:00+00:00,2948.6,2951.9,2946.5,2946.8,620
2026-07-28T13:51:00+00:00,2946.5,2946.6,2940.7,2940.9,901
2026-07-28T13:52:00+00:00,2941.0,2943.8,2940.0,2942.1,694
2026-07-28T13:53:00+00:00,2942.4,2942.5,2938.4,2941.9,671
2026-07-28T13:54:00+00:00,2942.3,2943.7,2940.2,2941.5,527
2026-07-28T13:55:00+00:00,2941.6,2942.8,2940.4,2941.2,368
2026-07-28T13:56:00+00:00,2941.3,2942.8,2940.9,2942.6,330
2026-07-28T13:57:00+00:00,2942.4,2944.0,2940.7,2942.5,314
2026-07-28T13:58:00+00:00,2942.4,2942.5,2939.1,2940.9,295
2026-07-28T13:59:00+00:00,2941.0,2942.2,2939.6,2941.5,189
2026-07-28T14:00:00+00:00,2941.6,2945.0,2937.9,2943.2,1194
2026-07-28T14:01:00+00:00,2943.1,2943.9,2941.1,2941.7,252
2026-07-28T14:02:00+00:00,2941.8,2945.2,2941.8,2944.6,318
2026-07-28T14:03:00+00:00,2944.8,2946.9,2943.1,2946.4,383
2026-07-28T14:04:00+00:00,2946.2,2946.5,2944.0,2944.7,213
2026-07-28T14:05:00+00:00,2944.2,2947.6,2943.5,2947.5,281
2026-07-28T14:06:00+00:00,2947.3,2949.6,2946.3,2949.4,508
2026-07-28T14:07:00+00:00,2949.3,2950.6,2946.7,2947.3,477
2026-07-28T14:08:00+00:00,2947.4,2947.4,2943.6,2946.0,660
2026-07-28T14:09:00+00:00,2946.6,2947.2,2944.4,2944.4,577
2026-07-28T14:10:00+00:00,2944.5,2947.6,2944.4,2946.7,272
2026-07-28T14:11:00+00:00,2946.6,2949.0,2946.4,2948.8,336
2026-07-28T14:12:00+00:00,2948.9,2949.7,2943.7,2943.7,265
2026-07-28T14:13:00+00:00,2943.8,2944.9,2941.0,2941.3,345
2026-07-28T14:14:00+00:00,2941.4,2941.4,2935.6,2940.1,1434
2026-07-28T14:15:00+00:00,2940.2,2943.3,2940.0,2941.9,476
2026-07-28T14:16:00+00:00,2941.9,2941.9,2937.5,2937.8,292
2026-07-28T14:17:00+00:00,2938.1,2939.6,2936.8,2937.8,250
2026-07-28T14:18:00+00:00,2938.1,2939.7,2936.8,2938.0,355
2026-07-28T14:19:00+00:00,2938.0,2938.0,2936.4,2936.4,231
2026-07-28T14:20:00+00:00,2936.7,2938.9,2936.7,2936.9,281
2026-07-28T14:21:00+00:00,2936.9,2940.7,2935.6,2939.8,404
2026-07-28T14:22:00+00:00,2940.1,2940.7,2935.9,2935.9,334
2026-07-28T14:23:00+00:00,2935.9,2939.9,2935.2,2939.9,275
2026-07-28T14:24:00+00:00,2939.7,2941.1,2938.2,2938.3,375
2026-07-28T14:25:00+00:00,2938.5,2940.0,2937.0,2938.0,273
2026-07-28T14:26:00+00:00,2938.4,2939.2,2937.3,2938.4,218
2026-07-28T14:27:00+00:00,2939.0,2940.4,2937.4,2937.4,254
2026-07-28T14:28:00+00:00,2937.4,2938.5,2936.1,2936.3,224
2026-07-28T14:29:00+00:00,2936.0,2937.8,2935.5,2937.3,224
2026-07-28T14:30:00+00:00,2937.3,2938.8,2935.0,2936.1,384
2026-07-28T14:31:00+00:00,2936.3,2937.9,2935.5,2936.6,170
2026-07-28T14:32:00+00:00,2937.2,2938.0,2935.3,2936.4,120
2026-07-28T14:33:00+00:00,2936.5,2936.9,2935.2,2936.9,184
2026-07-28T14:34:00+00:00,2937.0,2937.2,2933.8,2934.2,308
2026-07-28T14:35:00+00:00,2933.9,2939.2,2933.3,2939.1,387
2026-07-28T14:36:00+00:00,2939.2,2942.1,2939.0,2941.4,733
2026-07-28T14:37:00+00:00,2941.4,2942.8,2938.8,2940.9,416
2026-07-28T14:38:00+00:00,2940.7,2941.7,2938.4,2938.5,245
2026-07-28T14:39:00+00:00,2938.3,2938.4,2936.6,2937.4,246
2026-07-28T14:40:00+00:00,2937.4,2940.4,2937.0,2939.9,201
2026-07-28T14:41:00+00:00,2939.9,2942.4,2939.6,2942.2,291
2026-07-28T14:42:00+00:00,2942.0,2942.5,2938.2,2939.1,214
2026-07-28T14:43:00+00:00,2939.2,2942.3,2938.1,2941.6,349
2026-07-28T14:44:00+00:00,2941.7,2943.3,2941.1,2941.7,266
2026-07-28T14:45:00+00:00,2942.0,2943.8,2940.3,2940.6,293
2026-07-28T14:46:00+00:00,2940.4,2942.9,2940.1,2942.6,364
2026-07-28T14:47:00+00:00,2942.8,2945.3,2942.8,2945.0,270
2026-07-28T14:48:00+00:00,2945.1,2949.0,2945.1,2947.2,947
2026-07-28T14:49:00+00:00,2946.9,2949.1,2946.7,2949.0,267
2026-07-28T14:50:00+00:00,2948.8,2950.3,2948.2,2948.6,441
2026-07-28T14:51:00+00:00,2948.6,2950.7,2948.2,2949.9,337
2026-07-28T14:52:00+00:00,2949.9,2950.3,2947.1,2948.4,446
2026-07-28T14:53:00+00:00,2948.4,2951.7,2948.4,2949.5,402
2026-07-28T14:54:00+00:00,2949.6,2950.0,2948.7,2949.5,173
2026-07-28T14:55:00+00:00,2949.6,2951.5,2948.0,2950.2,248
2026-07-28T14:56:00+00:00,2950.1,2950.6,2948.5,2949.0,129
2026-07-28T14:57:00+00:00,2948.7,2948.7,2946.0,2946.7,273
2026-07-28T14:58:00+00:00,2946.5,2946.7,2944.9,2945.2,331
2026-07-28T14:59:00+00:00,2944.9,2946.8,2944.5,2944.8,194
2026-07-28T15:00:00+00:00,2944.9,2948.2,2944.9,2947.8,274
2026-07-28T15:01:00+00:00,2947.7,2948.7,2947.0,2947.7,183
2026-07-28T15:02:00+00:00,2947.6,2947.8,2945.2,2945.7,187
2026-07-28T15:03:00+00:00,2945.2,2945.9,2943.5,2943.6,198
2026-07-28T15:04:00+00:00,2943.8,2944.3,2942.9,2943.8,174
2026-07-28T15:05:00+00:00,2944.0,2944.5,2942.8,2944.5,182
2026-07-28T15:06:00+00:00,2944.5,2946.7,2944.5,2945.2,162
2026-07-28T15:07:00+00:00,2944.8,2945.1,2943.7,2944.8,120
2026-07-28T15:08:00+00:00,2944.7,2945.9,2944.6,2945.3,137
2026-07-28T15:09:00+00:00,2945.2,2947.8,2945.2,2947.7,322
2026-07-28T15:10:00+00:00,2947.5,2951.2,2946.9,2947.3,1050
2026-07-28T15:11:00+00:00,2947.5,2948.1,2945.4,2947.2,317
2026-07-28T15:12:00+00:00,2946.9,2953.4,2946.5,2951.7,1074
2026-07-28T15:13:00+00:00,2951.4,2952.0,2948.8,2949.9,286
2026-07-28T15:14:00+00:00,2950.2,2951.6,2949.7,2950.0,286
2026-07-28T15:15:00+00:00,2949.9,2951.7,2949.2,2951.5,320
2026-07-28T15:16:00+00:00,2951.6,2953.8,2951.2,2951.2,528
2026-07-28T15:17:00+00:00,2951.3,2953.0,2949.5,2952.8,279
2026-07-28T15:18:00+00:00,2952.7,2955.8,2952.5,2955.1,825
2026-07-28T15:19:00+00:00,2954.8,2955.8,2953.8,2955.4,405
2026-07-28T15:20:00+00:00,2955.4,2959.8,2955.4,2959.1,745
2026-07-28T15:21:00+00:00,2958.9,2960.2,2958.2,2959.0,441
2026-07-28T15:22:00+00:00,2958.9,2961.0,2958.9,2959.5,317
2026-07-28T15:23:00+00:00,2959.6,2960.3,2958.3,2958.8,201
2026-07-28T15:24:00+00:00,2959.1,2961.6,2959.0,2961.4,222
2026-07-28T15:25:00+00:00,2961.5,2962.5,2959.5,2961.6,1045
2026-07-28T15:26:00+00:00,2961.7,2965.9,2961.5,2964.1,1365
2026-07-28T15:27:00+00:00,2964.1,2964.8,2962.5,2962.7,308
2026-07-28T15:28:00+00:00,2962.9,2965.5,2961.5,2962.0,802
2026-07-28T15:29:00+00:00,2962.2,2962.8,2961.2,2962.8,181
2026-07-28T15:30:00+00:00,2962.9,2963.9,2961.5,2961.7,318
2026-07-28T15:31:00+00:00,2961.7,2961.9,2960.2,2961.2,212
2026-07-28T15:32:00+00:00,2961.1,2962.8,2960.6,2961.3,383
2026-07-28T15:33:00+00:00,2961.3,2963.6,2961.1,2963.3,108
2026-07-28T15:34:00+00:00,2963.3,2963.5,2960.9,2961.0,389
2026-07-28T15:35:00+00:00,2961.0,2964.1,2960.7,2963.9,167
2026-07-28T15:36:00+00:00,2963.8,2965.9,2963.0,2965.6,580
2026-07-28T15:37:00+00:00,2965.3,2965.4,2963.6,2964.4,85
2026-07-28T15:38:00+00:00,2964.1,2965.0,2963.4,2963.6,143
2026-07-28T15:39:00+00:00,2963.7,2964.5,2962.9,2963.1,81
2026-07-28T15:40:00+00:00,2963.0,2964.5,2962.6,2963.6,375
2026-07-28T15:41:00+00:00,2963.9,2964.8,2963.3,2964.4,109
2026-07-28T15:42:00+00:00,2964.1,2965.2,2963.4,2964.2,163
2026-07-28T15:43:00+00:00,2964.1,2964.7,2962.8,2962.9,150
2026-07-28T15:44:00+00:00,2962.8,2964.8,2962.5,2964.5,433
2026-07-28T15:45:00+00:00,2964.4,2965.9,2963.1,2964.3,204
2026-07-28T15:46:00+00:00,2964.4,2966.5,2964.4,2966.4,217
2026-07-28T15:47:00+00:00,2966.4,2966.8,2965.2,2965.3,289
2026-07-28T15:48:00+00:00,2965.3,2966.9,2965.2,2966.5,294
2026-07-28T15:49:00+00:00,2966.7,2967.0,2965.4,2965.7,280
2026-07-28T15:50:00+00:00,2965.6,2966.3,2963.5,2963.7,503
2026-07-28T15:51:00+00:00,2963.7,2964.2,2962.7,2964.2,311
2026-07-28T15:52:00+00:00,2963.9,2964.0,2962.5,2963.5,339
2026-07-28T15:53:00+00:00,2963.4,2965.4,2963.4,2965.0,250
2026-07-28T15:54:00+00:00,2964.8,2965.4,2963.4,2964.2,87
2026-07-28T15:55:00+00:00,2964.1,2964.1,2962.3,2962.8,381
2026-07-28T15:56:00+00:00,2962.7,2964.5,2962.7,2964.5,180
2026-07-28T15:57:00+00:00,2964.7,2965.3,2963.9,2964.6,152
2026-07-28T15:58:00+00:00,2964.7,2965.3,2964.0,2964.7,191
2026-07-28T15:59:00+00:00,2964.6,2964.6,2963.9,2964.1,63
2026-07-28T16:00:00+00:00,2964.2,2965.0,2962.8,2965.0,219
2026-07-28T16:01:00+00:00,2965.0,2965.0,2962.7,2962.7,120
2026-07-28T16:02:00+00:00,2962.8,2963.7,2961.5,2961.7,346
2026-07-28T16:03:00+00:00,2961.7,2962.5,2960.5,2961.4,249
2026-07-28T16:04:00+00:00,2961.4,2962.0,2960.3,2960.9,340
2026-07-28T16:05:00+00:00,2960.8,2962.9,2960.6,2962.2,98
2026-07-28T16:06:00+00:00,2962.0,2963.0,2961.4,2963.0,133
2026-07-28T16:07:00+00:00,2963.0,2963.0,2960.1,2960.1,256
2026-07-28T16:08:00+00:00,2960.5,2960.5,2959.2,2959.7,350
2026-07-28T16:09:00+00:00,2959.5,2959.9,2958.5,2958.5,238
2026-07-28T16:10:00+00:00,2958.7,2959.1,2957.9,2957.9,255
2026-07-28T16:11:00+00:00,2958.1,2960.4,2958.1,2960.2,148
2026-07-28T16:12:00+00:00,2960.3,2960.5,2959.3,2960.3,102
2026-07-28T16:13:00+00:00,2960.1,2960.4,2959.1,2960.1,87
2026-07-28T16:14:00+00:00,2959.9,2961.0,2959.9,2960.9,110
2026-07-28T16:15:00+00:00,2960.8,2961.5,2958.6,2959.0,139
2026-07-28T16:16:00+00:00,2959.0,2959.4,2958.6,2958.7,51
2026-07-28T16:17:00+00:00,2958.7,2959.4,2958.2,2958.2,72
2026-07-28T16:18:00+00:00,2958.3,2958.8,2957.5,2957.9,71
2026-07-28T16:19:00+00:00,2957.9,2960.6,2957.9,2960.5,113
2026-07-28T16:20:00+00:00,2960.6,2961.7,2960.1,2960.8,116
2026-07-28T16:21:00+00:00,2960.8,2960.8,2959.9,2960.6,91
2026-07-28T16:22:00+00:00,2961.0,2961.3,2959.6,2959.7,36
2026-07-28T16:23:00+00:00,2959.7,2959.8,2959.0,2959.3,77
2026-07-28T16:24:00+00:00,2959.2,2960.3,2958.9,2960.3,55
2026-07-28T16:25:00+00:00,2960.3,2961.2,2960.0,2961.2,51
2026-07-28T16:26:00+00:00,2960.8,2961.2,2960.4,2960.4,70
2026-07-28T16:27:00+00:00,2960.7,2961.1,2960.0,2961.0,60
2026-07-28T16:28:00+00:00,2961.2,2962.1,2960.7,2961.3,172
2026-07-28T16:29:00+00:00,2961.3,2961.7,2959.9,2959.9,95
2026-07-28T16:30:00+00:00,2960.0,2960.0,2958.7,2958.7,91
2026-07-28T16:31:00+00:00,2958.5,2959.4,2958.2,2959.4,107
2026-07-28T16:32:00+00:00,2959.2,2960.3,2959.0,2960.1,82
2026-07-28T16:33:00+00:00,2960.4,2961.0,2959.2,2959.4,113
2026-07-28T16:34:00+00:00,2959.8,2960.5,2958.9,2958.9,46
2026-07-28T16:35:00+00:00,2959.0,2960.0,2959.0,2959.4,34
2026-07-28T16:36:00+00:00,2959.4,2959.5,2958.7,2959.0,66
2026-07-28T16:37:00+00:00,2958.9,2959.9,2958.7,2959.9,57
2026-07-28T16:38:00+00:00,2960.0,2961.8,2959.4,2961.1,72
2026-07-28T16:39:00+00:00,2960.9,2961.2,2960.2,2961.2,97
2026-07-28T16:40:00+00:00,2961.4,2962.3,2961.0,2961.3,128
2026-07-28T16:41:00+00:00,2962.0,2962.4,2961.3,2962.4,40
2026-07-28T16:42:00+00:00,2962.4,2962.8,2961.2,2961.2,100
2026-07-28T16:43:00+00:00,2961.5,2962.7,2961.5,2962.6,35
2026-07-28T16:44:00+00:00,2962.6,2962.8,2960.8,2961.7,295
2026-07-28T16:45:00+00:00,2961.8,2962.3,2960.8,2961.0,140
2026-07-28T16:46:00+00:00,2960.9,2961.3,2958.9,2959.2,150
2026-07-28T16:47:00+00:00,2959.2,2961.4,2959.2,2961.2,53
2026-07-28T16:48:00+00:00,2961.3,2961.3,2959.8,2960.5,95
2026-07-28T16:49:00+00:00,2960.4,2961.8,2960.4,2961.5,120
2026-07-28T16:50:00+00:00,2961.5,2963.9,2961.3,2963.6,123
2026-07-28T16:51:00+00:00,2963.6,2965.6,2963.6,2965.5,258
2026-07-28T16:52:00+00:00,2965.4,2965.9,2964.8,2965.8,222
2026-07-28T16:53:00+00:00,2965.9,2966.8,2965.5,2965.6,239
2026-07-28T16:54:00+00:00,2965.7,2966.6,2965.6,2965.8,104
2026-07-28T16:55:00+00:00,2966.0,2966.4,2965.6,2966.3,101
2026-07-28T16:56:00+00:00,2966.4,2967.4,2965.8,2967.3,144
2026-07-28T16:57:00+00:00,2967.2,2967.7,2965.9,2967.0,319
2026-07-28T16:58:00+00:00,2966.9,2967.3,2966.4,2967.3,51
2026-07-28T16:59:00+00:00,2967.5,2967.9,2967.3,2967.5,50
2026-07-28T17:00:00+00:00,2967.3,2968.3,2966.5,2967.6,254
2026-07-28T17:01:00+00:00,2967.9,2968.0,2966.1,2966.2,92
2026-07-28T17:02:00+00:00,2966.2,2967.0,2965.1,2966.2,453
2026-07-28T17:03:00+00:00,2966.3,2966.5,2965.2,2965.5,147
2026-07-28T17:04:00+00:00,2965.4,2965.9,2965.0,2965.7,80
2026-07-28T17:05:00+00:00,2965.6,2966.7,2964.7,2965.8,311
2026-07-28T17:06:00+00:00,2965.9,2966.8,2964.7,2966.3,300
2026-07-28T17:07:00+00:00,2966.3,2966.5,2965.2,2965.9,98
2026-07-28T17:08:00+00:00,2966.1,2966.2,2963.7,2963.7,104
2026-07-28T17:09:00+00:00,2963.8,2964.5,2962.7,2962.9,435
2026-07-28T17:10:00+00:00,2962.8,2962.9,2960.4,2962.0,294
2026-07-28T17:11:00+00:00,2962.1,2962.6,2961.3,2962.1,72
2026-07-28T17:12:00+00:00,2962.4,2963.7,2962.1,2962.5,159
2026-07-28T17:13:00+00:00,2962.6,2962.6,2960.8,2961.4,114
2026-07-28T17:14:00+00:00,2961.4,2961.6,2960.6,2961.5,129
2026-07-28T17:15:00+00:00,2961.6,2962.4,2961.5,2961.9,104
2026-07-28T17:16:00+00:00,2962.0,2962.1,2961.0,2961.6,74
2026-07-28T17:17:00+00:00,2961.9,2962.0,2960.2,2960.8,116
2026-07-28T17:18:00+00:00,2960.7,2961.7,2960.6,2961.4,42
2026-07-28T17:19:00+00:00,2961.7,2962.5,2961.2,2962.1,196
2026-07-28T17:20:00+00:00,2961.8,2967.2,2961.8,2966.4,915
2026-07-28T17:21:00+00:00,2966.3,2967.8,2964.9,2965.0,566
2026-07-28T17:22:00+00:00,2965.0,2965.3,2964.0,2964.4,167
2026-07-28T17:23:00+00:00,2964.7,2966.5,2964.7,2965.1,167
2026-07-28T17:24:00+00:00,2965.0,2965.5,2963.1,2963.1,120
2026-07-28T17:25:00+00:00,2963.0,2963.0,2961.9,2962.6,154
2026-07-28T17:26:00+00:00,2962.5,2963.2,2962.1,2962.8,115
2026-07-28T17:27:00+00:00,2963.0,2964.2,2963.0,2963.9,135
2026-07-28T17:28:00+00:00,2963.8,2964.6,2962.6,2962.6,89
2026-07-28T17:29:00+00:00,2962.8,2963.7,2962.6,2962.7,67
2026-07-28T17:30:00+00:00,2962.6,2962.6,2961.6,2962.4,102
2026-07-28T17:31:00+00:00,2962.3,2962.5,2961.6,2961.7,115
2026-07-28T17:32:00+00:00,2961.6,2962.3,2961.3,2962.2,100
2026-07-28T17:33:00+00:00,2962.0,2964.3,2962.0,2963.5,275
2026-07-28T17:34:00+00:00,2963.8,2964.8,2963.7,2964.2,185
2026-07-28T17:35:00+00:00,2964.2,2965.3,2963.4,2963.5,113
2026-07-28T17:36:00+00:00,2963.5,2963.9,2963.0,2963.4,49
2026-07-28T17:37:00+00:00,2963.3,2965.7,2963.3,2964.0,634
2026-07-28T17:38:00+00:00,2963.8,2964.3,2963.5,2963.7,51
2026-07-28T17:39:00+00:00,2963.8,2963.8,2962.2,2962.5,176
2026-07-28T17:40:00+00:00,2962.2,2964.8,2962.1,2963.9,602
2026-07-28T17:41:00+00:00,2963.7,2963.8,2962.3,2962.3,157
2026-07-28T17:42:00+00:00,2962.2,2962.3,2961.1,2961.2,176
2026-07-28T17:43:00+00:00,2961.1,2961.3,2959.2,2959.5,183
2026-07-28T17:44:00+00:00,2959.5,2959.6,2958.8,2959.6,108
2026-07-28T17:45:00+00:00,2959.6,2960.5,2959.3,2959.5,97
2026-07-28T17:46:00+00:00,2959.8,2960.4,2959.4,2960.2,40
2026-07-28T17:47:00+00:00,2960.1,2960.8,2959.0,2959.0,57
2026-07-28T17:48:00+00:00,2959.4,2963.0,2959.0,2962.4,448
2026-07-28T17:49:00+00:00,2962.4,2963.8,2961.3,2963.2,387
2026-07-28T17:50:00+00:00,2963.1,2963.1,2961.1,2961.8,138
2026-07-28T17:51:00+00:00,2961.9,2961.9,2960.8,2961.4,47
2026-07-28T17:52:00+00:00,2961.4,2962.0,2961.1,2961.5,28
2026-07-28T17:53:00+00:00,2960.5,2960.6,2959.7,2960.1,115
2026-07-28T17:54:00+00:00,2960.2,2960.3,2958.5,2958.9,267
2026-07-28T17:55:00+00:00,2959.1,2959.6,2957.7,2958.1,132
2026-07-28T17:56:00+00:00,2958.2,2959.6,2958.1,2959.5,127
2026-07-28T17:57:00+00:00,2959.5,2959.8,2959.2,2959.6,64
2026-07-28T17:58:00+00:00,2959.8,2960.9,2959.1,2960.8,234
2026-07-28T17:59:00+00:00,2960.7,2961.5,2960.5,2961.1,155
2026-07-28T18:00:00+00:00,2961.2,2963.0,2959.8,2962.3,201
2026-07-28T18:01:00+00:00,2962.3,2962.9,2961.4,2961.4,46
2026-07-28T18:02:00+00:00,2961.5,2962.6,2961.2,2961.9,49
2026-07-28T18:03:00+00:00,2961.8,2962.1,2961.0,2961.1,57
2026-07-28T18:04:00+00:00,2961.2,2961.2,2959.9,2961.0,138
2026-07-28T18:05:00+00:00,2961.0,2961.3,2959.7,2960.1,40
2026-07-28T18:06:00+00:00,2960.2,2961.2,2960.2,2960.6,57
2026-07-28T18:07:00+00:00,2960.5,2960.5,2959.5,2959.5,110
2026-07-28T18:08:00+00:00,2959.7,2960.1,2959.3,2959.7,76
2026-07-28T18:09:00+00:00,2959.7,2960.5,2959.3,2960.2,43
2026-07-28T18:10:00+00:00,2960.4,2960.7,2959.5,2959.7,57
2026-07-28T18:11:00+00:00,2959.6,2959.9,2958.4,2958.5,127
2026-07-28T18:12:00+00:00,2958.6,2959.4,2958.6,2959.3,106
2026-07-28T18:13:00+00:00,2959.4,2959.4,2957.5,2958.2,115
2026-07-28T18:14:00+00:00,2958.2,2958.4,2957.0,2957.3,81
2026-07-28T18:15:00+00:00,2957.3,2958.5,2957.1,2958.5,80
2026-07-28T18:16:00+00:00,2958.5,2958.6,2957.7,2958.5,47
2026-07-28T18:17:00+00:00,2958.6,2958.7,2957.2,2958.0,45
2026-07-28T18:18:00+00:00,2957.7,2958.4,2957.7,2958.0,45
2026-07-28T18:19:00+00:00,2958.1,2958.5,2957.5,2958.3,40
2026-07-28T18:20:00+00:00,2958.4,2958.8,2958.0,2958.7,31
2026-07-28T18:21:00+00:00,2958.6,2958.6,2956.9,2957.0,63
2026-07-28T18:22:00+00:00,2957.4,2957.9,2956.7,2957.9,49
2026-07-28T18:23:00+00:00,2958.0,2958.1,2955.8,2956.0,102
2026-07-28T18:24:00+00:00,2955.9,2956.8,2955.9,2956.3,77
2026-07-28T18:25:00+00:00,2956.2,2957.2,2956.0,2957.0,90
2026-07-28T18:26:00+00:00,2957.1,2957.3,2956.8,2957.0,87
2026-07-28T18:27:00+00:00,2956.8,2957.8,2956.8,2957.6,189
2026-07-28T18:28:00+00:00,2957.7,2958.2,2956.4,2957.4,310
2026-07-28T18:29:00+00:00,2957.7,2958.1,2957.4,2958.1,26
2026-07-28T18:30:00+00:00,2958.1,2959.4,2957.6,2958.8,301
2026-07-28T18:31:00+00:00,2958.6,2959.9,2958.4,2959.1,187
2026-07-28T18:32:00+00:00,2959.0,2959.3,2958.6,2958.6,51
2026-07-28T18:33:00+00:00,2958.8,2959.4,2958.7,2959.4,51
2026-07-28T18:34:00+00:00,2959.6,2960.5,2959.6,2960.2,125
2026-07-28T18:35:00+00:00,2960.3,2960.4,2959.5,2960.2,91
2026-07-28T18:36:00+00:00,2960.4,2960.7,2959.5,2959.6,161
2026-07-28T18:37:00+00:00,2959.8,2960.2,2959.5,2960.2,30
2026-07-28T18:38:00+00:00,2960.6,2961.1,2960.1,2960.7,34
2026-07-28T18:39:00+00:00,2960.6,2960.6,2959.0,2959.5,67
2026-07-28T18:40:00+00:00,2959.5,2959.7,2958.1,2958.2,131
2026-07-28T18:41:00+00:00,2958.3,2959.3,2957.9,2958.9,103
2026-07-28T18:42:00+00:00,2958.8,2959.5,2958.8,2959.3,39
2026-07-28T18:43:00+00:00,2959.2,2959.8,2958.8,2959.8,70
2026-07-28T18:44:00+00:00,2959.8,2960.0,2958.6,2959.3,141
2026-07-28T18:45:00+00:00,2959.5,2960.2,2959.2,2960.2,60
2026-07-28T18:46:00+00:00,2960.3,2961.4,2959.9,2961.4,68
2026-07-28T18:47:00+00:00,2961.4,2962.9,2961.4,2962.3,260
2026-07-28T18:48:00+00:00,2961.9,2962.1,2961.1,2961.5,80
2026-07-28T18:49:00+00:00,2961.4,2961.9,2961.2,2961.5,32
2026-07-28T18:50:00+00:00,2961.5,2962.2,2961.4,2962.2,50
2026-07-28T18:51:00+00:00,2962.3,2963.4,2962.3,2962.8,81
2026-07-28T18:52:00+00:00,2962.9,2963.3,2961.9,2961.9,44
2026-07-28T18:53:00+00:00,2961.7,2962.2,2961.3,2961.3,81
2026-07-28T18:54:00+00:00,2961.4,2961.6,2960.3,2960.8,104
2026-07-28T18:55:00+00:00,2960.7,2961.5,2960.0,2961.5,54
2026-07-28T18:56:00+00:00,2961.5,2961.8,2961.4,2961.7,61
2026-07-28T18:57:00+00:00,2961.4,2961.8,2960.7,2961.2,74
2026-07-28T18:58:00+00:00,2961.3,2962.0,2961.1,2961.5,46
2026-07-28T18:59:00+00:00,2961.5,2961.5,2960.8,2961.0,44
2026-07-28T19:00:00+00:00,2960.9,2961.8,2960.8,2961.1,75
2026-07-28T19:01:00+00:00,2961.2,2961.3,2960.8,2961.3,87
2026-07-28T19:02:00+00:00,2961.1,2964.4,2961.1,2964.3,868
2026-07-28T19:03:00+00:00,2964.2,2965.0,2963.5,2963.8,446
2026-07-28T19:04:00+00:00,2963.8,2966.0,2962.6,2965.3,835
2026-07-28T19:05:00+00:00,2965.2,2965.6,2964.4,2965.4,288
2026-07-28T19:06:00+00:00,2965.5,2967.0,2964.7,2964.8,298
2026-07-28T19:07:00+00:00,2964.7,2964.9,2963.8,2963.9,124
2026-07-28T19:08:00+00:00,2963.8,2963.9,2963.0,2963.1,215
2026-07-28T19:09:00+00:00,2963.4,2963.7,2963.0,2963.2,57
2026-07-28T19:10:00+00:00,2963.2,2963.6,2962.5,2962.5,58
2026-07-28T19:11:00+00:00,2962.4,2962.8,2962.2,2962.8,68
2026-07-28T19:12:00+00:00,2962.9,2963.2,2962.3,2962.8,110
2026-07-28T19:13:00+00:00,2962.8,2963.0,2962.3,2962.4,50
2026-07-28T19:14:00+00:00,2962.6,2962.6,2961.5,2962.2,111
2026-07-28T19:15:00+00:00,2962.5,2963.3,2962.0,2962.2,49
2026-07-28T19:16:00+00:00,2962.0,2962.5,2961.8,2962.3,40
2026-07-28T19:17:00+00:00,2962.5,2963.1,2962.2,2962.6,101
2026-07-28T19:18:00+00:00,2962.7,2963.8,2962.6,2963.4,133
2026-07-28T19:19:00+00:00,2963.2,2963.5,2962.5,2962.6,79
2026-07-28T19:20:00+00:00,2962.7,2963.3,2962.6,2963.3,40
2026-07-28T19:21:00+00:00,2963.2,2964.1,2963.2,2963.4,51
2026-07-28T19:22:00+00:00,2963.5,2964.7,2963.4,2964.7,62
2026-07-28T19:23:00+00:00,2965.0,2965.1,2964.2,2964.5,52
2026-07-28T19:24:00+00:00,2964.2,2964.5,2964.2,2964.5,48
2026-07-28T19:25:00+00:00,2964.4,2965.2,2964.2,2964.3,101
2026-07-28T19:26:00+00:00,2964.1,2965.4,2963.9,2964.4,94
2026-07-28T19:27:00+00:00,2964.2,2964.5,2963.8,2964.5,70
2026-07-28T19:28:00+00:00,2964.6,2965.6,2964.3,2965.6,74
2026-07-28T19:29:00+00:00,2965.7,2965.9,2965.3,2965.9,128
2026-07-28T19:30:00+00:00,2966.0,2966.2,2964.6,2964.8,224
2026-07-28T19:31:00+00:00,2964.6,2965.3,2964.1,2964.5,89
2026-07-28T19:32:00+00:00,2964.4,2965.6,2964.4,2965.2,71
2026-07-28T19:33:00+00:00,2965.3,2965.3,2964.5,2964.5,85
2026-07-28T19:34:00+00:00,2964.4,2965.2,2964.3,2964.5,71
2026-07-28T19:35:00+00:00,2964.5,2964.6,2963.4,2963.5,63
2026-07-28T19:36:00+00:00,2963.5,2963.6,2962.6,2963.3,152
2026-07-28T19:37:00+00:00,2963.7,2963.9,2962.7,2963.2,91
2026-07-28T19:38:00+00:00,2963.1,2963.3,2962.7,2963.1,67
2026-07-28T19:39:00+00:00,2963.2,2963.3,2961.7,2961.7,160
2026-07-28T19:40:00+00:00,2961.6,2962.6,2961.4,2961.7,75
2026-07-28T19:41:00+00:00,2961.7,2962.0,2961.2,2962.0,62
2026-07-28T19:42:00+00:00,2962.0,2962.2,2961.2,2961.2,58
2026-07-28T19:43:00+00:00,2961.3,2962.2,2961.3,2962.0,39
2026-07-28T19:44:00+00:00,2961.8,2962.4,2961.6,2962.4,26
2026-07-28T19:45:00+00:00,2962.2,2962.9,2961.0,2961.2,204
2026-07-28T19:46:00+00:00,2961.2,2961.3,2960.5,2961.3,68
2026-07-28T19:47:00+00:00,2961.4,2962.2,2961.3,2961.7,79
2026-07-28T19:48:00+00:00,2961.6,2962.4,2961.6,2961.8,39
2026-07-28T19:49:00+00:00,2961.8,2962.6,2961.8,2962.4,53
2026-07-28T19:50:00+00:00,2962.5,2964.1,2961.9,2962.4,329
2026-07-28T19:51:00+00:00,2962.7,2963.1,2962.7,2962.8,18
2026-07-28T19:52:00+00:00,2962.7,2964.0,2962.4,2964.0,104
2026-07-28T19:53:00+00:00,2964.0,2965.7,2963.8,2965.5,126
2026-07-28T19:54:00+00:00,2965.6,2967.6,2965.6,2967.3,274
2026-07-28T19:55:00+00:00,2967.4,2967.5,2964.6,2964.6,500
2026-07-28T19:56:00+00:00,2964.7,2966.2,2964.7,2965.1,252
2026-07-28T19:57:00+00:00,2964.8,2965.5,2964.2,2965.1,168
2026-07-28T19:58:00+00:00,2965.1,2965.9,2964.6,2965.5,187
2026-07-28T19:59:00+00:00,2965.4,2965.6,2963.6,2964.5,825
2026-07-28T20:00:00+00:00,2964.3,2965.2,2964.0,2965.0,267
2026-07-28T20:01:00+00:00,2965.1,2965.2,2964.1,2964.1,105
2026-07-28T20:02:00+00:00,2964.0,2964.0,2962.3,2962.7,126
2026-07-28T20:03:00+00:00,2962.8,2963.9,2962.8,2963.9,66
2026-07-28T20:04:00+00:00,2963.8,2964.2,2963.2,2964.0,81
2026-07-28T20:05:00+00:00,2964.1,2964.6,2962.8,2962.8,148
2026-07-28T20:06:00+00:00,2963.1,2963.3,2962.6,2963.3,81
2026-07-28T20:07:00+00:00,2963.4,2963.4,2962.4,2963.2,50
2026-07-28T20:08:00+00:00,2962.9,2963.5,2962.9,2963.2,65
2026-07-28T20:09:00+00:00,2963.2,2963.9,2963.1,2963.8,22
2026-07-28T20:10:00+00:00,2963.8,2964.8,2963.7,2964.6,22
2026-07-28T20:11:00+00:00,2965.0,2965.3,2964.6,2965.1,37
2026-07-28T20:12:00+00:00,2965.1,2965.4,2965.0,2965.2,33
2026-07-28T20:13:00+00:00,2965.2,2965.5,2964.9,2964.9,37
2026-07-28T20:14:00+00:00,2965.0,2965.2,2964.9,2965.0,25
2026-07-28T20:15:00+00:00,2965.2,2965.2,2964.5,2964.6,19
2026-07-28T20:16:00+00:00,2964.6,2965.6,2964.6,2965.1,38
2026-07-28T20:17:00+00:00,2965.1,2965.5,2964.9,2964.9,8
2026-07-28T20:18:00+00:00,2965.1,2965.5,2965.1,2965.2,22
2026-07-28T20:19:00+00:00,2965.6,2965.8,2965.4,2965.8,27
2026-07-28T20:20:00+00:00,2965.8,2965.8,2965.2,2965.2,15
2026-07-28T20:21:00+00:00,2965.1,2965.1,2964.9,2965.0,12
2026-07-28T20:22:00+00:00,2965.0,2965.1,2964.5,2964.5,5
2026-07-28T20:23:00+00:00,2964.6,2964.7,2964.2,2964.3,37
2026-07-28T20:24:00+00:00,2964.3,2964.3,2964.2,2964.2,14
2026-07-28T20:25:00+00:00,2964.4,2964.9,2964.3,2964.8,7
2026-07-28T20:26:00+00:00,2965.2,2965.8,2965.2,2965.6,57
2026-07-28T20:27:00+00:00,2965.7,2966.0,2965.7,2965.9,36
2026-07-28T20:28:00+00:00,2966.1,2966.4,2966.0,2966.3,13
2026-07-28T20:29:00+00:00,2966.5,2966.7,2966.0,2966.0,24
2026-07-28T20:30:00+00:00,2966.0,2967.0,2965.8,2966.7,54
2026-07-28T20:31:00+00:00,2966.6,2966.6,2965.7,2966.2,53
2026-07-28T20:32:00+00:00,2966.4,2966.8,2966.4,2966.8,14
2026-07-28T20:33:00+00:00,2966.4,2966.4,2965.8,2966.0,57
2026-07-28T20:34:00+00:00,2966.2,2966.4,2965.9,2966.0,29
2026-07-28T20:35:00+00:00,2965.9,2966.2,2965.8,2965.8,14
2026-07-28T20:36:00+00:00,2965.6,2966.1,2965.5,2965.8,29
2026-07-28T20:37:00+00:00,2965.7,2965.7,2963.9,2965.2,211
2026-07-28T20:38:00+00:00,2965.1,2965.2,2964.6,2965.0,36
2026-07-28T20:39:00+00:00,2964.8,2965.2,2964.6,2964.6,36
2026-07-28T20:40:00+00:00,2964.8,2964.8,2963.8,2964.6,39
2026-07-28T20:41:00+00:00,2964.4,2964.6,2964.0,2964.0,25
2026-07-28T20:42:00+00:00,2964.3,2964.3,2964.1,2964.2,8
2026-07-28T20:43:00+00:00,2964.4,2964.8,2964.2,2964.4,32
2026-07-28T20:44:00+00:00,2964.3,2964.5,2964.3,2964.5,6
2026-07-28T20:45:00+00:00,2964.3,2964.5,2964.1,2964.4,23
2026-07-28T20:46:00+00:00,2964.5,2964.7,2964.3,2964.7,9
2026-07-28T20:47:00+00:00,2964.7,2965.0,2964.6,2965.0,21
2026-07-28T20:48:00+00:00,2965.0,2965.1,2964.8,2965.1,16
2026-07-28T20:49:00+00:00,2965.0,2965.0,2964.8,2964.8,16
2026-07-28T20:50:00+00:00,2964.7,2964.7,2963.7,2964.2,192
2026-07-28T20:51:00+00:00,2964.3,2964.7,2964.0,2964.5,132
2026-07-28T20:52:00+00:00,2964.4,2964.9,2964.4,2964.9,38
2026-07-28T20:53:00+00:00,2965.0,2965.2,2964.3,2964.4,35
2026-07-28T20:54:00+00:00,2964.5,2966.0,2964.5,2965.6,77
2026-07-28T20:55:00+00:00,2965.5,2966.2,2965.4,2965.4,78
2026-07-28T20:56:00+00:00,2965.3,2965.6,2965.3,2965.6,7
2026-07-28T20:57:00+00:00,2965.9,2965.9,2965.6,2965.8,23
2026-07-28T20:58:00+00:00,2965.8,2966.0,2965.6,2965.8,28
2026-07-28T20:59:00+00:00,2965.5,2966.1,2965.1,2965.3,72
2026-07-28T22:00:00+00:00,2963.7,2966.2,2963.7,2965.6,64
2026-07-28T22:01:00+00:00,2965.2,2965.2,2965.2,2965.2,4
2026-07-28T22:02:00+00:00,2964.4,2965.5,2964.3,2965.1,18
2026-07-28T22:03:00+00:00,2966.0,2966.5,2965.7,2965.7,24
2026-07-28T22:04:00+00:00,2965.7,2966.1,2965.3,2965.4,9
2026-07-28T22:05:00+00:00,2966.1,2966.3,2966.0,2966.3,10
2026-07-28T22:06:00+00:00,2966.2,2966.2,2965.5,2965.6,7
2026-07-28T22:07:00+00:00,2965.7,2966.1,2965.7,2966.1,2
2026-07-28T22:08:00+00:00,2966.3,2966.3,2966.1,2966.1,3
2026-07-28T22:09:00+00:00,2966.1,2966.4,2966.1,2966.2,5
2026-07-28T22:10:00+00:00,2966.2,2966.5,2965.4,2965.4,21
2026-07-28T22:11:00+00:00,2965.3,2965.6,2965.3,2965.6,15
2026-07-28T22:12:00+00:00,2965.7,2965.7,2965.2,2965.3,15
2026-07-28T22:13:00+00:00,2965.2,2965.2,2963.5,2963.5,52
2026-07-28T22:14:00+00:00,2963.7,2963.9,2963.2,2963.7,27
2026-07-28T22:15:00+00:00,2964.0,2964.0,2963.8,2963.8,6
2026-07-28T22:16:00+00:00,2963.9,2964.0,2963.6,2963.6,25
2026-07-28T22:17:00+00:00,2963.5,2963.5,2962.6,2962.8,43
2026-07-28T22:18:00+00:00,2962.6,2962.6,2961.3,2961.7,76
2026-07-28T22:19:00+00:00,2961.4,2962.1,2961.4,2961.6,22
2026-07-28T22:20:00+00:00,2961.5,2961.8,2960.4,2961.2,86
2026-07-28T22:21:00+00:00,2961.2,2961.3,2960.8,2960.9,16
2026-07-28T22:22:00+00:00,2961.0,2961.4,2960.9,2961.3,12
2026-07-28T22:23:00+00:00,2961.1,2961.2,2960.2,2960.2,32
2026-07-28T22:24:00+00:00,2960.5,2961.2,2960.1,2961.2,73
2026-07-28T22:25:00+00:00,2960.1,2960.6,2959.6,2959.8,31
2026-07-28T22:26:00+00:00,2959.7,2961.2,2959.6,2961.2,18
2026-07-28T22:27:00+00:00,2961.3,2961.3,2960.9,2961.3,11
2026-07-28T22:28:00+00:00,2961.1,2961.4,2961.1,2961.3,4
2026-07-28T22:29:00+00:00,2961.4,2961.8,2961.2,2961.4,19
2026-07-28T22:30:00+00:00,2961.0,2961.9,2960.9,2960.9,21
2026-07-28T22:31:00+00:00,2961.4,2961.4,2960.4,2960.5,13
2026-07-28T22:32:00+00:00,2960.3,2960.3,2958.2,2959.5,71
2026-07-28T22:33:00+00:00,2959.8,2960.0,2958.6,2958.6,72
2026-07-28T22:34:00+00:00,2958.4,2959.6,2958.3,2959.3,43
2026-07-28T22:35:00+00:00,2959.2,2959.4,2958.8,2959.3,16
2026-07-28T22:36:00+00:00,2959.7,2960.6,2959.7,2960.2,76
2026-07-28T22:37:00+00:00,2960.0,2960.1,2959.0,2959.2,15
2026-07-28T22:38:00+00:00,2959.3,2959.3,2957.7,2957.7,103
2026-07-28T22:39:00+00:00,2957.7,2958.0,2956.3,2956.4,68
2026-07-28T22:40:00+00:00,2956.3,2957.9,2956.3,2957.7,54
2026-07-28T22:41:00+00:00,2957.8,2957.8,2957.2,2957.4,7
2026-07-28T22:42:00+00:00,2957.9,2958.5,2957.9,2958.3,23
2026-07-28T22:43:00+00:00,2957.9,2958.9,2957.8,2958.5,13
2026-07-28T22:44:00+00:00,2958.7,2958.7,2957.7,2958.4,24
2026-07-28T22:45:00+00:00,2958.5,2958.7,2957.9,2957.9,33
2026-07-28T22:46:00+00:00,2957.9,2958.8,2957.4,2958.3,84
2026-07-28T22:47:00+00:00,2958.5,2959.0,2958.5,2958.6,27
2026-07-28T22:48:00+00:00,2958.4,2959.4,2958.4,2959.4,36
2026-07-28T22:49:00+00:00,2959.3,2960.0,2959.2,2959.9,29
2026-07-28T22:50:00+00:00,2960.1,2960.5,2959.6,2960.3,57
2026-07-28T22:51:00+00:00,2959.9,2960.8,2959.6,2960.7,74
2026-07-28T22:52:00+00:00,2960.7,2961.9,2960.7,2961.6,25
2026-07-28T22:53:00+00:00,2961.4,2961.4,2959.9,2960.3,35
2026-07-28T22:54:00+00:00,2960.4,2961.7,2960.2,2961.7,46
2026-07-28T22:55:00+00:00,2961.8,2961.9,2960.8,2960.8,14
2026-07-28T22:56:00+00:00,2960.8,2961.4,2960.8,2961.3,20
2026-07-28T22:57:00+00:00,2961.6,2962.2,2961.1,2962.0,40
2026-07-28T22:58:00+00:00,2961.9,2961.9,2961.0,2961.2,19
2026-07-28T22:59:00+00:00,2960.9,2961.2,2960.1,2960.1,19
2026-07-28T23:00:00+00:00,2960.3,2960.3,2959.3,2959.3,52
2026-07-28T23:01:00+00:00,2959.8,2960.5,2959.2,2959.2,28
2026-07-28T23:02:00+00:00,2959.1,2960.3,2959.1,2960.0,27
2026-07-28T23:03:00+00:00,2960.6,2960.7,2959.5,2959.8,43
2026-07-28T23:04:00+00:00,2960.7,2962.2,2960.4,2961.9,98
2026-07-28T23:05:00+00:00,2961.8,2962.9,2961.6,2962.7,68
2026-07-28T23:06:00+00:00,2962.8,2963.1,2962.3,2962.3,39
2026-07-28T23:07:00+00:00,2962.4,2962.6,2962.2,2962.5,23
2026-07-28T23:08:00+00:00,2962.5,2962.5,2962.3,2962.3,13
2026-07-28T23:09:00+00:00,2961.8,2962.0,2959.3,2959.6,105
2026-07-28T23:10:00+00:00,2959.8,2960.1,2958.5,2959.1,66
2026-07-28T23:11:00+00:00,2959.1,2960.5,2958.9,2960.5,24
2026-07-28T23:12:00+00:00,2960.5,2960.7,2960.4,2960.6,13
2026-07-28T23:13:00+00:00,2960.9,2961.7,2960.6,2961.4,22
2026-07-28T23:14:00+00:00,2961.2,2962.8,2961.2,2961.5,85
2026-07-28T23:15:00+00:00,2961.4,2961.4,2960.2,2960.2,27
2026-07-28T23:16:00+00:00,2960.6,2961.3,2960.6,2961.3,50
2026-07-28T23:17:00+00:00,2961.6,2962.3,2961.5,2962.1,48
2026-07-28T23:18:00+00:00,2962.0,2962.6,2961.9,2962.6,18
2026-07-28T23:19:00+00:00,2962.4,2962.6,2961.7,2962.0,23
2026-07-28T23:20:00+00:00,2961.3,2961.3,2960.7,2961.1,7
2026-07-28T23:21:00+00:00,2961.3,2961.4,2961.3,2961.4,18
2026-07-28T23:22:00+00:00,2961.7,2964.2,2961.7,2964.2,75
2026-07-28T23:23:00+00:00,2964.0,2965.6,2964.0,2965.6,69
2026-07-28T23:24:00+00:00,2965.7,2965.7,2964.7,2964.9,36
2026-07-28T23:25:00+00:00,2964.9,2965.1,2964.7,2964.7,7
2026-07-28T23:26:00+00:00,2964.8,2965.6,2964.8,2965.1,18
2026-07-28T23:27:00+00:00,2965.0,2965.8,2964.1,2964.1,31
2026-07-28T23:28:00+00:00,2964.5,2965.0,2964.5,2964.7,12
2026-07-28T23:29:00+00:00,2965.1,2965.1,2964.7,2964.9,10
2026-07-28T23:30:00+00:00,2965.0,2965.3,2964.3,2965.3,33
2026-07-28T23:31:00+00:00,2965.4,2965.7,2965.0,2965.7,25
2026-07-28T23:32:00+00:00,2965.2,2965.5,2965.0,2965.4,17
2026-07-28T23:33:00+00:00,2965.2,2965.5,2964.9,2965.0,6
2026-07-28T23:34:00+00:00,2965.0,2965.5,2965.0,2965.5,10
2026-07-28T23:35:00+00:00,2965.4,2965.7,2965.3,2965.5,12
2026-07-28T23:36:00+00:00,2965.8,2965.9,2965.4,2965.8,14
2026-07-28T23:37:00+00:00,2965.6,2966.1,2965.5,2965.7,14
2026-07-28T23:38:00+00:00,2965.9,2966.0,2965.4,2965.5,13
2026-07-28T23:39:00+00:00,2965.4,2965.5,2964.9,2964.9,9
2026-07-28T23:40:00+00:00,2964.8,2965.4,2964.8,2964.9,10
2026-07-28T23:41:00+00:00,2965.0,2965.4,2964.8,2965.1,28
2026-07-28T23:42:00+00:00,2965.2,2965.2,2964.6,2964.8,14
2026-07-28T23:43:00+00:00,2964.8,2965.2,2964.4,2965.2,39
2026-07-28T23:44:00+00:00,2965.7,2969.8,2965.7,2969.3,246
2026-07-28T23:45:00+00:00,2969.5,2969.6,2968.0,2969.0,112
2026-07-28T23:46:00+00:00,2969.4,2971.0,2969.4,2970.5,105
2026-07-28T23:47:00+00:00,2970.5,2972.9,2970.4,2972.3,148
2026-07-28T23:48:00+00:00,2972.1,2973.1,2972.1,2972.9,136
2026-07-28T23:49:00+00:00,2972.7,2973.4,2972.1,2973.0,47
2026-07-28T23:50:00+00:00,2973.1,2975.3,2973.1,2974.2,170
2026-07-28T23:51:00+00:00,2974.1,2974.5,2973.5,2973.7,54
2026-07-28T23:52:00+00:00,2973.1,2973.3,2971.6,2972.5,82
2026-07-28T23:53:00+00:00,2972.6,2973.5,2972.4,2972.6,35
2026-07-28T23:54:00+00:00,2972.3,2973.2,2972.0,2973.2,27
2026-07-28T23:55:00+00:00,2973.2,2973.4,2972.2,2973.2,50
2026-07-28T23:56:00+00:00,2973.2,2974.1,2973.2,2973.8,18
2026-07-28T23:57:00+00:00,2973.7,2974.9,2973.7,2974.6,28
2026-07-28T23:58:00+00:00,2975.0,2975.0,2974.3,2974.8,37
2026-07-28T23:59:00+00:00,2974.3,2974.7,2973.9,2974.4,44
2026-07-29T00:00:00+00:00,2974.3,2974.9,2972.0,2972.4,119
2026-07-29T00:01:00+00:00,2972.5,2973.4,2971.7,2972.9,113
2026-07-29T00:02:00+00:00,2973.3,2973.8,2972.4,2973.0,47
2026-07-29T00:03:00+00:00,2973.0,2974.2,2972.9,2974.2,25
2026-07-29T00:04:00+00:00,2974.1,2975.2,2974.0,2974.0,69
2026-07-29T00:05:00+00:00,2974.2,2975.0,2973.4,2974.6,52
2026-07-29T00:06:00+00:00,2974.2,2975.2,2974.0,2974.1,64
2026-07-29T00:07:00+00:00,2974.0,2976.1,2974.0,2974.7,97
2026-07-29T00:08:00+00:00,2974.5,2974.8,2974.2,2974.3,37
2026-07-29T00:09:00+00:00,2974.2,2974.4,2973.3,2973.3,49
2026-07-29T00:10:00+00:00,2973.2,2973.7,2973.2,2973.2,19
2026-07-29T00:11:00+00:00,2973.1,2974.4,2973.1,2974.1,17
2026-07-29T00:12:00+00:00,2974.0,2974.0,2973.3,2974.0,50
2026-07-29T00:13:00+00:00,2974.5,2974.9,2974.1,2974.2,36
2026-07-29T00:14:00+00:00,2974.4,2974.7,2973.5,2973.8,28
2026-07-29T00:15:00+00:00,2973.5,2974.0,2972.7,2973.8,56
2026-07-29T00:16:00+00:00,2973.7,2975.4,2973.4,2975.3,53
2026-07-29T00:17:00+00:00,2975.3,2976.2,2975.0,2975.0,49
2026-07-29T00:18:00+00:00,2975.4,2975.5,2974.6,2974.8,36
2026-07-29T00:19:00+00:00,2974.7,2975.4,2974.7,2975.4,19
2026-07-29T00:20:00+00:00,2975.2,2976.3,2975.0,2975.3,68
2026-07-29T00:21:00+00:00,2975.2,2978.3,2974.3,2977.3,327
2026-07-29T00:22:00+00:00,2977.1,2977.5,2974.8,2974.8,104
2026-07-29T00:23:00+00:00,2974.8,2976.1,2974.8,2975.4,54
2026-07-29T00:24:00+00:00,2975.5,2975.5,2974.7,2975.3,31
2026-07-29T00:25:00+00:00,2975.4,2975.8,2974.9,2975.8,41
2026-07-29T00:26:00+00:00,2975.3,2975.6,2975.1,2975.6,26
2026-07-29T00:27:00+00:00,2976.0,2976.0,2974.6,2974.7,20
2026-07-29T00:28:00+00:00,2974.8,2975.1,2974.6,2975.1,28
2026-07-29T00:29:00+00:00,2974.8,2975.1,2974.5,2975.1,28
2026-07-29T00:30:00+00:00,2975.3,2975.9,2974.6,2974.8,42
2026-07-29T00:31:00+00:00,2974.8,2975.0,2974.5,2974.8,22
2026-07-29T00:32:00+00:00,2974.7,2974.7,2974.1,2974.6,59
2026-07-29T00:33:00+00:00,2974.4,2974.4,2973.7,2974.2,64
2026-07-29T00:34:00+00:00,2974.4,2974.6,2973.3,2973.3,82
2026-07-29T00:35:00+00:00,2973.2,2973.6,2973.0,2973.1,36
2026-07-29T00:36:00+00:00,2973.3,2973.4,2973.0,2973.1,61
2026-07-29T00:37:00+00:00,2973.4,2973.9,2973.1,2973.9,51
2026-07-29T00:38:00+00:00,2974.0,2974.4,2973.5,2973.8,57
2026-07-29T00:39:00+00:00,2973.9,2974.4,2973.8,2973.9,25
2026-07-29T00:40:00+00:00,2973.5,2973.6,2973.2,2973.2,10
2026-07-29T00:41:00+00:00,2973.1,2973.3,2972.2,2972.3,50
2026-07-29T00:42:00+00:00,2972.1,2972.3,2971.8,2972.3,39
2026-07-29T00:43:00+00:00,2972.2,2973.6,2972.2,2973.3,17
2026-07-29T00:44:00+00:00,2973.3,2973.3,2972.5,2973.1,24
2026-07-29T00:45:00+00:00,2973.0,2973.6,2973.0,2973.6,44
2026-07-29T00:46:00+00:00,2973.4,2973.4,2973.0,2973.0,19
2026-07-29T00:47:00+00:00,2973.4,2973.7,2973.0,2973.7,31
2026-07-29T00:48:00+00:00,2973.8,2973.9,2972.8,2972.8,29
2026-07-29T00:49:00+00:00,2972.7,2973.0,2972.4,2973.0,15
2026-07-29T00:50:00+00:00,2972.4,2972.6,2971.9,2971.9,20
2026-07-29T00:51:00+00:00,2972.0,2972.7,2971.9,2972.7,43
2026-07-29T00:52:00+00:00,2972.6,2973.0,2972.4,2973.0,5
2026-07-29T00:53:00+00:00,2972.8,2973.2,2972.6,2972.6,5
2026-07-29T00:54:00+00:00,2972.5,2973.3,2972.2,2973.3,33
2026-07-29T00:55:00+00:00,2973.1,2973.1,2972.4,2972.4,21
2026-07-29T00:56:00+00:00,2972.3,2972.3,2972.1,2972.3,12
2026-07-29T00:57:00+00:00,2972.1,2972.1,2971.4,2971.5,64
2026-07-29T00:58:00+00:00,2971.5,2971.5,2970.1,2970.9,55
2026-07-29T00:59:00+00:00,2971.0,2971.0,2970.5,2970.9,63
2026-07-29T01:00:00+00:00,2970.5,2970.5,2969.8,2970.3,46
2026-07-29T01:01:00+00:00,2970.3,2971.1,2970.0,2971.0,59
2026-07-29T01:02:00+00:00,2971.0,2971.1,2970.3,2970.6,55
2026-07-29T01:03:00+00:00,2971.0,2971.1,2970.6,2971.1,34
2026-07-29T01:04:00+00:00,2971.0,2971.0,2969.7,2970.0,17
2026-07-29T01:05:00+00:00,2970.2,2970.3,2969.5,2969.6,41
2026-07-29T01:06:00+00:00,2969.5,2969.5,2968.2,2968.3,45
2026-07-29T01:07:00+00:00,2968.2,2969.2,2968.2,2969.1,25
2026-07-29T01:08:00+00:00,2969.6,2969.8,2968.9,2968.9,11
2026-07-29T01:09:00+00:00,2968.9,2968.9,2968.2,2968.6,11
2026-07-29T01:10:00+00:00,2968.3,2968.6,2967.3,2967.6,100
2026-07-29T01:11:00+00:00,2967.7,2967.7,2966.6,2966.6,86
2026-07-29T01:12:00+00:00,2966.6,2967.3,2966.2,2967.3,97
2026-07-29T01:13:00+00:00,2967.3,2967.4,2966.9,2967.1,34
2026-07-29T01:14:00+00:00,2967.0,2967.0,2966.3,2966.7,61
2026-07-29T01:15:00+00:00,2966.8,2966.8,2965.6,2966.2,67
2026-07-29T01:16:00+00:00,2966.2,2966.3,2965.7,2966.3,97
2026-07-29T01:17:00+00:00,2966.3,2966.7,2965.8,2966.7,39
2026-07-29T01:18:00+00:00,2966.8,2967.1,2966.0,2966.2,20
2026-07-29T01:19:00+00:00,2966.7,2967.5,2966.7,2967.2,19
2026-07-29T01:20:00+00:00,2967.4,2968.3,2967.4,2967.5,46
2026-07-29T01:21:00+00:00,2967.6,2968.1,2967.6,2968.1,20
2026-07-29T01:22:00+00:00,2968.3,2968.5,2967.8,2968.0,35
2026-07-29T01:23:00+00:00,2968.2,2969.2,2968.2,2969.1,47
2026-07-29T01:24:00+00:00,2969.2,2970.0,2969.1,2969.6,53
2026-07-29T01:25:00+00:00,2969.5,2969.6,2969.0,2969.2,20
2026-07-29T01:26:00+00:00,2969.6,2969.9,2969.2,2969.3,78
2026-07-29T01:27:00+00:00,2969.5,2970.0,2968.8,2968.8,19
2026-07-29T01:28:00+00:00,2969.3,2969.3,2968.8,2969.1,15
2026-07-29T01:29:00+00:00,2969.2,2969.3,2968.7,2968.7,8
2026-07-29T01:30:00+00:00,2968.5,2969.2,2968.0,2968.7,98
2026-07-29T01:31:00+00:00,2968.8,2969.3,2968.8,2969.1,25
2026-07-29T01:32:00+00:00,2969.1,2969.2,2968.4,2969.0,37
2026-07-29T01:33:00+00:00,2968.7,2968.7,2967.2,2967.5,62
2026-07-29T01:34:00+00:00,2967.2,2967.9,2967.2,2967.7,25
2026-07-29T01:35:00+00:00,2967.7,2967.8,2966.5,2966.5,21
2026-07-29T01:36:00+00:00,2966.9,2967.3,2966.9,2967.0,12
2026-07-29T01:37:00+00:00,2967.0,2968.1,2967.0,2968.1,7
2026-07-29T01:38:00+00:00,2968.1,2968.1,2967.6,2967.8,9
2026-07-29T01:39:00+00:00,2967.6,2967.8,2967.2,2967.3,19
2026-07-29T01:40:00+00:00,2966.9,2966.9,2965.8,2965.8,40
2026-07-29T01:41:00+00:00,2965.8,2965.8,2965.3,2965.5,56
2026-07-29T01:42:00+00:00,2965.5,2965.5,2964.5,2964.9,36
2026-07-29T01:43:00+00:00,2964.8,2964.9,2964.2,2964.6,35
2026-07-29T01:44:00+00:00,2964.7,2965.2,2964.6,2964.7,54
2026-07-29T01:45:00+00:00,2964.6,2964.9,2963.7,2964.7,65
2026-07-29T01:46:00+00:00,2964.8,2965.3,2964.4,2964.6,78
2026-07-29T01:47:00+00:00,2964.6,2964.8,2963.7,2964.0,71
2026-07-29T01:48:00+00:00,2964.0,2964.2,2963.4,2964.2,22
2026-07-29T01:49:00+00:00,2964.3,2964.4,2963.3,2963.7,18
2026-07-29T01:50:00+00:00,2963.7,2963.9,2963.0,2963.0,67
2026-07-29T01:51:00+00:00,2963.3,2963.3,2961.5,2961.7,145
2026-07-29T01:52:00+00:00,2961.8,2962.2,2961.3,2962.2,40
2026-07-29T01:53:00+00:00,2962.5,2962.5,2961.5,2962.1,73
2026-07-29T01:54:00+00:00,2961.8,2961.9,2961.4,2961.6,35
2026-07-29T01:55:00+00:00,2961.7,2962.2,2961.4,2961.8,22
2026-07-29T01:56:00+00:00,2961.5,2961.7,2960.6,2960.9,53
2026-07-29T01:57:00+00:00,2961.0,2961.0,2959.9,2960.4,86
2026-07-29T01:58:00+00:00,2960.4,2960.6,2959.9,2960.4,51
2026-07-29T01:59:00+00:00,2960.3,2960.3,2958.9,2958.9,109
2026-07-29T02:00:00+00:00,2958.8,2958.9,2957.3,2958.0,143
2026-07-29T02:01:00+00:00,2957.9,2959.3,2957.0,2958.9,133
2026-07-29T02:02:00+00:00,2958.8,2958.9,2957.4,2957.7,76
2026-07-29T02:03:00+00:00,2957.2,2958.7,2956.7,2958.4,58
2026-07-29T02:04:00+00:00,2958.4,2958.4,2957.5,2957.7,64
2026-07-29T02:06:00+00:00,2958.0,2959.3,2957.8,2959.3,28
2026-07-29T02:07:00+00:00,2959.4,2959.4,2958.7,2959.0,49
2026-07-29T02:08:00+00:00,2959.0,2959.6,2958.6,2959.6,33
2026-07-29T02:09:00+00:00,2959.7,2960.1,2958.9,2960.0,40
2026-07-29T02:10:00+00:00,2959.6,2960.7,2959.5,2960.7,33
2026-07-29T02:11:00+00:00,2960.3,2961.2,2960.3,2960.8,30
2026-07-29T02:12:00+00:00,2960.9,2961.5,2960.8,2961.4,13
2026-07-29T02:13:00+00:00,2961.4,2961.4,2960.9,2960.9,16
2026-07-29T02:14:00+00:00,2960.9,2960.9,2960.4,2960.5,5
2026-07-29T02:15:00+00:00,2960.4,2961.0,2959.7,2959.9,16
2026-07-29T02:16:00+00:00,2960.1,2960.4,2960.0,2960.1,27
2026-07-29T02:17:00+00:00,2959.9,2959.9,2958.9,2958.9,26
2026-07-29T02:18:00+00:00,2958.6,2959.1,2958.3,2959.0,24
2026-07-29T02:19:00+00:00,2958.5,2959.1,2958.5,2959.1,9
2026-07-29T02:20:00+00:00,2959.1,2959.3,2958.9,2959.0,22
2026-07-29T02:21:00+00:00,2959.1,2961.2,2959.1,2961.2,29
2026-07-29T02:22:00+00:00,2961.1,2962.0,2961.1,2962.0,26
2026-07-29T02:23:00+00:00,2960.9,2960.9,2959.8,2960.5,11
2026-07-29T02:24:00+00:00,2960.7,2961.2,2960.2,2960.2,20
2026-07-29T02:25:00+00:00,2960.0,2960.1,2960.0,2960.1,18
2026-07-29T02:26:00+00:00,2960.2,2960.7,2960.0,2960.1,10
2026-07-29T02:27:00+00:00,2959.8,2960.2,2959.7,2960.1,14
2026-07-29T02:28:00+00:00,2960.2,2960.6,2960.2,2960.5,15
2026-07-29T02:29:00+00:00,2960.1,2960.7,2960.1,2960.7,17
2026-07-29T02:30:00+00:00,2961.1,2961.6,2960.9,2961.6,22
2026-07-29T02:31:00+00:00,2962.0,2962.1,2961.5,2961.5,14
2026-07-29T02:32:00+00:00,2961.8,2961.8,2961.5,2961.8,23
2026-07-29T02:33:00+00:00,2961.8,2961.9,2960.6,2960.6,8
2026-07-29T02:34:00+00:00,2960.7,2961.0,2960.6,2961.0,15
2026-07-29T02:35:00+00:00,2961.1,2961.1,2961.1,2961.1,7
2026-07-29T02:36:00+00:00,2961.1,2961.9,2960.6,2960.6,94
2026-07-29T02:37:00+00:00,2960.5,2960.8,2960.5,2960.6,5
2026-07-29T02:38:00+00:00,2960.9,2960.9,2960.2,2960.2,10
2026-07-29T02:39:00+00:00,2960.4,2961.5,2960.3,2961.5,20
2026-07-29T02:40:00+00:00,2961.6,2961.8,2960.9,2960.9,36
2026-07-29T02:41:00+00:00,2961.6,2962.2,2961.6,2962.0,11
2026-07-29T02:42:00+00:00,2961.8,2961.9,2961.3,2961.3,10
2026-07-29T02:43:00+00:00,2961.4,2961.5,2961.4,2961.5,3
2026-07-29T02:44:00+00:00,2961.1,2961.1,2961.0,2961.0,5
2026-07-29T02:45:00+00:00,2960.7,2961.3,2960.7,2960.7,5
2026-07-29T02:46:00+00:00,2960.5,2960.9,2960.5,2960.7,13
2026-07-29T02:47:00+00:00,2960.1,2960.4,2959.9,2960.0,19
2026-07-29T02:48:00+00:00,2960.0,2960.3,2960.0,2960.1,17
2026-07-29T02:49:00+00:00,2960.2,2960.2,2959.6,2959.8,14
2026-07-29T02:50:00+00:00,2959.7,2960.0,2959.1,2959.8,23
2026-07-29T02:51:00+00:00,2959.7,2960.4,2958.9,2960.1,17
2026-07-29T02:52:00+00:00,2960.3,2960.3,2959.5,2959.5,13
2026-07-29T02:53:00+00:00,2959.2,2959.2,2958.9,2959.2,12
2026-07-29T02:54:00+00:00,2959.1,2959.5,2958.9,2959.5,13
2026-07-29T02:55:00+00:00,2959.8,2959.8,2958.7,2959.1,11
2026-07-29T02:56:00+00:00,2958.9,2958.9,2958.7,2958.9,12
2026-07-29T02:57:00+00:00,2958.9,2958.9,2958.5,2958.5,10
2026-07-29T02:58:00+00:00,2959.0,2959.2,2959.0,2959.2,15
2026-07-29T02:59:00+00:00,2959.2,2959.4,2959.2,2959.4,19
2026-07-29T03:00:00+00:00,2959.5,2959.5,2959.2,2959.2,8
2026-07-29T03:01:00+00:00,2959.2,2959.2,2958.9,2959.2,14
2026-07-29T03:02:00+00:00,2959.1,2959.1,2958.2,2958.3,48
2026-07-29T03:03:00+00:00,2958.2,2958.2,2957.6,2957.7,62
2026-07-29T03:04:00+00:00,2957.6,2957.9,2957.3,2957.9,35
2026-07-29T03:05:00+00:00,2957.8,2957.9,2957.6,2957.9,4
2026-07-29T03:06:00+00:00,2958.2,2958.7,2958.2,2958.5,10
2026-07-29T03:07:00+00:00,2958.7,2960.3,2958.7,2959.8,22
2026-07-29T03:08:00+00:00,2959.7,2961.0,2959.7,2960.6,16
2026-07-29T03:09:00+00:00,2960.6,2961.5,2960.6,2961.5,45
2026-07-29T03:10:00+00:00,2961.3,2961.9,2960.9,2961.5,29
2026-07-29T03:11:00+00:00,2961.3,2961.3,2960.7,2960.9,28
2026-07-29T03:12:00+00:00,2960.6,2960.6,2959.3,2959.3,13
2026-07-29T03:13:00+00:00,2959.3,2959.3,2958.8,2958.8,10
2026-07-29T03:14:00+00:00,2958.6,2958.6,2958.3,2958.6,13
2026-07-29T03:15:00+00:00,2958.8,2958.9,2958.7,2958.8,11
2026-07-29T03:16:00+00:00,2958.7,2958.7,2958.4,2958.5,13
2026-07-29T03:17:00+00:00,2959.0,2959.0,2958.7,2958.8,6
2026-07-29T03:18:00+00:00,2958.5,2958.6,2958.1,2958.6,26
2026-07-29T03:19:00+00:00,2958.6,2958.8,2958.0,2958.0,12
2026-07-29T03:20:00+00:00,2958.2,2959.2,2958.2,2959.2,12
2026-07-29T03:21:00+00:00,2959.2,2959.4,2958.5,2958.5,13
2026-07-29T03:22:00+00:00,2958.3,2958.7,2958.3,2958.5,32
2026-07-29T03:23:00+00:00,2958.4,2958.4,2958.4,2958.4,1
2026-07-29T03:24:00+00:00,2957.7,2957.8,2957.2,2957.6,19
2026-07-29T03:25:00+00:00,2957.9,2957.9,2957.0,2957.6,35
2026-07-29T03:26:00+00:00,2957.6,2957.8,2957.5,2957.6,11
2026-07-29T03:27:00+00:00,2957.4,2957.5,2957.2,2957.5,30
2026-07-29T03:28:00+00:00,2957.4,2957.6,2957.1,2957.1,10
2026-07-29T03:29:00+00:00,2957.7,2957.8,2956.7,2956.7,20
2026-07-29T03:30:00+00:00,2956.6,2956.6,2955.4,2955.8,138
2026-07-29T03:31:00+00:00,2955.3,2955.3,2954.5,2955.1,80
2026-07-29T03:32:00+00:00,2955.4,2956.3,2955.4,2956.3,14
2026-07-29T03:33:00+00:00,2956.3,2956.5,2956.2,2956.3,14
2026-07-29T03:34:00+00:00,2956.5,2957.1,2956.4,2957.1,28
2026-07-29T03:35:00+00:00,2957.0,2957.0,2956.8,2956.9,4
2026-07-29T03:36:00+00:00,2957.1,2957.2,2956.9,2957.2,7
2026-07-29T03:37:00+00:00,2957.0,2957.0,2956.4,2956.5,22
2026-07-29T03:38:00+00:00,2956.9,2957.0,2956.3,2956.4,10
2026-07-29T03:39:00+00:00,2956.3,2956.3,2955.9,2955.9,7
2026-07-29T03:40:00+00:00,2955.8,2955.8,2955.8,2955.8,1
2026-07-29T03:41:00+00:00,2955.7,2955.7,2955.1,2955.4,30
2026-07-29T03:42:00+00:00,2955.6,2955.7,2955.5,2955.6,25
2026-07-29T03:43:00+00:00,2955.3,2955.6,2955.0,2955.6,27
2026-07-29T03:44:00+00:00,2955.6,2955.9,2955.4,2955.8,13
2026-07-29T03:45:00+00:00,2956.0,2956.8,2956.0,2956.6,15
2026-07-29T03:46:00+00:00,2956.9,2956.9,2956.5,2956.6,18
2026-07-29T03:47:00+00:00,2956.4,2957.4,2956.4,2957.3,16
2026-07-29T03:48:00+00:00,2957.0,2957.0,2956.2,2956.4,15
2026-07-29T03:49:00+00:00,2956.5,2956.5,2955.8,2955.8,8
2026-07-29T03:50:00+00:00,2955.7,2955.7,2955.3,2955.5,20
2026-07-29T03:51:00+00:00,2954.8,2954.9,2953.3,2953.5,105
2026-07-29T03:52:00+00:00,2953.4,2953.5,2952.6,2953.1,67
2026-07-29T03:53:00+00:00,2953.3,2953.3,2952.7,2952.7,34
2026-07-29T03:54:00+00:00,2952.7,2952.8,2952.4,2952.8,18
2026-07-29T03:55:00+00:00,2952.6,2952.6,2951.6,2951.6,83
2026-07-29T03:56:00+00:00,2951.6,2951.9,2951.2,2951.8,69
2026-07-29T03:57:00+00:00,2951.7,2952.0,2951.7,2951.9,10
2026-07-29T03:58:00+00:00,2951.9,2952.1,2951.6,2952.1,12
2026-07-29T03:59:00+00:00,2952.4,2952.7,2952.1,2952.3,13
2026-07-29T04:00:00+00:00,2952.7,2952.8,2950.3,2950.3,78
2026-07-29T04:01:00+00:00,2950.3,2950.6,2950.2,2950.6,21
2026-07-29T04:02:00+00:00,2950.7,2951.5,2950.2,2951.2,40
2026-07-29T04:03:00+00:00,2951.4,2951.8,2951.0,2951.0,14
2026-07-29T04:04:00+00:00,2950.9,2951.0,2950.9,2950.9,5
2026-07-29T04:05:00+00:00,2951.5,2951.5,2951.1,2951.2,9
2026-07-29T04:06:00+00:00,2951.0,2951.0,2950.6,2950.6,8
2026-07-29T04:07:00+00:00,2950.9,2950.9,2950.5,2950.9,15
2026-07-29T04:08:00+00:00,2950.7,2951.5,2950.7,2951.3,26
2026-07-29T04:09:00+00:00,2951.2,2952.6,2951.2,2952.5,18
2026-07-29T04:10:00+00:00,2952.4,2952.4,2952.1,2952.1,4
2026-07-29T04:11:00+00:00,2951.8,2951.9,2951.1,2951.2,21
2026-07-29T04:12:00+00:00,2950.8,2952.1,2950.8,2952.1,13
2026-07-29T04:13:00+00:00,2951.9,2951.9,2951.3,2951.3,7
2026-07-29T04:14:00+00:00,2951.3,2951.3,2950.8,2951.2,17
2026-07-29T04:15:00+00:00,2951.0,2951.1,2950.7,2950.9,7
2026-07-29T04:16:00+00:00,2950.7,2951.3,2950.5,2951.3,24
2026-07-29T04:17:00+00:00,2951.2,2951.3,2951.1,2951.1,8
2026-07-29T04:18:00+00:00,2951.1,2951.4,2950.6,2950.6,12
2026-07-29T04:19:00+00:00,2950.6,2951.4,2950.2,2951.4,33
2026-07-29T04:20:00+00:00,2951.7,2951.7,2950.5,2951.0,13
2026-07-29T04:21:00+00:00,2950.9,2951.3,2950.9,2951.3,3
2026-07-29T04:22:00+00:00,2951.8,2952.6,2951.8,2952.5,21
2026-07-29T04:23:00+00:00,2952.2,2952.4,2951.9,2952.1,30
2026-07-29T04:24:00+00:00,2952.4,2953.8,2952.3,2953.6,123
2026-07-29T04:25:00+00:00,2953.5,2954.0,2952.9,2953.7,36
2026-07-29T04:26:00+00:00,2953.7,2953.8,2953.5,2953.6,8
2026-07-29T04:27:00+00:00,2954.0,2954.4,2953.8,2953.9,20
2026-07-29T04:28:00+00:00,2954.0,2954.1,2952.7,2952.7,24
2026-07-29T04:29:00+00:00,2952.8,2953.0,2952.5,2952.8,17
2026-07-29T04:30:00+00:00,2952.8,2953.5,2952.6,2953.4,15
2026-07-29T04:31:00+00:00,2953.2,2953.3,2952.6,2953.0,9
2026-07-29T04:32:00+00:00,2952.8,2952.8,2952.7,2952.7,3
2026-07-29T04:33:00+00:00,2952.5,2952.5,2952.1,2952.1,4
2026-07-29T04:34:00+00:00,2951.9,2952.2,2951.8,2952.1,13
2026-07-29T04:35:00+00:00,2952.2,2953.1,2952.1,2953.1,24
2026-07-29T04:36:00+00:00,2953.0,2954.1,2953.0,2953.9,15
2026-07-29T04:37:00+00:00,2953.7,2954.3,2953.7,2954.1,14
2026-07-29T04:38:00+00:00,2954.4,2954.4,2953.6,2953.8,49
2026-07-29T04:39:00+00:00,2953.9,2953.9,2952.9,2952.9,8
2026-07-29T04:40:00+00:00,2953.1,2953.1,2951.9,2952.9,32
2026-07-29T04:41:00+00:00,2952.6,2953.0,2952.2,2952.6,8
2026-07-29T04:42:00+00:00,2952.2,2952.3,2952.1,2952.3,3
2026-07-29T04:43:00+00:00,2951.5,2951.8,2951.3,2951.8,6
2026-07-29T04:44:00+00:00,2951.8,2951.8,2950.9,2951.1,53
2026-07-29T04:45:00+00:00,2951.1,2951.4,2950.7,2951.4,27
2026-07-29T04:46:00+00:00,2951.8,2953.0,2951.8,2952.9,26
2026-07-29T04:47:00+00:00,2952.7,2952.7,2952.2,2952.3,31
2026-07-29T04:48:00+00:00,2952.3,2952.3,2952.3,2952.3,1
2026-07-29T04:49:00+00:00,2952.3,2952.6,2951.9,2952.6,12
2026-07-29T04:50:00+00:00,2952.8,2953.5,2952.0,2953.0,63
2026-07-29T04:51:00+00:00,2953.1,2954.8,2953.1,2954.7,19
2026-07-29T04:52:00+00:00,2954.5,2955.0,2954.5,2954.7,22
2026-07-29T04:53:00+00:00,2954.5,2955.1,2954.4,2954.6,66
2026-07-29T04:54:00+00:00,2954.5,2955.6,2954.5,2955.4,55
2026-07-29T04:55:00+00:00,2955.3,2956.4,2955.2,2956.1,55
2026-07-29T04:56:00+00:00,2956.1,2956.4,2955.9,2956.2,18
2026-07-29T04:57:00+00:00,2956.0,2956.5,2955.8,2956.2,20
2026-07-29T04:58:00+00:00,2956.4,2956.6,2956.2,2956.2,14
2026-07-29T04:59:00+00:00,2956.1,2956.6,2956.1,2956.5,17
2026-07-29T05:00:00+00:00,2956.9,2957.3,2955.6,2956.0,22
2026-07-29T05:01:00+00:00,2956.1,2957.1,2956.1,2957.1,8
2026-07-29T05:02:00+00:00,2957.0,2957.7,2956.9,2957.4,43
2026-07-29T05:03:00+00:00,2957.6,2958.5,2957.4,2957.7,22
2026-07-29T05:04:00+00:00,2957.6,2958.0,2957.4,2957.6,7
2026-07-29T05:05:00+00:00,2957.4,2957.6,2956.2,2956.7,36
2026-07-29T05:06:00+00:00,2957.1,2958.1,2957.0,2958.1,20
2026-07-29T05:07:00+00:00,2957.7,2958.9,2957.7,2958.7,77
2026-07-29T05:08:00+00:00,2958.6,2959.7,2958.6,2959.7,34
2026-07-29T05:09:00+00:00,2959.6,2959.8,2959.0,2959.0,83
2026-07-29T05:10:00+00:00,2959.0,2959.2,2958.5,2959.2,21
2026-07-29T05:11:00+00:00,2959.2,2960.1,2959.0,2959.9,63
2026-07-29T05:12:00+00:00,2960.0,2960.2,2959.6,2959.7,26
2026-07-29T05:13:00+00:00,2959.7,2960.8,2959.7,2960.8,14
2026-07-29T05:14:00+00:00,2960.6,2961.2,2960.5,2961.0,23
2026-07-29T05:15:00+00:00,2961.1,2961.1,2959.7,2959.8,15
2026-07-29T05:16:00+00:00,2959.9,2960.2,2959.6,2959.9,23
2026-07-29T05:17:00+00:00,2959.9,2960.0,2959.5,2959.5,23
2026-07-29T05:18:00+00:00,2959.3,2959.7,2959.3,2959.6,13
2026-07-29T05:19:00+00:00,2959.5,2959.5,2959.3,2959.4,4
2026-07-29T05:20:00+00:00,2959.6,2960.1,2958.9,2960.0,19
2026-07-29T05:21:00+00:00,2959.2,2959.3,2959.2,2959.3,2
2026-07-29T05:22:00+00:00,2959.7,2959.9,2959.7,2959.8,8
2026-07-29T05:23:00+00:00,2961.0,2961.1,2960.5,2960.7,12
2026-07-29T05:24:00+00:00,2960.8,2961.1,2960.8,2960.9,7
2026-07-29T05:25:00+00:00,2961.1,2961.7,2960.9,2960.9,13
2026-07-29T05:26:00+00:00,2961.5,2962.1,2961.5,2961.5,16
2026-07-29T05:27:00+00:00,2961.4,2961.6,2961.2,2961.5,10
2026-07-29T05:28:00+00:00,2961.2,2961.7,2961.1,2961.1,9
2026-07-29T05:29:00+00:00,2961.4,2961.4,2960.8,2961.2,13
2026-07-29T05:30:00+00:00,2961.2,2961.2,2960.1,2960.7,11
2026-07-29T05:31:00+00:00,2961.5,2961.7,2960.7,2960.7,4
2026-07-29T05:32:00+00:00,2961.0,2961.5,2960.6,2960.7,21
2026-07-29T05:33:00+00:00,2960.5,2961.2,2960.5,2961.2,12
2026-07-29T05:34:00+00:00,2961.0,2961.7,2960.9,2961.7,6
2026-07-29T05:35:00+00:00,2961.6,2961.8,2961.4,2961.6,10
2026-07-29T05:36:00+00:00,2961.7,2962.1,2961.4,2962.1,8
2026-07-29T05:37:00+00:00,2961.9,2962.0,2961.9,2961.9,14
2026-07-29T05:38:00+00:00,2961.9,2962.1,2961.8,2962.1,10
2026-07-29T05:39:00+00:00,2962.1,2962.3,2961.7,2962.0,23
2026-07-29T05:40:00+00:00,2961.7,2961.8,2961.1,2961.3,35
2026-07-29T05:41:00+00:00,2961.3,2961.3,2960.4,2960.9,15
2026-07-29T05:42:00+00:00,2961.3,2961.8,2961.3,2961.7,25
2026-07-29T05:43:00+00:00,2961.8,2961.9,2961.5,2961.7,6
2026-07-29T05:44:00+00:00,2961.4,2961.5,2961.0,2961.4,11
2026-07-29T05:46:00+00:00,2961.4,2962.2,2961.4,2961.9,12
2026-07-29T05:47:00+00:00,2962.0,2962.7,2961.9,2962.0,24
2026-07-29T05:48:00+00:00,2962.2,2962.2,2960.9,2961.6,9
2026-07-29T05:49:00+00:00,2961.8,2961.8,2961.6,2961.6,4
2026-07-29T05:50:00+00:00,2961.0,2961.3,2960.8,2961.3,22
2026-07-29T05:51:00+00:00,2961.5,2961.9,2961.3,2961.3,23
2026-07-29T05:52:00+00:00,2961.0,2961.5,2961.0,2961.1,33
2026-07-29T05:53:00+00:00,2961.2,2961.8,2961.2,2961.8,6
2026-07-29T05:54:00+00:00,2962.0,2962.4,2961.7,2962.3,12
2026-07-29T05:55:00+00:00,2962.4,2962.4,2961.9,2961.9,35
2026-07-29T05:56:00+00:00,2961.7,2962.1,2961.4,2961.4,17
2026-07-29T05:57:00+00:00,2961.3,2961.4,2960.9,2960.9,13
2026-07-29T05:58:00+00:00,2960.9,2960.9,2960.6,2960.9,16
2026-07-29T05:59:00+00:00,2961.0,2961.1,2961.0,2961.1,7
2026-07-29T06:00:00+00:00,2961.2,2961.5,2960.9,2961.3,19
2026-07-29T06:01:00+00:00,2961.7,2962.2,2961.2,2962.1,15
2026-07-29T06:02:00+00:00,2961.4,2961.7,2961.4,2961.5,12
2026-07-29T06:03:00+00:00,2961.6,2961.6,2960.6,2960.6,18
2026-07-29T06:04:00+00:00,2960.6,2960.6,2959.7,2959.7,45
2026-07-29T06:05:00+00:00,2959.7,2959.7,2959.3,2959.7,19
2026-07-29T06:06:00+00:00,2959.5,2959.6,2958.9,2959.6,11
2026-07-29T06:07:00+00:00,2959.5,2959.6,2959.2,2959.4,10
2026-07-29T06:08:00+00:00,2959.0,2959.6,2958.9,2959.2,17
2026-07-29T06:09:00+00:00,2958.9,2959.3,2958.7,2959.3,14
2026-07-29T06:10:00+00:00,2959.3,2959.3,2958.9,2958.9,9
2026-07-29T06:11:00+00:00,2959.2,2959.5,2958.8,2959.0,21
2026-07-29T06:12:00+00:00,2959.1,2959.7,2959.0,2959.5,17
2026-07-29T06:13:00+00:00,2959.7,2960.1,2959.6,2960.0,9
2026-07-29T06:14:00+00:00,2960.2,2960.8,2960.2,2960.6,12
2026-07-29T06:15:00+00:00,2961.0,2961.4,2960.8,2961.2,15
2026-07-29T06:16:00+00:00,2961.4,2961.9,2961.0,2961.1,32
2026-07-29T06:17:00+00:00,2961.1,2961.8,2961.0,2961.8,13
2026-07-29T06:18:00+00:00,2962.0,2962.5,2961.8,2962.3,18
2026-07-29T06:19:00+00:00,2962.2,2962.3,2961.6,2961.7,25
2026-07-29T06:20:00+00:00,2961.7,2961.9,2961.5,2961.9,12
2026-07-29T06:21:00+00:00,2961.7,2961.7,2961.4,2961.5,3
2026-07-29T06:22:00+00:00,2961.7,2961.8,2961.2,2961.8,6
2026-07-29T06:23:00+00:00,2961.4,2961.9,2961.4,2961.8,15
2026-07-29T06:24:00+00:00,2962.0,2962.2,2961.7,2962.0,19
2026-07-29T06:25:00+00:00,2961.5,2961.5,2961.5,2961.5,3
2026-07-29T06:26:00+00:00,2962.3,2963.1,2962.0,2962.6,50
2026-07-29T06:27:00+00:00,2962.8,2963.5,2962.8,2963.4,32
2026-07-29T06:28:00+00:00,2963.3,2963.5,2962.5,2962.5,45
2026-07-29T06:29:00+00:00,2962.4,2962.9,2962.3,2962.8,30
2026-07-29T06:30:00+00:00,2963.1,2964.5,2963.1,2964.2,169
2026-07-29T06:31:00+00:00,2964.4,2965.5,2964.2,2965.2,43
2026-07-29T06:32:00+00:00,2965.4,2966.6,2965.3,2966.5,29
2026-07-29T06:33:00+00:00,2966.7,2966.9,2966.0,2966.5,30
2026-07-29T06:34:00+00:00,2966.6,2966.6,2966.0,2966.3,21
2026-07-29T06:35:00+00:00,2966.2,2966.7,2966.2,2966.7,24
2026-07-29T06:36:00+00:00,2966.6,2966.8,2966.5,2966.5,5
2026-07-29T06:37:00+00:00,2966.4,2967.1,2966.4,2967.1,66
2026-07-29T06:38:00+00:00,2967.0,2967.4,2966.5,2966.8,16
2026-07-29T06:39:00+00:00,2966.9,2967.5,2966.9,2967.1,28
2026-07-29T06:40:00+00:00,2967.2,2967.2,2967.2,2967.2,7
2026-07-29T06:41:00+00:00,2967.2,2967.7,2967.1,2967.7,70
2026-07-29T06:42:00+00:00,2967.7,2967.9,2967.5,2967.7,17
2026-07-29T06:43:00+00:00,2968.0,2968.1,2967.8,2967.8,16
2026-07-29T06:44:00+00:00,2967.8,2967.8,2967.0,2967.7,53
2026-07-29T06:45:00+00:00,2967.5,2967.5,2966.5,2966.5,33
2026-07-29T06:46:00+00:00,2966.7,2968.0,2966.7,2968.0,19
2026-07-29T06:47:00+00:00,2968.2,2968.7,2968.0,2968.6,60
2026-07-29T06:48:00+00:00,2968.9,2969.0,2968.5,2969.0,32
2026-07-29T06:49:00+00:00,2968.9,2969.0,2968.3,2968.6,25
2026-07-29T06:50:00+00:00,2969.0,2969.6,2969.0,2969.3,38
2026-07-29T06:51:00+00:00,2969.1,2969.5,2968.9,2969.3,28
2026-07-29T06:52:00+00:00,2969.3,2970.2,2969.3,2970.1,44
2026-07-29T06:53:00+00:00,2970.0,2970.0,2969.4,2969.9,19
2026-07-29T06:54:00+00:00,2969.8,2970.0,2969.5,2969.8,42
2026-07-29T06:55:00+00:00,2970.0,2970.4,2969.6,2969.6,31
2026-07-29T06:56:00+00:00,2969.6,2970.1,2969.4,2970.0,9
2026-07-29T06:57:00+00:00,2970.0,2970.2,2969.6,2969.6,22
2026-07-29T06:58:00+00:00,2969.7,2969.7,2969.4,2969.4,14
2026-07-29T06:59:00+00:00,2969.7,2969.7,2969.7,2969.7,2
2026-07-29T07:00:00+00:00,2969.7,2970.3,2968.8,2969.1,77
2026-07-29T07:01:00+00:00,2968.6,2968.8,2967.2,2968.1,48
2026-07-29T07:02:00+00:00,2968.1,2968.6,2967.9,2968.2,89
2026-07-29T07:03:00+00:00,2968.1,2968.2,2967.5,2967.6,43
2026-07-29T07:04:00+00:00,2967.5,2968.0,2967.5,2967.9,13
2026-07-29T07:05:00+00:00,2968.2,2968.7,2968.1,2968.7,27
2026-07-29T07:06:00+00:00,2968.9,2969.2,2968.8,2969.0,33
2026-07-29T07:07:00+00:00,2969.0,2969.3,2968.5,2968.9,30
2026-07-29T07:08:00+00:00,2968.8,2969.0,2968.6,2968.7,17
2026-07-29T07:09:00+00:00,2968.7,2969.5,2968.7,2969.5,16
2026-07-29T07:10:00+00:00,2969.7,2970.2,2969.2,2970.2,64
2026-07-29T07:11:00+00:00,2970.2,2970.5,2969.6,2969.7,45
2026-07-29T07:12:00+00:00,2969.6,2969.8,2969.4,2969.8,27
2026-07-29T07:13:00+00:00,2969.2,2969.2,2967.8,2968.1,34
2026-07-29T07:14:00+00:00,2968.2,2968.2,2968.0,2968.0,2
2026-07-29T07:15:00+00:00,2968.0,2968.2,2967.7,2968.2,17
2026-07-29T07:16:00+00:00,2968.2,2968.8,2967.9,2968.8,24
2026-07-29T07:17:00+00:00,2968.9,2969.4,2968.9,2969.3,15
2026-07-29T07:18:00+00:00,2969.7,2969.7,2968.6,2968.7,14
2026-07-29T07:19:00+00:00,2968.1,2968.3,2967.8,2967.9,5
2026-07-29T07:20:00+00:00,2968.3,2968.4,2968.3,2968.4,13
2026-07-29T07:21:00+00:00,2968.0,2968.3,2967.8,2967.8,9
2026-07-29T07:22:00+00:00,2967.8,2967.8,2967.4,2967.4,7
2026-07-29T07:23:00+00:00,2967.5,2967.8,2967.3,2967.5,16
2026-07-29T07:24:00+00:00,2967.4,2967.5,2967.2,2967.5,7
2026-07-29T07:25:00+00:00,2967.3,2967.7,2966.9,2967.7,17
2026-07-29T07:26:00+00:00,2967.5,2968.4,2967.5,2968.4,10
2026-07-29T07:27:00+00:00,2968.6,2968.6,2967.8,2967.8,7
2026-07-29T07:28:00+00:00,2968.0,2968.2,2968.0,2968.2,4
2026-07-29T07:29:00+00:00,2967.9,2968.9,2967.8,2968.9,12
2026-07-29T07:30:00+00:00,2969.1,2969.1,2968.4,2968.7,23
2026-07-29T07:31:00+00:00,2969.1,2970.5,2968.8,2970.5,49
2026-07-29T07:32:00+00:00,2970.4,2970.4,2969.6,2969.6,15
2026-07-29T07:33:00+00:00,2969.9,2969.9,2969.5,2969.5,5
2026-07-29T07:34:00+00:00,2969.3,2969.3,2968.4,2968.9,25
2026-07-29T07:35:00+00:00,2968.8,2969.3,2968.7,2968.7,15
2026-07-29T07:36:00+00:00,2968.7,2969.2,2968.7,2969.1,5
2026-07-29T07:37:00+00:00,2969.6,2970.7,2969.4,2970.4,37
2026-07-29T07:38:00+00:00,2969.7,2970.0,2969.4,2969.7,6
2026-07-29T07:39:00+00:00,2969.7,2969.9,2969.4,2969.6,8
2026-07-29T07:40:00+00:00,2969.9,2970.1,2969.9,2970.0,20
2026-07-29T07:41:00+00:00,2970.5,2970.5,2970.0,2970.0,17
2026-07-29T07:42:00+00:00,2970.2,2970.4,2970.2,2970.4,2
2026-07-29T07:43:00+00:00,2970.1,2970.5,2969.8,2970.5,10
2026-07-29T07:44:00+00:00,2970.5,2970.5,2970.2,2970.4,7
2026-07-29T07:45:00+00:00,2970.1,2970.1,2969.3,2969.5,14
2026-07-29T07:46:00+00:00,2969.4,2969.5,2968.9,2969.5,27
2026-07-29T07:47:00+00:00,2969.5,2970.8,2969.5,2970.1,46
2026-07-29T07:48:00+00:00,2970.0,2970.0,2969.4,2969.4,65
2026-07-29T07:49:00+00:00,2969.5,2969.7,2969.5,2969.5,3
2026-07-29T07:50:00+00:00,2969.1,2969.2,2968.7,2968.7,18
2026-07-29T07:51:00+00:00,2969.1,2969.2,2968.9,2969.2,19
2026-07-29T07:52:00+00:00,2969.4,2969.4,2968.8,2968.8,27
2026-07-29T07:53:00+00:00,2969.0,2969.2,2968.6,2968.7,7
2026-07-29T07:54:00+00:00,2968.8,2968.8,2968.7,2968.7,3
2026-07-29T07:55:00+00:00,2968.3,2968.6,2968.2,2968.6,13
2026-07-29T07:56:00+00:00,2968.5,2969.2,2968.5,2969.2,8
2026-07-29T07:57:00+00:00,2969.3,2969.9,2968.9,2969.9,10
2026-07-29T07:58:00+00:00,2970.0,2970.5,2969.9,2969.9,18
2026-07-29T07:59:00+00:00,2969.8,2969.8,2969.7,2969.7,2
2026-07-29T08:00:00+00:00,2969.9,2970.0,2968.9,2969.2,17
2026-07-29T08:01:00+00:00,2969.3,2969.5,2969.1,2969.5,28
2026-07-29T08:02:00+00:00,2970.0,2970.2,2969.1,2969.7,41
2026-07-29T08:03:00+00:00,2970.0,2971.2,2970.0,2970.6,57
2026-07-29T08:04:00+00:00,2970.6,2970.6,2970.3,2970.4,12
2026-07-29T08:05:00+00:00,2969.7,2970.2,2969.6,2969.7,28
2026-07-29T08:06:00+00:00,2969.8,2970.3,2969.0,2970.0,37
2026-07-29T08:07:00+00:00,2970.1,2970.2,2969.2,2969.5,19
2026-07-29T08:08:00+00:00,2969.3,2970.4,2969.2,2970.1,21
2026-07-29T08:09:00+00:00,2970.0,2970.0,2968.9,2969.3,9
2026-07-29T08:10:00+00:00,2969.5,2970.7,2969.5,2970.4,23
2026-07-29T08:11:00+00:00,2969.7,2969.9,2969.7,2969.8,6
2026-07-29T08:12:00+00:00,2969.9,2969.9,2968.1,2968.4,22
2026-07-29T08:13:00+00:00,2968.4,2968.9,2968.3,2968.8,38
2026-07-29T08:14:00+00:00,2968.6,2968.6,2967.8,2967.8,21
2026-07-29T08:15:00+00:00,2967.7,2968.0,2967.5,2967.5,66
2026-07-29T08:16:00+00:00,2967.6,2968.7,2967.5,2968.3,30
2026-07-29T08:17:00+00:00,2968.4,2968.5,2967.7,2968.2,16
2026-07-29T08:18:00+00:00,2968.3,2968.3,2968.3,2968.3,2
2026-07-29T08:19:00+00:00,2968.1,2968.5,2967.7,2967.8,17
2026-07-29T08:20:00+00:00,2967.6,2968.1,2967.5,2968.0,46
2026-07-29T08:21:00+00:00,2968.0,2968.0,2967.2,2967.2,36
2026-07-29T08:22:00+00:00,2967.5,2968.0,2967.4,2967.8,24
2026-07-29T08:23:00+00:00,2967.4,2967.5,2966.8,2967.5,45
2026-07-29T08:24:00+00:00,2967.1,2967.1,2965.7,2966.1,46
2026-07-29T08:25:00+00:00,2965.9,2966.3,2965.6,2965.8,62
2026-07-29T08:26:00+00:00,2965.7,2965.7,2964.4,2964.5,43
2026-07-29T08:27:00+00:00,2964.4,2965.0,2964.3,2965.0,19
2026-07-29T08:28:00+00:00,2965.1,2965.1,2964.4,2964.6,10
2026-07-29T08:29:00+00:00,2964.9,2965.4,2964.7,2965.4,42
2026-07-29T08:30:00+00:00,2965.3,2966.6,2965.0,2966.3,54
2026-07-29T08:31:00+00:00,2966.3,2967.5,2966.3,2967.2,52
2026-07-29T08:32:00+00:00,2967.5,2969.1,2967.3,2968.8,58
2026-07-29T08:33:00+00:00,2968.8,2969.0,2967.9,2968.0,54
2026-07-29T08:34:00+00:00,2968.3,2969.3,2968.3,2968.8,34
2026-07-29T08:35:00+00:00,2968.6,2968.7,2968.4,2968.5,6
2026-07-29T08:36:00+00:00,2968.3,2969.5,2968.3,2969.2,35
2026-07-29T08:37:00+00:00,2969.3,2969.6,2968.9,2968.9,29
2026-07-29T08:38:00+00:00,2968.8,2969.4,2968.6,2969.4,10
2026-07-29T08:39:00+00:00,2969.5,2969.5,2968.9,2968.9,6
2026-07-29T08:40:00+00:00,2969.0,2969.6,2968.9,2969.5,30
2026-07-29T08:41:00+00:00,2969.8,2969.9,2969.4,2969.4,12
2026-07-29T08:42:00+00:00,2969.6,2970.5,2969.6,2970.5,42
2026-07-29T08:43:00+00:00,2970.8,2971.6,2970.8,2971.3,63
2026-07-29T08:44:00+00:00,2971.4,2972.1,2971.3,2971.9,35
2026-07-29T08:45:00+00:00,2971.8,2972.1,2971.2,2972.0,45
2026-07-29T08:46:00+00:00,2971.8,2973.1,2971.8,2972.9,64
2026-07-29T08:47:00+00:00,2972.7,2972.7,2971.4,2971.9,56
2026-07-29T08:48:00+00:00,2972.0,2972.0,2970.8,2970.8,29
2026-07-29T08:49:00+00:00,2970.7,2972.2,2970.6,2972.2,19
2026-07-29T08:50:00+00:00,2972.5,2972.8,2972.4,2972.6,24
2026-07-29T08:51:00+00:00,2972.7,2972.9,2972.1,2972.4,16
2026-07-29T08:52:00+00:00,2972.4,2972.4,2972.0,2972.4,19
2026-07-29T08:53:00+00:00,2972.3,2972.3,2972.0,2972.3,12
2026-07-29T08:54:00+00:00,2972.2,2972.2,2971.4,2971.7,23
2026-07-29T08:55:00+00:00,2972.0,2972.0,2972.0,2972.0,1
2026-07-29T08:56:00+00:00,2972.2,2972.4,2972.1,2972.4,7
2026-07-29T08:57:00+00:00,2972.0,2972.0,2971.8,2971.8,2
2026-07-29T08:58:00+00:00,2972.2,2972.2,2971.6,2971.8,9
2026-07-29T08:59:00+00:00,2971.5,2972.0,2971.5,2972.0,12
2026-07-29T09:00:00+00:00,2972.0,2972.0,2970.9,2971.4,20
2026-07-29T09:01:00+00:00,2971.5,2971.5,2971.5,2971.5,1
2026-07-29T09:02:00+00:00,2972.0,2972.0,2971.3,2971.3,25
2026-07-29T09:03:00+00:00,2971.0,2972.0,2970.8,2972.0,13
2026-07-29T09:04:00+00:00,2971.9,2971.9,2971.5,2971.5,8
2026-07-29T09:05:00+00:00,2971.3,2971.8,2971.3,2971.8,20
2026-07-29T09:06:00+00:00,2971.6,2972.3,2971.4,2971.5,59
2026-07-29T09:07:00+00:00,2971.3,2971.5,2970.8,2971.5,58
2026-07-29T09:08:00+00:00,2971.2,2971.2,2970.9,2970.9,14
2026-07-29T09:09:00+00:00,2971.4,2971.4,2971.0,2971.1,21
2026-07-29T09:10:00+00:00,2971.2,2971.4,2970.9,2971.3,41
2026-07-29T09:11:00+00:00,2971.4,2971.6,2971.0,2971.6,28
2026-07-29T09:12:00+00:00,2971.4,2971.4,2970.8,2971.2,19
2026-07-29T09:13:00+00:00,2971.5,2971.5,2971.1,2971.1,3
2026-07-29T09:14:00+00:00,2970.9,2971.5,2970.9,2971.4,18
2026-07-29T09:15:00+00:00,2971.7,2971.9,2971.4,2971.7,13
2026-07-29T09:16:00+00:00,2971.7,2971.7,2971.0,2971.0,27
2026-07-29T09:17:00+00:00,2971.0,2971.3,2970.5,2970.7,15
2026-07-29T09:18:00+00:00,2971.0,2971.5,2971.0,2971.4,10
2026-07-29T09:19:00+00:00,2971.2,2971.2,2971.0,2971.0,6
2026-07-29T09:20:00+00:00,2970.7,2970.9,2970.2,2970.2,13
2026-07-29T09:21:00+00:00,2970.1,2970.4,2969.9,2969.9,19
2026-07-29T09:22:00+00:00,2970.1,2971.2,2970.1,2971.2,44
2026-07-29T09:23:00+00:00,2971.1,2971.1,2970.3,2970.4,16
2026-07-29T09:24:00+00:00,2970.5,2970.5,2970.3,2970.5,13
2026-07-29T09:25:00+00:00,2970.7,2971.6,2970.7,2971.3,12
2026-07-29T09:26:00+00:00,2971.3,2971.3,2970.9,2970.9,12
2026-07-29T09:27:00+00:00,2970.3,2970.3,2969.8,2969.8,26
2026-07-29T09:28:00+00:00,2969.9,2970.2,2969.9,2970.2,10
2026-07-29T09:29:00+00:00,2970.1,2970.1,2970.0,2970.0,4
2026-07-29T09:30:00+00:00,2970.1,2970.5,2970.0,2970.2,8
2026-07-29T09:31:00+00:00,2970.0,2970.0,2969.6,2969.6,12
2026-07-29T09:32:00+00:00,2969.7,2969.7,2969.3,2969.6,12
2026-07-29T09:33:00+00:00,2969.5,2969.5,2969.5,2969.5,4
2026-07-29T09:34:00+00:00,2969.8,2970.0,2969.5,2969.5,10
2026-07-29T09:35:00+00:00,2969.6,2969.8,2969.3,2969.3,17
2026-07-29T09:36:00+00:00,2970.0,2970.2,2969.7,2970.2,10
2026-07-29T09:37:00+00:00,2970.2,2970.7,2970.2,2970.7,14
2026-07-29T09:38:00+00:00,2970.5,2971.8,2970.5,2971.8,48
2026-07-29T09:39:00+00:00,2971.7,2971.7,2970.1,2970.2,85
2026-07-29T09:40:00+00:00,2970.4,2971.2,2970.4,2971.1,13
2026-07-29T09:41:00+00:00,2971.1,2971.3,2970.6,2971.3,10
2026-07-29T09:42:00+00:00,2971.1,2971.9,2971.1,2971.9,23
2026-07-29T09:43:00+00:00,2972.0,2972.2,2971.5,2971.6,19
2026-07-29T09:44:00+00:00,2971.6,2971.6,2971.3,2971.3,3
2026-07-29T09:45:00+00:00,2971.9,2972.6,2971.9,2972.6,20
2026-07-29T09:46:00+00:00,2972.5,2972.9,2972.4,2972.9,21
2026-07-29T09:47:00+00:00,2973.0,2973.8,2972.9,2973.8,36
2026-07-29T09:48:00+00:00,2973.9,2973.9,2973.7,2973.8,26
2026-07-29T09:49:00+00:00,2973.9,2974.4,2973.9,2974.4,42
2026-07-29T09:50:00+00:00,2974.5,2975.2,2974.5,2974.5,82
2026-07-29T09:51:00+00:00,2974.5,2975.0,2974.3,2975.0,16
2026-07-29T09:52:00+00:00,2974.9,2975.8,2974.7,2975.7,52
2026-07-29T09:53:00+00:00,2975.8,2975.8,2974.7,2974.9,76
2026-07-29T09:54:00+00:00,2974.6,2974.8,2974.1,2974.2,22
2026-07-29T09:55:00+00:00,2974.0,2974.3,2973.5,2973.5,27
2026-07-29T09:56:00+00:00,2973.2,2973.5,2972.7,2973.3,30
2026-07-29T09:57:00+00:00,2972.8,2973.1,2972.5,2973.0,35
2026-07-29T09:58:00+00:00,2973.2,2973.5,2973.1,2973.4,22
2026-07-29T09:59:00+00:00,2973.3,2973.3,2973.0,2973.0,16
2026-07-29T10:00:00+00:00,2973.0,2973.3,2972.1,2972.1,32
2026-07-29T10:01:00+00:00,2972.3,2973.1,2972.3,2973.1,25
2026-07-29T10:02:00+00:00,2973.4,2973.4,2972.9,2973.1,12
2026-07-29T10:03:00+00:00,2973.4,2973.9,2973.1,2973.1,16
2026-07-29T10:04:00+00:00,2973.2,2973.2,2973.1,2973.2,7
2026-07-29T10:05:00+00:00,2973.3,2974.1,2972.9,2973.8,74
2026-07-29T10:06:00+00:00,2973.6,2973.6,2971.1,2971.6,376
2026-07-29T10:07:00+00:00,2971.9,2972.1,2970.8,2971.3,42
2026-07-29T10:08:00+00:00,2971.3,2971.7,2971.3,2971.6,24
2026-07-29T10:09:00+00:00,2971.9,2972.4,2971.8,2972.4,28
2026-07-29T10:10:00+00:00,2972.2,2973.1,2972.2,2973.1,15
2026-07-29T10:11:00+00:00,2972.4,2972.4,2971.9,2971.9,5
2026-07-29T10:12:00+00:00,2972.0,2972.2,2971.5,2971.8,21
2026-07-29T10:13:00+00:00,2972.4,2972.6,2972.3,2972.6,7
2026-07-29T10:14:00+00:00,2972.4,2972.4,2971.9,2972.2,15
2026-07-29T10:15:00+00:00,2972.3,2972.3,2971.8,2971.9,9
2026-07-29T10:16:00+00:00,2972.4,2972.5,2972.4,2972.5,9
2026-07-29T10:17:00+00:00,2972.6,2972.8,2972.5,2972.5,16
2026-07-29T10:18:00+00:00,2972.6,2972.7,2972.3,2972.5,18
2026-07-29T10:19:00+00:00,2972.1,2972.1,2971.3,2972.0,19
2026-07-29T10:20:00+00:00,2972.4,2972.5,2972.0,2972.3,26
2026-07-29T10:21:00+00:00,2972.4,2972.4,2972.0,2972.3,8
2026-07-29T10:22:00+00:00,2972.4,2972.5,2972.2,2972.5,10
2026-07-29T10:23:00+00:00,2972.6,2972.6,2972.1,2972.2,14
2026-07-29T10:24:00+00:00,2972.1,2972.2,2972.0,2972.0,12
2026-07-29T10:25:00+00:00,2971.9,2971.9,2971.1,2971.4,16
2026-07-29T10:26:00+00:00,2971.4,2971.6,2971.3,2971.6,6
2026-07-29T10:27:00+00:00,2971.7,2971.8,2971.1,2971.5,25
2026-07-29T10:28:00+00:00,2971.7,2971.8,2971.4,2971.8,7
2026-07-29T10:29:00+00:00,2971.9,2972.7,2971.9,2972.6,13
2026-07-29T10:30:00+00:00,2972.7,2973.6,2972.6,2972.6,33
2026-07-29T10:31:00+00:00,2972.2,2972.2,2971.4,2971.4,31
2026-07-29T10:32:00+00:00,2971.1,2971.6,2970.9,2971.3,20
2026-07-29T10:33:00+00:00,2971.5,2972.2,2971.5,2972.2,9
2026-07-29T10:34:00+00:00,2972.3,2972.3,2971.6,2971.7,27
2026-07-29T10:35:00+00:00,2971.6,2971.6,2971.3,2971.5,7
2026-07-29T10:36:00+00:00,2971.7,2971.7,2971.3,2971.5,18
2026-07-29T10:37:00+00:00,2971.5,2971.5,2970.9,2971.3,18
2026-07-29T10:38:00+00:00,2970.9,2970.9,2969.8,2969.8,32
2026-07-29T10:39:00+00:00,2970.2,2970.3,2969.2,2969.6,26
2026-07-29T10:40:00+00:00,2969.7,2969.7,2969.3,2969.6,40
2026-07-29T10:41:00+00:00,2969.7,2971.0,2969.7,2970.5,27
2026-07-29T10:42:00+00:00,2970.6,2971.1,2970.6,2971.1,6
2026-07-29T10:43:00+00:00,2970.4,2970.5,2970.1,2970.5,8
2026-07-29T10:44:00+00:00,2970.2,2971.0,2970.2,2971.0,13
2026-07-29T10:45:00+00:00,2970.8,2970.8,2970.2,2970.4,14
2026-07-29T10:46:00+00:00,2970.6,2970.6,2969.8,2970.0,19
2026-07-29T10:47:00+00:00,2970.1,2970.3,2969.6,2969.6,9
2026-07-29T10:48:00+00:00,2969.9,2970.3,2969.9,2970.3,13
2026-07-29T10:49:00+00:00,2970.2,2970.2,2969.9,2970.0,3
2026-07-29T10:50:00+00:00,2970.0,2970.4,2969.8,2970.4,3
2026-07-29T10:51:00+00:00,2970.9,2970.9,2969.4,2969.7,17
2026-07-29T10:52:00+00:00,2969.5,2969.6,2968.8,2969.2,59
2026-07-29T10:53:00+00:00,2969.1,2969.1,2967.7,2968.2,24
2026-07-29T10:54:00+00:00,2968.3,2968.5,2968.1,2968.1,17
2026-07-29T10:55:00+00:00,2968.0,2968.0,2967.5,2967.6,43
2026-07-29T10:56:00+00:00,2967.7,2968.5,2967.7,2968.5,11
2026-07-29T10:57:00+00:00,2968.2,2968.2,2967.9,2968.2,12
2026-07-29T10:58:00+00:00,2968.1,2968.1,2967.2,2967.4,35
2026-07-29T10:59:00+00:00,2967.3,2967.9,2967.1,2967.9,43
2026-07-29T11:00:00+00:00,2967.9,2968.0,2966.9,2968.0,62
2026-07-29T11:01:00+00:00,2968.0,2968.5,2967.6,2968.5,45
2026-07-29T11:02:00+00:00,2968.7,2968.8,2968.5,2968.6,9
2026-07-29T11:03:00+00:00,2969.0,2969.6,2969.0,2969.3,31
2026-07-29T11:04:00+00:00,2969.7,2969.7,2969.1,2969.1,14
2026-07-29T11:05:00+00:00,2969.0,2969.1,2968.6,2968.6,12
2026-07-29T11:06:00+00:00,2968.6,2968.6,2967.8,2968.0,19
2026-07-29T11:07:00+00:00,2969.4,2969.8,2969.3,2969.4,10
2026-07-29T11:08:00+00:00,2969.9,2970.7,2969.7,2970.6,32
2026-07-29T11:09:00+00:00,2970.5,2970.7,2970.5,2970.7,14
2026-07-29T11:10:00+00:00,2970.5,2971.5,2970.5,2971.5,42
2026-07-29T11:11:00+00:00,2971.5,2971.7,2971.2,2971.4,28
2026-07-29T11:12:00+00:00,2971.1,2971.2,2970.4,2970.7,26
2026-07-29T11:13:00+00:00,2971.2,2971.5,2971.1,2971.3,14
2026-07-29T11:14:00+00:00,2971.3,2971.5,2970.8,2970.8,22
2026-07-29T11:15:00+00:00,2970.6,2971.1,2970.5,2970.7,22
2026-07-29T11:16:00+00:00,2971.0,2971.0,2970.3,2970.5,12
2026-07-29T11:17:00+00:00,2970.2,2970.4,2970.1,2970.4,17
2026-07-29T11:18:00+00:00,2971.1,2971.8,2971.0,2971.6,14
2026-07-29T11:19:00+00:00,2971.4,2971.6,2971.0,2971.0,35
2026-07-29T11:20:00+00:00,2971.4,2971.4,2970.9,2971.0,13
2026-07-29T11:21:00+00:00,2971.4,2971.6,2971.1,2971.2,21
2026-07-29T11:22:00+00:00,2971.6,2971.6,2971.0,2971.0,10
2026-07-29T11:23:00+00:00,2971.0,2971.3,2971.0,2971.3,6
2026-07-29T11:24:00+00:00,2971.0,2971.0,2970.4,2970.4,12
2026-07-29T11:25:00+00:00,2970.4,2970.8,2970.0,2970.3,21
2026-07-29T11:26:00+00:00,2970.2,2970.4,2970.2,2970.4,8
2026-07-29T11:27:00+00:00,2970.8,2971.1,2970.7,2970.7,16
2026-07-29T11:28:00+00:00,2971.1,2971.5,2971.1,2971.4,35
2026-07-29T11:29:00+00:00,2971.4,2971.4,2970.8,2970.9,16
2026-07-29T11:30:00+00:00,2970.7,2970.8,2970.0,2970.1,31
2026-07-29T11:31:00+00:00,2970.5,2970.5,2969.9,2970.3,16
2026-07-29T11:32:00+00:00,2969.6,2969.7,2969.0,2969.2,34
2026-07-29T11:33:00+00:00,2969.4,2969.4,2969.0,2969.0,14
2026-07-29T11:34:00+00:00,2969.4,2969.7,2969.4,2969.6,8
2026-07-29T11:35:00+00:00,2969.5,2969.5,2969.3,2969.5,8
2026-07-29T11:36:00+00:00,2969.6,2969.6,2969.4,2969.6,5
2026-07-29T11:37:00+00:00,2969.5,2969.7,2969.4,2969.4,9
2026-07-29T11:38:00+00:00,2969.2,2969.4,2969.1,2969.3,14
2026-07-29T11:39:00+00:00,2969.7,2969.7,2968.4,2968.4,37
2026-07-29T11:40:00+00:00,2968.8,2969.0,2968.8,2969.0,8
2026-07-29T11:41:00+00:00,2968.8,2968.8,2968.8,2968.8,1
2026-07-29T11:42:00+00:00,2969.0,2969.5,2969.0,2969.2,28
2026-07-29T11:43:00+00:00,2969.3,2969.4,2969.3,2969.4,6
2026-07-29T11:44:00+00:00,2969.3,2969.4,2969.1,2969.1,12
2026-07-29T11:45:00+00:00,2969.2,2969.2,2968.8,2968.9,11
2026-07-29T11:46:00+00:00,2968.7,2968.7,2968.3,2968.4,16
2026-07-29T11:47:00+00:00,2968.4,2970.4,2968.4,2970.4,139
2026-07-29T11:48:00+00:00,2970.2,2972.1,2970.2,2971.2,59
2026-07-29T11:49:00+00:00,2971.1,2971.3,2971.0,2971.1,30
2026-07-29T11:50:00+00:00,2971.0,2971.2,2970.9,2971.2,13
2026-07-29T11:51:00+00:00,2970.7,2971.0,2970.5,2970.9,22
2026-07-29T11:52:00+00:00,2970.8,2971.2,2969.8,2969.8,17
2026-07-29T11:53:00+00:00,2969.5,2970.0,2969.4,2970.0,6
2026-07-29T11:54:00+00:00,2970.0,2970.1,2969.5,2969.5,54
2026-07-29T11:55:00+00:00,2969.4,2970.0,2969.4,2969.9,11
2026-07-29T11:56:00+00:00,2970.0,2970.3,2970.0,2970.1,45
2026-07-29T11:57:00+00:00,2970.0,2970.2,2970.0,2970.0,11
2026-07-29T11:58:00+00:00,2970.5,2970.5,2970.1,2970.2,17
2026-07-29T11:59:00+00:00,2970.4,2970.7,2970.3,2970.7,18
2026-07-29T12:00:00+00:00,2971.0,2971.1,2969.5,2969.5,25
2026-07-29T12:01:00+00:00,2969.8,2970.0,2969.6,2969.9,22
2026-07-29T12:02:00+00:00,2969.8,2969.8,2969.4,2969.6,10
2026-07-29T12:03:00+00:00,2969.3,2969.3,2968.9,2969.0,9
2026-07-29T12:04:00+00:00,2969.0,2969.5,2969.0,2969.5,13
2026-07-29T12:05:00+00:00,2969.3,2970.4,2969.3,2970.4,23
2026-07-29T12:06:00+00:00,2970.3,2971.3,2969.6,2969.8,35
2026-07-29T12:07:00+00:00,2969.5,2969.5,2969.0,2969.2,28
2026-07-29T12:08:00+00:00,2968.8,2968.8,2967.9,2968.0,43
2026-07-29T12:09:00+00:00,2968.1,2968.3,2967.7,2968.2,22
2026-07-29T12:10:00+00:00,2968.4,2969.0,2968.1,2968.7,34
2026-07-29T12:11:00+00:00,2968.8,2969.0,2968.7,2968.8,29
2026-07-29T12:12:00+00:00,2968.9,2969.1,2968.2,2968.5,29
2026-07-29T12:13:00+00:00,2968.4,2968.4,2968.2,2968.3,6
2026-07-29T12:14:00+00:00,2968.1,2968.1,2965.8,2966.4,296
2026-07-29T12:15:00+00:00,2966.5,2966.7,2965.5,2965.6,72
2026-07-29T12:16:00+00:00,2965.6,2965.6,2958.5,2958.7,755
2026-07-29T12:17:00+00:00,2958.5,2960.6,2956.8,2960.3,379
2026-07-29T12:18:00+00:00,2960.5,2960.7,2958.0,2960.1,240
2026-07-29T12:19:00+00:00,2960.1,2960.4,2958.6,2959.4,107
2026-07-29T12:20:00+00:00,2959.5,2960.2,2958.6,2959.8,94
2026-07-29T12:21:00+00:00,2960.0,2960.6,2958.7,2959.0,97
2026-07-29T12:22:00+00:00,2959.0,2959.5,2957.3,2959.5,130
2026-07-29T12:23:00+00:00,2959.3,2961.2,2959.3,2961.2,71
2026-07-29T12:24:00+00:00,2961.1,2961.3,2957.4,2957.4,124
2026-07-29T12:25:00+00:00,2957.4,2959.4,2957.4,2959.3,72
2026-07-29T12:26:00+00:00,2959.6,2959.8,2959.2,2959.6,31
2026-07-29T12:27:00+00:00,2959.3,2960.8,2959.2,2959.9,34
2026-07-29T12:28:00+00:00,2959.9,2960.6,2959.5,2960.5,40
2026-07-29T12:29:00+00:00,2960.9,2960.9,2958.2,2958.4,35
2026-07-29T12:30:00+00:00,2958.0,2958.4,2956.6,2958.4,98
2026-07-29T12:31:00+00:00,2958.3,2959.1,2958.1,2958.4,67
2026-07-29T12:32:00+00:00,2958.5,2959.0,2957.7,2958.1,59
2026-07-29T12:33:00+00:00,2958.0,2958.2,2957.2,2957.9,37
2026-07-29T12:34:00+00:00,2958.0,2959.1,2958.0,2959.1,38
2026-07-29T12:35:00+00:00,2959.6,2960.1,2959.4,2959.9,83
2026-07-29T12:36:00+00:00,2959.7,2959.7,2958.1,2958.4,35
2026-07-29T12:37:00+00:00,2958.2,2959.0,2958.2,2958.7,24
2026-07-29T12:38:00+00:00,2958.7,2959.4,2958.3,2958.6,31
2026-07-29T12:39:00+00:00,2958.7,2959.5,2958.7,2959.5,27
2026-07-29T12:40:00+00:00,2959.5,2959.5,2958.7,2958.7,20
2026-07-29T12:41:00+00:00,2958.9,2960.4,2958.9,2960.4,71
2026-07-29T12:42:00+00:00,2960.1,2960.2,2959.5,2959.8,36
2026-07-29T12:43:00+00:00,2960.0,2960.5,2959.9,2960.3,37
2026-07-29T12:44:00+00:00,2960.0,2960.8,2960.0,2960.6,15
2026-07-29T12:45:00+00:00,2960.9,2961.1,2959.9,2960.1,28
2026-07-29T12:46:00+00:00,2960.3,2960.8,2960.2,2960.5,19
2026-07-29T12:47:00+00:00,2960.6,2960.6,2959.8,2960.1,11
2026-07-29T12:48:00+00:00,2960.1,2960.4,2959.7,2960.4,17
2026-07-29T12:49:00+00:00,2960.5,2960.7,2960.3,2960.6,17
2026-07-29T12:50:00+00:00,2960.4,2960.8,2960.2,2960.5,30
2026-07-29T12:51:00+00:00,2960.4,2960.4,2959.4,2959.6,38
2026-07-29T12:52:00+00:00,2959.7,2960.1,2959.4,2959.4,25
2026-07-29T12:53:00+00:00,2959.6,2960.0,2959.5,2959.6,28
2026-07-29T12:54:00+00:00,2959.3,2959.6,2958.8,2959.5,39
2026-07-29T12:55:00+00:00,2959.3,2959.7,2958.9,2959.7,52
2026-07-29T12:56:00+00:00,2959.8,2960.4,2959.4,2960.3,79
2026-07-29T12:57:00+00:00,2960.2,2960.2,2958.9,2959.2,19
2026-07-29T12:58:00+00:00,2959.2,2959.3,2958.7,2958.9,23
2026-07-29T12:59:00+00:00,2958.9,2959.1,2958.7,2959.1,13
2026-07-29T13:00:00+00:00,2959.4,2959.7,2958.5,2958.6,76
2026-07-29T13:01:00+00:00,2958.5,2958.9,2958.4,2958.7,27
2026-07-29T13:02:00+00:00,2958.4,2959.1,2957.9,2957.9,24
2026-07-29T13:03:00+00:00,2957.8,2957.8,2956.2,2956.3,91
2026-07-29T13:04:00+00:00,2956.1,2956.4,2955.7,2956.3,128
2026-07-29T13:05:00+00:00,2956.1,2956.4,2955.9,2956.1,65
2026-07-29T13:06:00+00:00,2956.2,2956.6,2955.4,2955.8,75
2026-07-29T13:07:00+00:00,2956.0,2956.7,2956.0,2956.5,40
2026-07-29T13:08:00+00:00,2956.7,2957.3,2956.7,2957.3,60
2026-07-29T13:09:00+00:00,2957.2,2957.4,2957.0,2957.4,47
2026-07-29T13:10:00+00:00,2957.2,2957.8,2957.1,2957.4,53
2026-07-29T13:11:00+00:00,2957.5,2957.5,2956.8,2956.8,20
2026-07-29T13:12:00+00:00,2956.8,2956.8,2956.1,2956.4,51
2026-07-29T13:13:00+00:00,2956.3,2956.5,2956.0,2956.2,21
2026-07-29T13:14:00+00:00,2956.3,2956.4,2955.9,2956.2,43
2026-07-29T13:15:00+00:00,2956.0,2956.9,2955.6,2956.9,49
2026-07-29T13:16:00+00:00,2957.3,2957.5,2956.2,2956.8,82
2026-07-29T13:17:00+00:00,2956.9,2956.9,2955.5,2956.1,107
2026-07-29T13:18:00+00:00,2956.2,2956.2,2955.2,2955.9,80
2026-07-29T13:19:00+00:00,2955.9,2956.1,2955.7,2955.7,55
2026-07-29T13:20:00+00:00,2955.8,2956.0,2954.7,2955.1,105
2026-07-29T13:21:00+00:00,2955.1,2957.0,2955.1,2956.5,81
2026-07-29T13:22:00+00:00,2956.5,2957.7,2956.4,2956.8,173
2026-07-29T13:23:00+00:00,2956.9,2957.2,2956.7,2956.9,37
2026-07-29T13:24:00+00:00,2956.9,2957.3,2956.5,2957.2,57
2026-07-29T13:25:00+00:00,2957.0,2957.8,2956.8,2957.8,129
2026-07-29T13:26:00+00:00,2957.9,2959.0,2957.9,2958.9,176
2026-07-29T13:27:00+00:00,2959.0,2959.0,2957.6,2958.0,284
2026-07-29T13:28:00+00:00,2957.9,2958.2,2957.0,2957.0,284
2026-07-29T13:29:00+00:00,2957.1,2957.3,2955.0,2955.0,366
2026-07-29T13:30:00+00:00,2955.0,2960.0,2952.4,2959.7,1901
2026-07-29T13:31:00+00:00,2959.9,2962.8,2958.0,2961.2,868
2026-07-29T13:32:00+00:00,2961.4,2964.8,2961.0,2961.5,770
2026-07-29T13:33:00+00:00,2961.7,2962.5,2959.5,2961.9,503
2026-07-29T13:34:00+00:00,2961.8,2962.1,2959.0,2960.0,538
2026-07-29T13:35:00+00:00,2959.9,2960.8,2958.4,2959.8,500
2026-07-29T13:36:00+00:00,2960.3,2965.2,2960.1,2964.6,589
2026-07-29T13:37:00+00:00,2964.6,2965.0,2961.7,2963.4,322
2026-07-29T13:38:00+00:00,2963.6,2964.0,2957.2,2957.4,642
2026-07-29T13:39:00+00:00,2957.3,2963.5,2956.1,2962.5,600
2026-07-29T13:40:00+00:00,2962.4,2963.1,2958.5,2961.3,407
2026-07-29T13:41:00+00:00,2961.6,2961.6,2956.6,2957.1,372
2026-07-29T13:42:00+00:00,2956.9,2958.5,2955.3,2957.1,438
2026-07-29T13:43:00+00:00,2957.0,2959.0,2956.0,2958.7,308
2026-07-29T13:44:00+00:00,2958.7,2960.3,2957.2,2957.7,220
2026-07-29T13:45:00+00:00,2957.7,2963.3,2957.4,2963.3,545
2026-07-29T13:46:00+00:00,2963.6,2964.1,2959.3,2959.5,332
2026-07-29T13:47:00+00:00,2959.7,2960.9,2958.2,2960.2,313
2026-07-29T13:48:00+00:00,2960.0,2960.7,2957.4,2959.9,226
2026-07-29T13:49:00+00:00,2959.9,2960.9,2956.1,2957.3,332
2026-07-29T13:50:00+00:00,2957.7,2958.2,2951.7,2952.3,612
2026-07-29T13:51:00+00:00,2952.0,2955.1,2951.2,2951.3,678
2026-07-29T13:52:00+00:00,2951.2,2951.4,2947.4,2947.6,671
2026-07-29T13:53:00+00:00,2947.7,2950.9,2947.2,2950.4,528
2026-07-29T13:54:00+00:00,2950.3,2951.5,2949.1,2949.7,440
2026-07-29T13:55:00+00:00,2949.4,2949.4,2945.6,2946.8,762
2026-07-29T13:56:00+00:00,2946.8,2948.8,2945.9,2946.8,455
2026-07-29T13:57:00+00:00,2946.4,2947.4,2944.8,2946.7,571
2026-07-29T13:58:00+00:00,2946.7,2949.1,2946.7,2949.1,251
2026-07-29T13:59:00+00:00,2949.1,2949.7,2947.4,2948.0,310
2026-07-29T14:00:00+00:00,2948.1,2951.1,2947.8,2950.3,522
2026-07-29T14:01:00+00:00,2950.7,2951.3,2949.1,2950.2,268
2026-07-29T14:02:00+00:00,2950.8,2953.0,2950.2,2952.2,317
2026-07-29T14:03:00+00:00,2952.0,2952.9,2950.9,2950.9,258
2026-07-29T14:04:00+00:00,2950.8,2953.7,2950.8,2953.5,278
2026-07-29T14:05:00+00:00,2953.7,2956.8,2953.6,2954.4,677
2026-07-29T14:06:00+00:00,2954.0,2955.5,2951.9,2951.9,288
2026-07-29T14:07:00+00:00,2951.9,2952.3,2948.2,2948.6,373
2026-07-29T14:08:00+00:00,2949.0,2949.7,2945.8,2946.1,380
2026-07-29T14:09:00+00:00,2946.0,2947.7,2945.7,2946.4,269
2026-07-29T14:10:00+00:00,2946.3,2946.3,2943.5,2945.4,610
2026-07-29T14:11:00+00:00,2945.4,2945.6,2942.0,2942.5,801
2026-07-29T14:12:00+00:00,2942.5,2943.2,2938.2,2938.4,821
2026-07-29T14:13:00+00:00,2938.3,2938.6,2932.3,2933.3,995
2026-07-29T14:14:00+00:00,2933.5,2935.0,2932.4,2933.2,542
2026-07-29T14:15:00+00:00,2933.6,2937.1,2932.7,2937.1,839
2026-07-29T14:16:00+00:00,2936.9,2937.8,2933.5,2936.4,591
2026-07-29T14:17:00+00:00,2936.5,2937.6,2933.3,2933.5,510
2026-07-29T14:18:00+00:00,2933.5,2935.1,2931.8,2933.7,638
2026-07-29T14:19:00+00:00,2934.0,2934.9,2932.1,2932.8,383
2026-07-29T14:20:00+00:00,2933.1,2935.1,2931.9,2934.7,341
2026-07-29T14:21:00+00:00,2935.0,2937.7,2934.6,2937.1,374
2026-07-29T14:22:00+00:00,2937.1,2939.2,2935.8,2937.0,299
2026-07-29T14:23:00+00:00,2936.7,2939.0,2935.6,2936.0,306
2026-07-29T14:24:00+00:00,2936.0,2936.6,2932.6,2933.9,478
2026-07-29T14:25:00+00:00,2934.0,2934.0,2929.2,2929.2,515
2026-07-29T14:26:00+00:00,2929.2,2929.3,2925.3,2928.2,964
2026-07-29T14:27:00+00:00,2928.6,2929.4,2925.8,2928.8,520
2026-07-29T14:28:00+00:00,2929.1,2929.8,2927.7,2929.7,234
2026-07-29T14:29:00+00:00,2929.9,2931.0,2927.5,2927.7,392
2026-07-29T14:30:00+00:00,2927.6,2930.7,2926.4,2930.7,535
2026-07-29T14:31:00+00:00,2930.4,2931.4,2928.9,2929.1,347
2026-07-29T14:32:00+00:00,2929.4,2932.7,2928.9,2932.2,309
2026-07-29T14:33:00+00:00,2932.0,2933.3,2930.7,2931.3,245
2026-07-29T14:34:00+00:00,2931.4,2931.4,2928.6,2929.7,219
2026-07-29T14:35:00+00:00,2929.8,2930.1,2928.1,2929.7,260
2026-07-29T14:36:00+00:00,2929.6,2929.8,2928.0,2929.6,223
2026-07-29T14:37:00+00:00,2929.6,2929.6,2927.3,2928.3,191
2026-07-29T14:38:00+00:00,2928.2,2929.8,2927.2,2929.4,122
2026-07-29T14:39:00+00:00,2929.9,2929.9,2925.8,2926.7,259
2026-07-29T14:40:00+00:00,2926.9,2927.1,2922.8,2924.8,652
2026-07-29T14:41:00+00:00,2925.0,2926.6,2923.7,2924.4,254
2026-07-29T14:42:00+00:00,2924.5,2925.0,2923.4,2923.4,178
2026-07-29T14:43:00+00:00,2923.1,2924.8,2922.3,2922.5,239
2026-07-29T14:44:00+00:00,2922.6,2923.8,2921.5,2923.6,332
2026-07-29T14:45:00+00:00,2923.5,2924.7,2921.9,2922.4,304
2026-07-29T14:46:00+00:00,2922.4,2923.9,2920.3,2923.7,392
2026-07-29T14:47:00+00:00,2923.6,2925.6,2922.3,2922.6,346
2026-07-29T14:48:00+00:00,2922.0,2922.3,2920.8,2921.9,198
2026-07-29T14:49:00+00:00,2921.8,2925.2,2921.8,2925.0,200
2026-07-29T14:50:00+00:00,2925.2,2927.7,2924.5,2927.7,279
2026-07-29T14:51:00+00:00,2927.7,2927.9,2925.2,2926.0,225
2026-07-29T14:52:00+00:00,2926.2,2929.7,2926.2,2928.6,379
2026-07-29T14:53:00+00:00,2928.3,2929.2,2927.5,2928.7,334
2026-07-29T14:54:00+00:00,2928.5,2930.7,2927.5,2930.2,494
2026-07-29T14:55:00+00:00,2930.7,2931.3,2928.6,2928.8,267
2026-07-29T14:56:00+00:00,2928.5,2929.4,2926.7,2927.0,157
2026-07-29T14:57:00+00:00,2927.2,2927.4,2925.4,2925.8,125
2026-07-29T14:58:00+00:00,2925.6,2927.2,2925.3,2926.7,101
2026-07-29T14:59:00+00:00,2927.6,2928.3,2926.4,2927.7,126
2026-07-29T15:00:00+00:00,2927.6,2930.2,2925.7,2926.8,285
2026-07-29T15:01:00+00:00,2926.7,2929.3,2926.1,2929.2,177
2026-07-29T15:02:00+00:00,2929.4,2931.5,2929.0,2930.8,228
2026-07-29T15:03:00+00:00,2930.6,2932.5,2930.3,2931.4,221
2026-07-29T15:04:00+00:00,2931.0,2931.6,2929.6,2930.9,179
2026-07-29T15:05:00+00:00,2931.0,2931.0,2927.9,2929.6,224
2026-07-29T15:06:00+00:00,2929.7,2930.2,2927.7,2927.7,120
2026-07-29T15:07:00+00:00,2927.9,2930.6,2927.7,2929.8,113
2026-07-29T15:08:00+00:00,2930.0,2930.6,2928.4,2928.4,130
2026-07-29T15:09:00+00:00,2928.3,2930.1,2928.1,2929.7,105
2026-07-29T15:10:00+00:00,2930.1,2930.5,2927.2,2927.2,126
2026-07-29T15:11:00+00:00,2927.3,2927.4,2924.4,2926.4,290
2026-07-29T15:12:00+00:00,2926.9,2927.8,2926.3,2926.6,112
2026-07-29T15:13:00+00:00,2926.3,2926.4,2925.0,2926.0,185
2026-07-29T15:14:00+00:00,2926.4,2927.0,2924.3,2925.1,125
2026-07-29T15:15:00+00:00,2925.3,2927.1,2924.9,2927.1,123
2026-07-29T15:16:00+00:00,2926.9,2928.9,2926.4,2928.5,139
2026-07-29T15:17:00+00:00,2928.4,2928.7,2926.2,2927.8,211
2026-07-29T15:18:00+00:00,2927.8,2929.2,2927.7,2928.4,138
2026-07-29T15:19:00+00:00,2928.7,2928.8,2924.7,2924.9,178
2026-07-29T15:20:00+00:00,2924.9,2925.9,2923.9,2925.2,186
2026-07-29T15:21:00+00:00,2925.3,2926.9,2924.1,2926.7,256
2026-07-29T15:22:00+00:00,2926.6,2927.5,2925.1,2927.3,124
2026-07-29T15:23:00+00:00,2927.5,2928.4,2927.1,2928.0,124
2026-07-29T15:24:00+00:00,2928.2,2928.2,2925.4,2926.3,79
2026-07-29T15:25:00+00:00,2926.1,2926.1,2923.7,2924.6,187
2026-07-29T15:26:00+00:00,2924.5,2925.5,2922.6,2923.3,172
2026-07-29T15:27:00+00:00,2923.3,2924.4,2922.8,2923.0,75
2026-07-29T15:28:00+00:00,2923.3,2924.8,2923.2,2924.7,93
2026-07-29T15:29:00+00:00,2924.7,2925.0,2923.0,2923.4,81
2026-07-29T15:30:00+00:00,2923.7,2925.3,2923.1,2924.6,184
2026-07-29T15:31:00+00:00,2924.5,2925.0,2923.1,2925.0,76
2026-07-29T15:32:00+00:00,2925.4,2926.2,2924.7,2924.9,103
2026-07-29T15:33:00+00:00,2924.8,2925.5,2923.9,2924.4,69
2026-07-29T15:34:00+00:00,2924.5,2925.0,2921.9,2922.8,188
2026-07-29T15:35:00+00:00,2922.7,2925.4,2922.5,2925.1,87
2026-07-29T15:36:00+00:00,2925.5,2925.5,2923.3,2924.1,111
2026-07-29T15:37:00+00:00,2924.1,2925.2,2923.0,2923.5,116
2026-07-29T15:38:00+00:00,2923.6,2924.2,2922.1,2922.1,92
2026-07-29T15:39:00+00:00,2922.3,2922.3,2921.1,2921.1,263
2026-07-29T15:40:00+00:00,2921.2,2921.8,2920.7,2921.1,165
2026-07-29T15:41:00+00:00,2921.1,2923.1,2921.1,2921.6,106
2026-07-29T15:42:00+00:00,2921.2,2922.5,2920.7,2920.7,182
2026-07-29T15:43:00+00:00,2921.0,2921.0,2920.1,2920.4,161
2026-07-29T15:44:00+00:00,2920.5,2922.6,2920.4,2922.0,116
2026-07-29T15:45:00+00:00,2922.0,2922.6,2921.2,2921.5,114
2026-07-29T15:46:00+00:00,2921.9,2922.5,2921.6,2922.2,73
2026-07-29T15:47:00+00:00,2922.2,2923.6,2922.2,2923.5,194
2026-07-29T15:48:00+00:00,2923.1,2924.9,2923.0,2924.1,147
2026-07-29T15:49:00+00:00,2923.9,2925.2,2923.8,2924.8,137
2026-07-29T15:50:00+00:00,2924.9,2925.2,2922.5,2923.3,164
2026-07-29T15:51:00+00:00,2923.4,2923.5,2922.3,2922.8,145
2026-07-29T15:52:00+00:00,2922.7,2923.0,2921.1,2923.0,194
2026-07-29T15:53:00+00:00,2923.1,2923.1,2921.3,2922.6,89
2026-07-29T15:54:00+00:00,2922.5,2922.6,2920.1,2920.6,177
2026-07-29T15:55:00+00:00,2920.3,2920.4,2918.4,2919.7,567
2026-07-29T15:56:00+00:00,2919.4,2920.9,2918.8,2920.5,182
2026-07-29T15:57:00+00:00,2920.7,2921.5,2920.3,2921.5,182
2026-07-29T15:58:00+00:00,2921.4,2922.1,2920.8,2922.1,136
2026-07-29T15:59:00+00:00,2922.1,2923.5,2921.2,2922.8,207
2026-07-29T16:00:00+00:00,2922.9,2924.5,2921.0,2921.0,287
2026-07-29T16:01:00+00:00,2920.6,2921.7,2919.8,2919.9,108
2026-07-29T16:02:00+00:00,2919.6,2920.9,2919.4,2920.5,88
2026-07-29T16:03:00+00:00,2920.3,2920.5,2919.8,2920.2,32
2026-07-29T16:04:00+00:00,2920.0,2920.1,2918.5,2918.9,150
2026-07-29T16:05:00+00:00,2919.0,2919.4,2917.3,2919.0,462
2026-07-29T16:06:00+00:00,2919.2,2919.4,2917.3,2917.3,182
2026-07-29T16:07:00+00:00,2917.2,2918.4,2916.4,2918.0,302
2026-07-29T16:08:00+00:00,2917.9,2919.6,2917.6,2919.5,205
2026-07-29T16:09:00+00:00,2919.2,2919.3,2917.7,2918.3,56
2026-07-29T16:10:00+00:00,2918.3,2919.1,2918.1,2918.7,100
2026-07-29T16:11:00+00:00,2918.7,2919.0,2916.3,2916.7,170
2026-07-29T16:12:00+00:00,2916.6,2916.9,2915.5,2915.5,297
2026-07-29T16:13:00+00:00,2915.7,2917.1,2915.7,2916.0,111
2026-07-29T16:14:00+00:00,2916.1,2916.7,2913.7,2913.7,271
2026-07-29T16:15:00+00:00,2913.8,2914.7,2913.3,2914.4,265
2026-07-29T16:16:00+00:00,2914.4,2914.7,2913.2,2913.7,113
2026-07-29T16:17:00+00:00,2913.7,2915.3,2913.3,2915.3,114
2026-07-29T16:18:00+00:00,2914.7,2915.7,2914.0,2915.7,116
2026-07-29T16:19:00+00:00,2915.7,2916.0,2915.3,2915.3,103
2026-07-29T16:20:00+00:00,2915.1,2917.3,2914.8,2917.3,176
2026-07-29T16:21:00+00:00,2917.4,2918.1,2916.9,2917.0,134
2026-07-29T16:22:00+00:00,2917.0,2919.0,2916.9,2918.3,171
2026-07-29T16:23:00+00:00,2918.2,2920.9,2918.1,2919.5,437
2026-07-29T16:24:00+00:00,2919.5,2919.9,2918.2,2919.1,107
2026-07-29T16:25:00+00:00,2919.1,2920.6,2919.1,2919.4,174
2026-07-29T16:26:00+00:00,2919.4,2920.6,2918.8,2920.5,81
2026-07-29T16:27:00+00:00,2920.8,2921.1,2918.7,2918.9,101
2026-07-29T16:28:00+00:00,2918.8,2920.3,2918.6,2920.2,70
2026-07-29T16:29:00+00:00,2920.2,2920.6,2919.6,2920.2,124
2026-07-29T16:30:00+00:00,2920.0,2922.6,2919.8,2922.1,257
2026-07-29T16:31:00+00:00,2921.9,2922.5,2921.3,2922.4,128
2026-07-29T16:32:00+00:00,2922.3,2922.4,2920.1,2920.1,97
2026-07-29T16:33:00+00:00,2920.1,2920.4,2919.3,2920.2,140
2026-07-29T16:34:00+00:00,2920.3,2921.3,2918.2,2918.2,144
2026-07-29T16:35:00+00:00,2918.0,2918.2,2916.5,2917.2,180
2026-07-29T16:36:00+00:00,2917.4,2917.7,2915.8,2915.9,139
2026-07-29T16:37:00+00:00,2916.0,2917.9,2916.0,2917.6,78
2026-07-29T16:38:00+00:00,2917.0,2917.9,2916.7,2917.2,59
2026-07-29T16:39:00+00:00,2917.1,2918.4,2917.0,2917.9,122
2026-07-29T16:40:00+00:00,2918.1,2919.4,2917.8,2918.9,146
2026-07-29T16:41:00+00:00,2919.2,2919.6,2917.6,2917.9,59
2026-07-29T16:42:00+00:00,2917.9,2918.1,2916.1,2916.6,62
2026-07-29T16:43:00+00:00,2916.6,2916.6,2914.8,2914.8,110
2026-07-29T16:44:00+00:00,2914.8,2915.4,2914.4,2915.4,58
2026-07-29T16:45:00+00:00,2915.4,2915.5,2914.8,2915.1,68
2026-07-29T16:46:00+00:00,2915.5,2915.7,2914.3,2914.6,130
2026-07-29T16:47:00+00:00,2914.7,2916.6,2914.4,2916.6,91
2026-07-29T16:48:00+00:00,2916.9,2917.6,2915.9,2916.2,91
2026-07-29T16:49:00+00:00,2916.1,2918.0,2916.1,2917.5,76
2026-07-29T16:50:00+00:00,2917.6,2918.5,2916.9,2918.5,110
2026-07-29T16:51:00+00:00,2918.3,2919.3,2918.0,2918.1,113
2026-07-29T16:52:00+00:00,2918.4,2920.2,2917.7,2920.1,73
2026-07-29T16:53:00+00:00,2920.4,2920.6,2919.3,2919.3,103
2026-07-29T16:54:00+00:00,2919.3,2919.6,2917.7,2918.3,54
2026-07-29T16:55:00+00:00,2918.6,2920.3,2918.3,2919.3,167
2026-07-29T16:56:00+00:00,2919.3,2920.1,2918.9,2920.1,45
2026-07-29T16:57:00+00:00,2920.2,2921.0,2919.7,2920.4,170
2026-07-29T16:58:00+00:00,2920.6,2920.9,2919.7,2919.7,85
2026-07-29T16:59:00+00:00,2920.3,2921.8,2920.2,2921.8,158
2026-07-29T17:00:00+00:00,2921.9,2923.1,2921.6,2923.0,170
2026-07-29T17:01:00+00:00,2923.0,2924.3,2922.8,2924.0,150
2026-07-29T17:02:00+00:00,2923.9,2924.4,2923.1,2923.6,94
2026-07-29T17:03:00+00:00,2923.8,2926.8,2923.8,2926.8,183
2026-07-29T17:04:00+00:00,2926.6,2928.0,2925.9,2927.7,271
2026-07-29T17:05:00+00:00,2927.8,2927.9,2925.5,2925.7,182
2026-07-29T17:06:00+00:00,2925.7,2927.4,2925.1,2927.4,138
2026-07-29T17:07:00+00:00,2927.4,2927.5,2924.6,2924.8,151
2026-07-29T17:08:00+00:00,2924.6,2925.6,2924.2,2925.0,111
2026-07-29T17:09:00+00:00,2924.8,2925.4,2923.2,2923.5,115
2026-07-29T17:10:00+00:00,2923.6,2926.3,2923.3,2926.1,130
2026-07-29T17:11:00+00:00,2926.4,2926.7,2925.5,2926.5,86
2026-07-29T17:12:00+00:00,2926.4,2927.1,2924.9,2927.1,71
2026-07-29T17:13:00+00:00,2927.3,2927.8,2926.6,2926.6,91
2026-07-29T17:14:00+00:00,2926.6,2927.0,2925.4,2927.0,105
2026-07-29T17:15:00+00:00,2927.1,2927.2,2925.6,2926.1,157
2026-07-29T17:16:00+00:00,2926.0,2926.5,2925.7,2926.0,139
2026-07-29T17:17:00+00:00,2925.7,2927.5,2925.4,2927.0,86
2026-07-29T17:18:00+00:00,2927.3,2928.3,2926.8,2927.8,99
2026-07-29T17:19:00+00:00,2927.6,2928.4,2927.3,2928.3,62
2026-07-29T17:20:00+00:00,2928.6,2929.4,2928.3,2929.1,137
2026-07-29T17:21:00+00:00,2929.1,2931.7,2929.0,2931.5,206
2026-07-29T17:22:00+00:00,2931.4,2931.7,2929.9,2930.0,103
2026-07-29T17:23:00+00:00,2930.0,2931.2,2928.9,2929.8,324
2026-07-29T17:24:00+00:00,2929.7,2929.7,2927.1,2927.4,178
2026-07-29T17:25:00+00:00,2927.4,2927.6,2926.8,2927.2,164
2026-07-29T17:26:00+00:00,2927.5,2928.8,2927.0,2928.8,227
2026-07-29T17:27:00+00:00,2928.9,2929.2,2927.8,2927.9,49
2026-07-29T17:28:00+00:00,2927.9,2927.9,2926.8,2926.8,122
2026-07-29T17:29:00+00:00,2926.5,2926.5,2924.8,2924.8,126
2026-07-29T17:30:00+00:00,2924.8,2925.2,2924.0,2924.0,191
2026-07-29T17:31:00+00:00,2924.1,2926.6,2923.8,2925.8,237
2026-07-29T17:32:00+00:00,2925.9,2927.9,2925.6,2927.9,199
2026-07-29T17:33:00+00:00,2927.9,2929.6,2927.6,2929.4,225
2026-07-29T17:34:00+00:00,2929.5,2929.8,2926.4,2926.5,191
2026-07-29T17:35:00+00:00,2926.5,2927.6,2925.0,2925.0,236
2026-07-29T17:36:00+00:00,2925.1,2925.3,2924.3,2924.3,101
2026-07-29T17:37:00+00:00,2924.1,2925.8,2923.8,2925.2,135
2026-07-29T17:38:00+00:00,2925.1,2925.8,2924.8,2925.8,57
2026-07-29T17:39:00+00:00,2925.7,2926.4,2924.8,2924.9,86
2026-07-29T17:40:00+00:00,2924.8,2925.1,2924.2,2924.5,73
2026-07-29T17:41:00+00:00,2924.3,2925.3,2924.3,2925.0,57
2026-07-29T17:42:00+00:00,2924.9,2925.6,2924.2,2924.3,108
2026-07-29T17:43:00+00:00,2924.3,2926.1,2923.8,2926.0,42
2026-07-29T17:44:00+00:00,2925.9,2926.1,2925.1,2925.2,68
2026-07-29T17:45:00+00:00,2925.5,2926.4,2924.8,2924.9,110
2026-07-29T17:46:00+00:00,2925.1,2925.9,2924.5,2925.5,80
2026-07-29T17:47:00+00:00,2925.7,2926.0,2925.3,2925.3,53
2026-07-29T17:48:00+00:00,2926.3,2927.5,2926.2,2927.5,81
2026-07-29T17:49:00+00:00,2927.5,2928.6,2927.5,2928.3,106
2026-07-29T17:50:00+00:00,2928.5,2929.2,2928.3,2929.2,108
2026-07-29T17:51:00+00:00,2929.0,2930.2,2928.6,2930.0,162
2026-07-29T17:52:00+00:00,2929.9,2931.2,2929.7,2930.4,160
2026-07-29T17:53:00+00:00,2930.5,2931.7,2930.1,2931.7,177
2026-07-29T17:54:00+00:00,2931.7,2931.8,2929.9,2931.0,196
2026-07-29T17:55:00+00:00,2930.6,2931.8,2929.8,2930.3,183
2026-07-29T17:56:00+00:00,2930.7,2930.9,2928.8,2929.0,279
2026-07-29T17:57:00+00:00,2929.3,2929.7,2928.8,2929.5,68
2026-07-29T17:58:00+00:00,2929.3,2929.6,2928.1,2929.4,142
2026-07-29T17:59:00+00:00,2929.5,2933.0,2929.2,2933.0,128
2026-07-29T18:00:00+00:00,2930.2,2952.7,2925.6,2951.7,2281
2026-07-29T18:01:00+00:00,2951.1,2959.9,2947.3,2955.0,1257
2026-07-29T18:02:00+00:00,2954.4,2957.0,2951.6,2952.0,682
2026-07-29T18:03:00+00:00,2952.2,2952.8,2947.7,2949.4,724
2026-07-29T18:04:00+00:00,2949.3,2949.3,2945.2,2946.4,345
2026-07-29T18:05:00+00:00,2946.2,2949.6,2944.1,2946.2,648
2026-07-29T18:06:00+00:00,2946.1,2950.2,2945.6,2946.6,380
2026-07-29T18:07:00+00:00,2946.8,2946.9,2942.8,2943.0,528
2026-07-29T18:08:00+00:00,2942.9,2943.8,2940.7,2942.8,410
2026-07-29T18:09:00+00:00,2942.6,2944.0,2940.1,2942.4,520
2026-07-29T18:10:00+00:00,2942.4,2942.9,2939.8,2941.4,652
2026-07-29T18:11:00+00:00,2941.4,2944.3,2940.7,2943.1,321
2026-07-29T18:12:00+00:00,2943.5,2944.3,2939.9,2940.4,313
2026-07-29T18:13:00+00:00,2940.2,2941.9,2938.5,2940.3,448
2026-07-29T18:14:00+00:00,2940.4,2941.2,2936.9,2939.4,213
2026-07-29T18:15:00+00:00,2939.7,2942.8,2939.5,2941.3,253
2026-07-29T18:16:00+00:00,2941.5,2943.5,2940.2,2940.9,208
2026-07-29T18:17:00+00:00,2940.9,2941.1,2937.5,2939.3,256
2026-07-29T18:18:00+00:00,2939.4,2939.6,2937.1,2937.8,151
2026-07-29T18:19:00+00:00,2937.6,2937.6,2935.2,2935.4,233
2026-07-29T18:20:00+00:00,2935.4,2936.1,2932.2,2933.4,481
2026-07-29T18:21:00+00:00,2933.3,2934.2,2931.7,2932.6,264
2026-07-29T18:22:00+00:00,2932.5,2932.8,2931.1,2932.5,262
2026-07-29T18:23:00+00:00,2932.7,2934.3,2930.2,2930.3,238
2026-07-29T18:24:00+00:00,2930.5,2934.6,2930.5,2932.9,329
2026-07-29T18:25:00+00:00,2932.9,2934.5,2931.7,2933.0,222
2026-07-29T18:26:00+00:00,2933.5,2935.8,2933.5,2935.0,202
2026-07-29T18:27:00+00:00,2935.2,2935.5,2933.1,2933.9,262
2026-07-29T18:28:00+00:00,2934.4,2936.4,2934.4,2936.0,302
2026-07-29T18:29:00+00:00,2936.0,2936.6,2934.7,2936.3,227
2026-07-29T18:30:00+00:00,2936.3,2939.7,2936.3,2939.7,390
2026-07-29T18:31:00+00:00,2939.8,2940.1,2932.6,2933.1,873
2026-07-29T18:32:00+00:00,2933.2,2933.5,2927.9,2932.5,1325
2026-07-29T18:33:00+00:00,2932.5,2935.7,2930.0,2934.4,641
2026-07-29T18:34:00+00:00,2934.8,2934.8,2930.7,2931.4,338
2026-07-29T18:35:00+00:00,2931.4,2932.4,2927.8,2929.2,491
2026-07-29T18:36:00+00:00,2929.5,2933.6,2928.1,2933.4,515
2026-07-29T18:37:00+00:00,2933.5,2936.4,2932.3,2935.7,526
2026-07-29T18:38:00+00:00,2936.0,2941.2,2936.0,2938.7,666
2026-07-29T18:39:00+00:00,2938.8,2942.6,2936.6,2940.4,498
2026-07-29T18:40:00+00:00,2940.2,2946.0,2940.0,2944.4,670
2026-07-29T18:41:00+00:00,2944.5,2950.0,2944.2,2947.5,653
2026-07-29T18:42:00+00:00,2947.6,2949.1,2943.9,2948.7,585
2026-07-29T18:43:00+00:00,2948.6,2951.7,2947.7,2951.5,666
2026-07-29T18:44:00+00:00,2951.6,2955.8,2951.0,2953.0,793
2026-07-29T18:45:00+00:00,2952.9,2955.0,2951.6,2954.6,514
2026-07-29T18:46:00+00:00,2954.8,2957.0,2953.2,2956.1,510
2026-07-29T18:48:00+00:00,2958.2,2960.5,2955.9,2955.9,1044
2026-07-29T18:49:00+00:00,2956.1,2961.5,2955.7,2961.0,414
2026-07-29T18:50:00+00:00,2961.2,2961.4,2957.0,2960.7,578
2026-07-29T18:51:00+00:00,2960.6,2961.0,2957.0,2961.0,432
2026-07-29T18:52:00+00:00,2960.9,2962.5,2960.0,2961.8,320
2026-07-29T18:53:00+00:00,2962.1,2965.2,2962.1,2962.9,708
2026-07-29T18:54:00+00:00,2963.0,2964.3,2962.1,2963.7,310
2026-07-29T18:55:00+00:00,2963.8,2963.9,2961.0,2962.3,350
2026-07-29T18:56:00+00:00,2962.5,2963.1,2959.8,2960.2,301
2026-07-29T18:57:00+00:00,2960.0,2960.8,2958.3,2960.8,359
2026-07-29T18:58:00+00:00,2961.0,2962.6,2960.7,2962.3,176
2026-07-29T18:59:00+00:00,2962.2,2962.3,2960.3,2962.0,194
2026-07-29T19:00:00+00:00,2962.1,2962.9,2958.5,2959.6,479
2026-07-29T19:01:00+00:00,2959.5,2965.8,2958.4,2965.8,491
2026-07-29T19:02:00+00:00,2965.6,2966.4,2962.0,2962.0,394
2026-07-29T19:03:00+00:00,2962.3,2963.0,2956.7,2957.6,572
2026-07-29T19:04:00+00:00,2957.5,2957.8,2953.3,2953.9,675
2026-07-29T19:05:00+00:00,2953.9,2955.3,2951.5,2952.0,640
2026-07-29T19:06:00+00:00,2952.2,2952.9,2950.6,2952.4,486
2026-07-29T19:07:00+00:00,2952.4,2953.9,2949.4,2949.7,443
2026-07-29T19:08:00+00:00,2949.7,2951.1,2947.3,2948.1,482
2026-07-29T19:09:00+00:00,2948.4,2949.0,2945.7,2945.8,400
2026-07-29T19:10:00+00:00,2945.7,2946.7,2943.3,2945.5,525
2026-07-29T19:11:00+00:00,2945.6,2951.6,2945.6,2951.3,610
2026-07-29T19:12:00+00:00,2951.3,2952.3,2947.5,2950.5,522
2026-07-29T19:13:00+00:00,2950.6,2952.9,2950.3,2951.9,379
2026-07-29T19:14:00+00:00,2952.0,2953.5,2951.4,2952.6,298
2026-07-29T19:15:00+00:00,2952.4,2956.2,2951.2,2956.1,487
2026-07-29T19:16:00+00:00,2955.9,2956.7,2951.0,2952.0,392
2026-07-29T19:17:00+00:00,2951.7,2952.0,2946.8,2946.8,317
2026-07-29T19:18:00+00:00,2946.9,2946.9,2943.4,2944.1,491
2026-07-29T19:19:00+00:00,2944.1,2944.8,2942.2,2943.1,342
2026-07-29T19:20:00+00:00,2943.1,2943.7,2939.2,2939.2,505
2026-07-29T19:21:00+00:00,2939.3,2939.5,2935.4,2939.2,1022
2026-07-29T19:22:00+00:00,2939.2,2939.7,2934.5,2937.4,695
2026-07-29T19:23:00+00:00,2937.3,2938.1,2934.2,2935.5,378
2026-07-29T19:24:00+00:00,2935.8,2937.6,2934.2,2934.2,293
2026-07-29T19:25:00+00:00,2934.2,2935.6,2931.1,2931.1,429
2026-07-29T19:26:00+00:00,2931.3,2932.5,2929.7,2932.5,479
2026-07-29T19:27:00+00:00,2932.4,2934.6,2930.4,2933.9,615
2026-07-29T19:28:00+00:00,2934.1,2935.9,2932.3,2935.8,516
2026-07-29T19:29:00+00:00,2935.8,2936.6,2933.8,2935.9,410
2026-07-29T19:30:00+00:00,2935.9,2938.5,2934.7,2938.1,537
2026-07-29T19:31:00+00:00,2937.8,2939.1,2934.8,2937.7,619
2026-07-29T19:32:00+00:00,2937.9,2938.6,2930.6,2931.7,530
2026-07-29T19:33:00+00:00,2932.0,2932.0,2924.8,2925.3,514
2026-07-29T19:34:00+00:00,2925.6,2927.8,2924.4,2927.3,600
2026-07-29T19:35:00+00:00,2927.5,2927.6,2923.3,2924.9,533
2026-07-29T19:36:00+00:00,2924.9,2931.4,2924.2,2931.3,611
2026-07-29T19:37:00+00:00,2931.4,2931.8,2924.1,2924.6,481
2026-07-29T19:38:00+00:00,2924.8,2925.0,2920.1,2920.2,529
2026-07-29T19:39:00+00:00,2920.3,2920.3,2917.2,2917.3,899
2026-07-29T19:40:00+00:00,2917.1,2919.1,2915.2,2919.1,876
2026-07-29T19:41:00+00:00,2918.9,2921.8,2918.9,2921.1,519
2026-07-29T19:42:00+00:00,2920.9,2921.4,2919.6,2920.2,443
2026-07-29T19:43:00+00:00,2920.4,2920.6,2917.5,2919.6,378
2026-07-29T19:44:00+00:00,2919.7,2920.0,2916.6,2917.6,370
2026-07-29T19:45:00+00:00,2917.6,2919.2,2917.0,2917.8,372
2026-07-29T19:46:00+00:00,2917.8,2919.9,2915.3,2915.3,622
2026-07-29T19:47:00+00:00,2915.5,2915.9,2912.1,2913.7,640
2026-07-29T19:48:00+00:00,2913.7,2917.3,2913.7,2916.8,347
2026-07-29T19:49:00+00:00,2916.6,2918.4,2915.8,2916.9,599
2026-07-29T19:50:00+00:00,2916.8,2918.0,2912.6,2915.5,1094
2026-07-29T19:51:00+00:00,2915.6,2915.6,2912.5,2914.1,516
2026-07-29T19:52:00+00:00,2914.1,2914.9,2912.2,2913.8,426
2026-07-29T19:53:00+00:00,2913.9,2915.3,2912.6,2913.3,360
2026-07-29T19:54:00+00:00,2913.4,2915.7,2913.4,2914.5,441
2026-07-29T19:55:00+00:00,2914.4,2914.5,2912.2,2913.8,445
2026-07-29T19:56:00+00:00,2913.9,2914.8,2912.4,2913.1,226
2026-07-29T19:57:00+00:00,2913.1,2914.9,2912.1,2914.6,243
2026-07-29T19:58:00+00:00,2914.4,2915.0,2913.4,2913.7,288
2026-07-29T19:59:00+00:00,2913.9,2917.4,2911.3,2915.5,1415
2026-07-29T20:00:00+00:00,2915.3,2916.4,2910.1,2913.0,670
2026-07-29T20:01:00+00:00,2912.7,2915.9,2906.5,2907.6,686
2026-07-29T20:02:00+00:00,2907.6,2911.5,2906.7,2911.0,214
2026-07-29T20:03:00+00:00,2910.9,2912.1,2908.8,2910.1,84
2026-07-29T20:04:00+00:00,2910.1,2911.8,2908.4,2911.8,116
2026-07-29T20:05:00+00:00,2911.7,2912.8,2908.7,2910.3,153
2026-07-29T20:06:00+00:00,2909.6,2912.2,2909.5,2910.6,256
2026-07-29T20:07:00+00:00,2910.6,2910.9,2908.7,2909.0,102
2026-07-29T20:08:00+00:00,2908.2,2908.2,2907.0,2907.5,108
2026-07-29T20:09:00+00:00,2907.7,2908.3,2904.0,2904.0,241
2026-07-29T20:10:00+00:00,2904.2,2904.9,2903.3,2904.0,142
2026-07-29T20:11:00+00:00,2904.4,2907.8,2904.0,2907.0,178
2026-07-29T20:12:00+00:00,2907.4,2909.0,2906.1,2909.0,203
2026-07-29T20:13:00+00:00,2909.3,2910.3,2907.7,2908.1,319
2026-07-29T20:14:00+00:00,2908.5,2909.4,2907.8,2908.8,89
2026-07-29T20:15:00+00:00,2908.6,2908.6,2906.5,2907.9,87
2026-07-29T20:16:00+00:00,2908.3,2908.6,2907.1,2907.4,62
2026-07-29T20:17:00+00:00,2907.6,2908.0,2906.4,2906.4,71
2026-07-29T20:18:00+00:00,2906.3,2906.9,2905.3,2906.0,40
2026-07-29T20:19:00+00:00,2906.0,2906.0,2905.5,2906.0,28
2026-07-29T20:20:00+00:00,2906.1,2906.7,2905.0,2905.4,76
2026-07-29T20:21:00+00:00,2905.1,2906.6,2904.7,2906.6,53
2026-07-29T20:22:00+00:00,2906.8,2907.6,2905.5,2905.6,53
2026-07-29T20:23:00+00:00,2905.7,2905.7,2905.0,2905.1,46
2026-07-29T20:24:00+00:00,2904.7,2905.0,2904.5,2904.7,66
2026-07-29T20:25:00+00:00,2904.9,2906.2,2904.8,2905.8,24
2026-07-29T20:26:00+00:00,2905.9,2905.9,2904.4,2904.4,45
2026-07-29T20:27:00+00:00,2904.4,2904.8,2903.2,2903.6,110
2026-07-29T20:28:00+00:00,2903.7,2905.4,2903.6,2905.4,64
2026-07-29T20:29:00+00:00,2905.9,2906.1,2905.1,2905.1,33
2026-07-29T20:30:00+00:00,2905.0,2905.4,2902.3,2902.8,89
2026-07-29T20:31:00+00:00,2902.9,2904.3,2902.8,2903.7,35
2026-07-29T20:32:00+00:00,2903.5,2905.6,2903.5,2905.4,35
2026-07-29T20:33:00+00:00,2905.6,2906.3,2904.9,2905.6,78
2026-07-29T20:34:00+00:00,2905.9,2906.4,2905.4,2906.1,77
2026-07-29T20:35:00+00:00,2905.9,2906.9,2905.7,2906.4,25
2026-07-29T20:36:00+00:00,2906.5,2906.8,2905.9,2906.5,27
2026-07-29T20:37:00+00:00,2906.5,2907.0,2906.2,2907.0,24
2026-07-29T20:38:00+00:00,2907.1,2908.6,2906.9,2908.6,114
2026-07-29T20:39:00+00:00,2908.5,2909.3,2908.3,2908.8,35
2026-07-29T20:40:00+00:00,2909.1,2909.2,2908.4,2908.6,25
2026-07-29T20:41:00+00:00,2908.3,2908.3,2907.4,2907.8,18
2026-07-29T20:42:00+00:00,2907.6,2908.1,2907.2,2907.4,26
2026-07-29T20:43:00+00:00,2907.3,2907.5,2906.9,2907.4,17
2026-07-29T20:44:00+00:00,2907.4,2907.5,2906.7,2907.1,105
2026-07-29T20:45:00+00:00,2906.8,2908.0,2906.8,2908.0,24
2026-07-29T20:46:00+00:00,2907.8,2907.9,2907.3,2907.5,22
2026-07-29T20:47:00+00:00,2907.4,2907.6,2907.0,2907.4,28
2026-07-29T20:48:00+00:00,2907.4,2908.3,2905.9,2906.0,81
2026-07-29T20:49:00+00:00,2905.9,2906.1,2905.0,2905.0,39
2026-07-29T20:50:00+00:00,2904.3,2905.6,2904.2,2905.0,37
2026-07-29T20:51:00+00:00,2905.0,2906.1,2904.8,2905.8,34
2026-07-29T20:52:00+00:00,2905.6,2906.1,2905.2,2905.8,27
2026-07-29T20:53:00+00:00,2905.9,2905.9,2904.6,2904.9,99
2026-07-29T20:54:00+00:00,2904.9,2905.1,2904.1,2905.1,88
2026-07-29T20:55:00+00:00,2905.3,2906.5,2905.0,2905.7,60
2026-07-29T20:56:00+00:00,2905.7,2906.0,2904.6,2904.6,48
2026-07-29T20:57:00+00:00,2904.9,2905.1,2904.3,2904.8,42
2026-07-29T20:58:00+00:00,2904.3,2904.3,2902.9,2903.4,101
2026-07-29T20:59:00+00:00,2903.5,2905.1,2902.7,2902.7,122
2026-07-29T22:00:00+00:00,2904.0,2908.5,2904.0,2908.0,65
2026-07-29T22:01:00+00:00,2908.5,2909.7,2908.5,2909.0,70
2026-07-29T22:02:00+00:00,2909.3,2910.3,2908.8,2910.2,59
2026-07-29T22:03:00+00:00,2910.1,2910.1,2908.3,2909.1,20
2026-07-29T22:04:00+00:00,2908.6,2908.6,2907.7,2908.1,42
2026-07-29T22:05:00+00:00,2908.0,2908.7,2907.3,2907.3,26
2026-07-29T22:06:00+00:00,2907.6,2909.2,2907.2,2909.2,46
2026-07-29T22:07:00+00:00,2908.5,2909.3,2908.5,2909.2,5
2026-07-29T22:08:00+00:00,2909.8,2910.8,2909.3,2909.3,32
2026-07-29T22:09:00+00:00,2909.2,2910.0,2909.2,2910.0,5
2026-07-29T22:10:00+00:00,2910.8,2911.7,2910.1,2911.4,28
2026-07-29T22:11:00+00:00,2912.0,2912.0,2909.5,2910.5,63
2026-07-29T22:12:00+00:00,2910.7,2912.6,2910.4,2912.5,32
2026-07-29T22:13:00+00:00,2912.1,2912.2,2911.3,2911.7,72
2026-07-29T22:14:00+00:00,2911.8,2912.2,2911.1,2912.2,30
2026-07-29T22:15:00+00:00,2912.3,2912.7,2912.0,2912.3,27
2026-07-29T22:16:00+00:00,2912.3,2912.9,2911.7,2912.9,52
2026-07-29T22:17:00+00:00,2912.9,2913.4,2912.7,2913.1,25
2026-07-29T22:18:00+00:00,2913.0,2913.9,2912.3,2913.9,27
2026-07-29T22:19:00+00:00,2914.4,2914.6,2913.7,2913.9,62
2026-07-29T22:20:00+00:00,2913.9,2914.3,2912.9,2913.3,58
2026-07-29T22:21:00+00:00,2912.8,2913.5,2912.8,2913.4,22
2026-07-29T22:22:00+00:00,2913.7,2913.7,2912.8,2913.4,29
2026-07-29T22:23:00+00:00,2913.5,2914.8,2913.5,2914.5,31
2026-07-29T22:24:00+00:00,2914.5,2914.7,2913.3,2913.5,80
2026-07-29T22:25:00+00:00,2913.6,2914.0,2913.0,2913.1,29
2026-07-29T22:26:00+00:00,2913.0,2914.0,2912.9,2913.2,52
2026-07-29T22:27:00+00:00,2913.3,2913.7,2913.2,2913.7,18
2026-07-29T22:28:00+00:00,2913.5,2913.7,2912.2,2913.0,47
2026-07-29T22:29:00+00:00,2913.5,2913.8,2913.5,2913.6,26
2026-07-29T22:30:00+00:00,2913.5,2913.6,2913.0,2913.0,26
2026-07-29T22:31:00+00:00,2913.3,2913.4,2912.9,2913.0,23
2026-07-29T22:32:00+00:00,2912.7,2913.1,2912.5,2912.8,11
2026-07-29T22:33:00+00:00,2912.4,2913.2,2912.4,2913.1,5
2026-07-29T22:34:00+00:00,2912.4,2912.5,2912.4,2912.4,6
2026-07-29T22:35:00+00:00,2912.3,2912.8,2912.0,2912.8,27
2026-07-29T22:36:00+00:00,2912.7,2913.5,2912.6,2913.5,62
2026-07-29T22:37:00+00:00,2913.4,2913.6,2912.9,2913.1,38
2026-07-29T22:38:00+00:00,2913.3,2913.7,2913.3,2913.6,23
2026-07-29T22:39:00+00:00,2913.2,2913.2,2912.5,2912.5,19
2026-07-29T22:40:00+00:00,2912.6,2913.1,2912.6,2912.7,14
2026-07-29T22:41:00+00:00,2912.9,2913.0,2912.4,2912.5,18
2026-07-29T22:42:00+00:00,2912.5,2912.9,2912.5,2912.8,12
2026-07-29T22:43:00+00:00,2912.8,2913.0,2912.6,2912.8,16
2026-07-29T22:44:00+00:00,2913.0,2913.4,2912.5,2912.7,44
2026-07-29T22:45:00+00:00,2912.8,2914.1,2912.8,2914.1,18
2026-07-29T22:46:00+00:00,2914.0,2914.3,2913.3,2913.6,13
2026-07-29T22:47:00+00:00,2913.2,2913.2,2912.9,2912.9,16
2026-07-29T22:48:00+00:00,2913.3,2913.5,2913.1,2913.5,15
2026-07-29T22:49:00+00:00,2913.4,2913.4,2913.2,2913.3,6
2026-07-29T22:50:00+00:00,2913.9,2914.3,2913.8,2914.0,22
2026-07-29T22:51:00+00:00,2914.0,2914.0,2913.5,2913.7,17
2026-07-29T22:52:00+00:00,2913.5,2913.9,2913.2,2913.7,33
2026-07-29T22:53:00+00:00,2913.5,2913.8,2913.2,2913.8,16
2026-07-29T22:54:00+00:00,2913.6,2913.8,2913.3,2913.3,16
2026-07-29T22:55:00+00:00,2913.2,2913.5,2913.0,2913.3,25
2026-07-29T22:56:00+00:00,2913.2,2913.3,2913.0,2913.1,11
2026-07-29T22:57:00+00:00,2913.2,2913.3,2913.0,2913.3,11
2026-07-29T22:58:00+00:00,2913.0,2913.0,2912.4,2912.4,13
2026-07-29T22:59:00+00:00,2912.6,2913.2,2912.6,2913.2,16
2026-07-29T23:00:00+00:00,2913.3,2915.0,2913.3,2914.4,98
2026-07-29T23:01:00+00:00,2914.5,2914.9,2914.2,2914.5,37
2026-07-29T23:02:00+00:00,2914.7,2915.0,2914.5,2914.6,23
2026-07-29T23:03:00+00:00,2915.0,2915.2,2914.7,2914.8,9
2026-07-29T23:04:00+00:00,2915.0,2915.1,2914.5,2914.5,36
2026-07-29T23:05:00+00:00,2914.6,2914.6,2914.2,2914.3,12
2026-07-29T23:06:00+00:00,2914.2,2914.4,2914.2,2914.4,4
2026-07-29T23:07:00+00:00,2914.7,2914.7,2914.7,2914.7,7
2026-07-29T23:08:00+00:00,2914.9,2916.8,2914.5,2916.8,72
2026-07-29T23:09:00+00:00,2916.8,2917.2,2915.9,2915.9,44
2026-07-29T23:10:00+00:00,2915.8,2915.8,2914.5,2914.5,32
2026-07-29T23:11:00+00:00,2914.3,2914.8,2913.1,2914.5,85
2026-07-29T23:12:00+00:00,2914.5,2915.2,2914.5,2915.1,16
2026-07-29T23:13:00+00:00,2915.2,2915.2,2914.3,2914.4,23
2026-07-29T23:14:00+00:00,2914.4,2914.4,2913.9,2914.3,32
2026-07-29T23:15:00+00:00,2914.5,2915.1,2914.5,2914.8,13
2026-07-29T23:16:00+00:00,2914.8,2914.8,2913.8,2913.9,31
2026-07-29T23:17:00+00:00,2913.8,2915.1,2913.5,2915.1,71
2026-07-29T23:18:00+00:00,2914.8,2916.0,2914.5,2915.6,55
2026-07-29T23:19:00+00:00,2915.7,2916.0,2915.7,2916.0,12
2026-07-29T23:20:00+00:00,2915.9,2916.2,2915.6,2915.8,12
2026-07-29T23:21:00+00:00,2916.2,2916.3,2916.0,2916.3,5
2026-07-29T23:22:00+00:00,2915.9,2916.0,2915.8,2916.0,14
2026-07-29T23:23:00+00:00,2916.1,2917.3,2916.1,2917.1,34
2026-07-29T23:24:00+00:00,2917.0,2917.7,2916.5,2917.6,131
2026-07-29T23:25:00+00:00,2917.5,2918.1,2917.3,2917.6,58
2026-07-29T23:26:00+00:00,2917.5,2917.6,2916.9,2917.0,25
2026-07-29T23:27:00+00:00,2917.0,2917.1,2916.9,2916.9,20
2026-07-29T23:28:00+00:00,2916.9,2918.5,2916.9,2917.9,122
2026-07-29T23:29:00+00:00,2917.7,2917.8,2917.6,2917.6,16
2026-07-29T23:30:00+00:00,2917.6,2918.5,2917.6,2918.2,49
2026-07-29T23:31:00+00:00,2918.5,2919.6,2918.3,2919.2,59
2026-07-29T23:32:00+00:00,2919.0,2919.4,2918.7,2919.2,17
2026-07-29T23:33:00+00:00,2919.1,2920.0,2919.0,2919.2,78
2026-07-29T23:34:00+00:00,2919.0,2919.2,2918.6,2919.2,24
2026-07-29T23:35:00+00:00,2919.2,2919.5,2919.0,2919.5,36
2026-07-29T23:36:00+00:00,2919.6,2919.6,2919.1,2919.3,22
2026-07-29T23:37:00+00:00,2919.0,2919.3,2919.0,2919.0,15
2026-07-29T23:38:00+00:00,2919.2,2919.5,2919.0,2919.3,27
2026-07-29T23:39:00+00:00,2919.2,2920.6,2919.2,2919.4,79
2026-07-29T23:40:00+00:00,2919.5,2919.6,2919.1,2919.4,27
2026-07-29T23:41:00+00:00,2919.2,2919.3,2918.9,2919.2,33
2026-07-29T23:42:00+00:00,2919.4,2919.7,2918.9,2918.9,17
2026-07-29T23:43:00+00:00,2918.9,2919.3,2918.7,2919.3,15
2026-07-29T23:44:00+00:00,2919.1,2919.4,2918.6,2919.0,46
2026-07-29T23:45:00+00:00,2918.9,2919.7,2918.8,2919.2,41
2026-07-29T23:46:00+00:00,2920.0,2920.8,2919.3,2920.4,65
2026-07-29T23:47:00+00:00,2920.2,2920.4,2919.7,2919.9,23
2026-07-29T23:48:00+00:00,2919.9,2920.2,2919.4,2919.9,57
2026-07-29T23:49:00+00:00,2919.6,2919.6,2918.0,2918.4,28
2026-07-29T23:50:00+00:00,2918.5,2919.0,2918.2,2918.6,29
2026-07-29T23:51:00+00:00,2918.4,2918.5,2918.0,2918.0,19
2026-07-29T23:52:00+00:00,2918.1,2918.5,2917.6,2918.0,54
2026-07-29T23:53:00+00:00,2918.3,2919.3,2918.3,2918.4,38
2026-07-29T23:54:00+00:00,2918.0,2919.9,2917.7,2919.9,38
2026-07-29T23:55:00+00:00,2920.0,2920.2,2919.0,2919.3,33
2026-07-29T23:56:00+00:00,2919.4,2919.4,2919.1,2919.1,3
2026-07-29T23:57:00+00:00,2919.5,2919.6,2919.4,2919.5,12
2026-07-29T23:58:00+00:00,2919.6,2919.8,2919.3,2919.4,12
2026-07-29T23:59:00+00:00,2919.3,2919.5,2919.2,2919.3,16
2026-07-30T00:00:00+00:00,2919.2,2919.6,2918.4,2919.4,62
2026-07-30T00:01:00+00:00,2919.3,2919.5,2917.4,2917.7,58
2026-07-30T00:02:00+00:00,2917.8,2918.1,2916.4,2916.9,87
2026-07-30T00:03:00+00:00,2917.1,2917.9,2916.2,2917.1,63
2026-07-30T00:04:00+00:00,2916.8,2918.5,2916.8,2918.0,49
2026-07-30T00:05:00+00:00,2918.4,2920.0,2917.9,2919.6,106
2026-07-30T00:06:00+00:00,2919.7,2922.4,2919.7,2921.9,152
2026-07-30T00:07:00+00:00,2921.8,2922.1,2921.3,2922.0,78
2026-07-30T00:08:00+00:00,2922.2,2923.5,2922.1,2922.2,74
2026-07-30T00:09:00+00:00,2922.2,2923.6,2922.2,2923.5,52
2026-07-30T00:10:00+00:00,2923.7,2924.0,2922.8,2923.1,139
2026-07-30T00:11:00+00:00,2923.5,2924.7,2923.4,2923.8,77
2026-07-30T00:12:00+00:00,2923.8,2925.5,2923.6,2925.3,72
2026-07-30T00:13:00+00:00,2925.3,2925.8,2924.6,2925.4,71
2026-07-30T00:14:00+00:00,2925.0,2925.5,2924.5,2924.5,75
2026-07-30T00:15:00+00:00,2924.2,2925.0,2922.8,2924.9,106
2026-07-30T00:16:00+00:00,2924.9,2925.0,2923.3,2923.5,38
2026-07-30T00:17:00+00:00,2923.1,2924.5,2923.1,2924.0,18
2026-07-30T00:18:00+00:00,2924.4,2924.8,2924.0,2924.4,41
2026-07-30T00:19:00+00:00,2924.4,2924.4,2923.4,2923.5,21
2026-07-30T00:20:00+00:00,2923.6,2923.6,2922.2,2922.4,42
2026-07-30T00:21:00+00:00,2922.4,2923.6,2922.2,2923.5,23
2026-07-30T00:22:00+00:00,2923.5,2924.0,2922.9,2923.9,31
2026-07-30T00:23:00+00:00,2924.0,2924.0,2923.5,2923.7,28
2026-07-30T00:24:00+00:00,2923.6,2923.6,2922.6,2922.7,22
2026-07-30T00:25:00+00:00,2923.4,2923.5,2922.9,2923.0,35
2026-07-30T00:26:00+00:00,2923.7,2923.7,2923.0,2923.5,70
2026-07-30T00:27:00+00:00,2923.4,2923.4,2922.3,2922.5,50
2026-07-30T00:28:00+00:00,2922.8,2923.7,2922.7,2923.0,50
2026-07-30T00:29:00+00:00,2923.1,2923.8,2922.9,2923.4,22
2026-07-30T00:30:00+00:00,2923.4,2923.6,2922.3,2923.6,74
2026-07-30T00:31:00+00:00,2923.5,2923.5,2922.7,2922.7,48
2026-07-30T00:32:00+00:00,2922.7,2922.7,2920.6,2920.6,100
2026-07-30T00:33:00+00:00,2920.9,2921.7,2920.8,2921.5,63
2026-07-30T00:34:00+00:00,2921.2,2921.2,2919.8,2919.9,48
2026-07-30T00:35:00+00:00,2919.9,2919.9,2919.1,2919.5,84
2026-07-30T00:36:00+00:00,2919.4,2919.9,2919.3,2919.9,36
2026-07-30T00:37:00+00:00,2919.6,2919.7,2918.6,2918.6,32
2026-07-30T00:38:00+00:00,2918.8,2919.1,2918.0,2919.1,31
2026-07-30T00:39:00+00:00,2919.2,2919.2,2918.5,2918.8,52
2026-07-30T00:40:00+00:00,2918.6,2919.3,2918.0,2918.9,44
2026-07-30T00:41:00+00:00,2919.1,2919.3,2918.1,2918.1,19
2026-07-30T00:42:00+00:00,2918.5,2919.0,2918.2,2918.2,23
2026-07-30T00:43:00+00:00,2918.5,2918.7,2917.7,2917.8,42
2026-07-30T00:44:00+00:00,2917.8,2917.8,2916.6,2917.7,32
2026-07-30T00:45:00+00:00,2917.6,2919.1,2917.6,2918.8,14
2026-07-30T00:46:00+00:00,2918.8,2919.0,2917.2,2919.0,46
2026-07-30T00:47:00+00:00,2918.8,2919.2,2918.1,2919.0,11
2026-07-30T00:48:00+00:00,2918.8,2920.6,2918.8,2920.1,55
2026-07-30T00:49:00+00:00,2919.7,2920.2,2919.0,2919.0,31
2026-07-30T00:50:00+00:00,2919.1,2919.1,2917.7,2917.9,64
2026-07-30T00:51:00+00:00,2918.2,2918.8,2918.1,2918.7,32
2026-07-30T00:52:00+00:00,2918.9,2918.9,2918.4,2918.4,3
2026-07-30T00:53:00+00:00,2919.4,2920.1,2919.1,2919.8,50
2026-07-30T00:54:00+00:00,2919.9,2920.2,2919.7,2920.1,12
2026-07-30T00:55:00+00:00,2920.0,2920.1,2919.4,2919.4,19
2026-07-30T00:56:00+00:00,2919.4,2919.6,2918.9,2918.9,11
2026-07-30T00:57:00+00:00,2918.8,2919.2,2918.7,2919.0,12
2026-07-30T00:58:00+00:00,2919.2,2919.5,2919.1,2919.3,9
2026-07-30T00:59:00+00:00,2919.4,2920.1,2919.4,2920.1,9
2026-07-30T01:00:00+00:00,2920.1,2921.4,2920.0,2920.6,35
2026-07-30T01:01:00+00:00,2920.4,2921.0,2920.4,2920.6,53
2026-07-30T01:02:00+00:00,2920.7,2921.4,2920.3,2920.6,44
2026-07-30T01:03:00+00:00,2920.6,2921.4,2920.4,2921.4,5
2026-07-30T01:04:00+00:00,2921.1,2922.4,2920.7,2922.3,60
2026-07-30T01:05:00+00:00,2922.5,2923.3,2922.1,2923.1,63
2026-07-30T01:06:00+00:00,2923.2,2924.8,2923.1,2924.7,88
2026-07-30T01:07:00+00:00,2924.6,2925.2,2924.5,2924.5,72
2026-07-30T01:08:00+00:00,2924.5,2925.8,2923.8,2923.9,75
2026-07-30T01:09:00+00:00,2924.1,2924.6,2922.0,2922.2,89
2026-07-30T01:10:00+00:00,2922.2,2922.3,2921.4,2922.3,39
2026-07-30T01:11:00+00:00,2922.8,2923.0,2921.9,2922.0,27
2026-07-30T01:12:00+00:00,2922.3,2922.6,2922.1,2922.2,34
2026-07-30T01:13:00+00:00,2921.2,2921.2,2920.1,2921.2,59
2026-07-30T01:14:00+00:00,2921.0,2921.0,2920.0,2920.0,18
2026-07-30T01:15:00+00:00,2920.4,2920.7,2919.8,2920.1,48
2026-07-30T01:16:00+00:00,2920.2,2921.3,2919.7,2921.1,21
2026-07-30T01:17:00+00:00,2921.2,2922.0,2921.1,2921.5,36
2026-07-30T01:18:00+00:00,2921.2,2921.9,2921.0,2921.9,7
2026-07-30T01:19:00+00:00,2921.6,2923.4,2921.4,2923.1,33
2026-07-30T01:20:00+00:00,2923.1,2923.5,2922.4,2922.4,20
2026-07-30T01:21:00+00:00,2922.6,2922.6,2922.1,2922.1,4
2026-07-30T01:22:00+00:00,2922.6,2923.2,2922.4,2922.9,23
2026-07-30T01:23:00+00:00,2922.7,2922.7,2922.7,2922.7,3
2026-07-30T01:24:00+00:00,2923.2,2923.3,2922.6,2922.9,22
2026-07-30T01:25:00+00:00,2923.1,2923.7,2923.1,2923.7,18
2026-07-30T01:26:00+00:00,2923.7,2923.7,2923.0,2923.3,10
2026-07-30T01:27:00+00:00,2923.2,2923.9,2923.2,2923.9,4
2026-07-30T01:28:00+00:00,2924.3,2925.1,2924.3,2925.0,86
2026-07-30T01:29:00+00:00,2924.7,2925.0,2924.4,2924.6,147
2026-07-30T01:30:00+00:00,2924.6,2925.5,2924.6,2925.2,40
2026-07-30T01:31:00+00:00,2925.2,2926.0,2925.2,2925.9,38
2026-07-30T01:32:00+00:00,2926.1,2926.5,2925.7,2925.7,38
2026-07-30T01:33:00+00:00,2925.9,2926.6,2925.9,2926.4,34
2026-07-30T01:34:00+00:00,2926.5,2926.7,2926.1,2926.5,33
2026-07-30T01:35:00+00:00,2926.3,2926.8,2926.1,2926.8,71
2026-07-30T01:36:00+00:00,2926.4,2927.2,2926.1,2927.2,33
2026-07-30T01:37:00+00:00,2927.3,2927.6,2927.0,2927.0,41
2026-07-30T01:38:00+00:00,2926.6,2926.9,2926.3,2926.7,32
2026-07-30T01:39:00+00:00,2926.9,2927.0,2926.6,2926.9,25
2026-07-30T01:40:00+00:00,2927.0,2928.0,2927.0,2927.7,34
2026-07-30T01:41:00+00:00,2927.8,2928.5,2927.3,2928.2,56
2026-07-30T01:42:00+00:00,2928.5,2928.7,2927.9,2928.3,22
2026-07-30T01:43:00+00:00,2928.5,2928.7,2928.3,2928.6,20
2026-07-30T01:44:00+00:00,2928.1,2928.5,2928.0,2928.3,30
2026-07-30T01:45:00+00:00,2928.3,2928.6,2927.1,2928.6,65
2026-07-30T01:46:00+00:00,2928.6,2928.6,2928.0,2928.5,22
2026-07-30T01:47:00+00:00,2928.5,2928.7,2928.4,2928.4,25
2026-07-30T01:48:00+00:00,2928.6,2928.6,2927.6,2927.7,20
2026-07-30T01:49:00+00:00,2927.8,2928.7,2927.7,2928.6,68
2026-07-30T01:50:00+00:00,2928.6,2928.6,2927.9,2928.0,15
2026-07-30T01:51:00+00:00,2928.0,2928.3,2927.5,2927.5,31
2026-07-30T01:52:00+00:00,2927.6,2927.8,2927.5,2927.5,20
2026-07-30T01:53:00+00:00,2927.4,2927.6,2926.7,2926.9,60
2026-07-30T01:54:00+00:00,2926.9,2927.7,2926.9,2927.7,29
2026-07-30T01:55:00+00:00,2927.5,2927.6,2927.1,2927.6,13
2026-07-30T01:56:00+00:00,2927.7,2927.9,2927.5,2927.9,7
2026-07-30T01:57:00+00:00,2928.0,2928.4,2927.8,2928.2,16
2026-07-30T01:58:00+00:00,2927.7,2927.7,2927.5,2927.5,15
2026-07-30T01:59:00+00:00,2927.4,2927.4,2927.0,2927.1,10
2026-07-30T02:00:00+00:00,2927.1,2928.4,2927.0,2928.4,28
2026-07-30T02:01:00+00:00,2928.4,2928.6,2927.5,2927.5,36
2026-07-30T02:02:00+00:00,2927.6,2928.0,2927.5,2928.0,31
2026-07-30T02:03:00+00:00,2927.9,2928.1,2927.5,2927.9,42
2026-07-30T02:04:00+00:00,2927.5,2927.6,2927.2,2927.6,24
2026-07-30T02:05:00+00:00,2927.4,2927.5,2927.0,2927.0,12
2026-07-30T02:06:00+00:00,2927.1,2927.5,2927.0,2927.5,14
2026-07-30T02:07:00+00:00,2927.3,2927.5,2927.2,2927.4,15
2026-07-30T02:08:00+00:00,2927.5,2927.5,2926.7,2927.5,27
2026-07-30T02:09:00+00:00,2927.3,2927.3,2926.2,2926.7,26
2026-07-30T02:10:00+00:00,2926.7,2926.7,2925.7,2926.2,38
2026-07-30T02:11:00+00:00,2926.0,2926.6,2926.0,2926.6,29
2026-07-30T02:12:00+00:00,2926.6,2926.8,2926.5,2926.6,10
2026-07-30T02:13:00+00:00,2926.7,2926.7,2925.6,2925.8,8
2026-07-30T02:14:00+00:00,2925.6,2925.7,2925.1,2925.5,34
2026-07-30T02:15:00+00:00,2925.4,2925.4,2925.0,2925.2,13
2026-07-30T02:16:00+00:00,2925.1,2925.3,2924.9,2925.0,16
2026-07-30T02:17:00+00:00,2925.0,2925.2,2924.8,2925.0,22
2026-07-30T02:18:00+00:00,2924.9,2924.9,2924.2,2924.9,22
2026-07-30T02:19:00+00:00,2925.1,2925.1,2924.5,2924.8,10
2026-07-30T02:20:00+00:00,2924.4,2925.7,2924.4,2925.5,26
2026-07-30T02:21:00+00:00,2925.4,2925.8,2925.4,2925.4,20
2026-07-30T02:22:00+00:00,2925.9,2926.0,2925.0,2925.2,17
2026-07-30T02:23:00+00:00,2925.2,2925.4,2925.0,2925.0,29
2026-07-30T02:24:00+00:00,2925.3,2925.7,2925.2,2925.7,8
2026-07-30T02:25:00+00:00,2925.6,2926.2,2924.8,2924.8,22
2026-07-30T02:26:00+00:00,2924.2,2924.4,2924.2,2924.4,3
2026-07-30T02:27:00+00:00,2924.1,2924.4,2923.9,2924.4,32
2026-07-30T02:28:00+00:00,2924.7,2924.7,2924.2,2924.5,6
2026-07-30T02:29:00+00:00,2924.5,2924.5,2923.8,2924.4,22
2026-07-30T02:30:00+00:00,2924.1,2924.1,2923.1,2923.6,29
2026-07-30T02:31:00+00:00,2923.6,2924.1,2923.5,2924.0,24
2026-07-30T02:32:00+00:00,2923.7,2923.7,2923.6,2923.6,6
2026-07-30T02:33:00+00:00,2923.8,2924.0,2923.4,2923.6,7
2026-07-30T02:34:00+00:00,2923.6,2923.6,2923.1,2923.1,12
2026-07-30T02:35:00+00:00,2923.0,2923.0,2922.6,2922.6,19
2026-07-30T02:36:00+00:00,2922.3,2923.3,2922.3,2923.1,28
2026-07-30T02:37:00+00:00,2923.2,2923.2,2922.5,2923.1,23
2026-07-30T02:38:00+00:00,2923.0,2923.4,2923.0,2923.2,10
2026-07-30T02:39:00+00:00,2923.2,2923.5,2923.2,2923.5,12
2026-07-30T02:40:00+00:00,2923.2,2923.8,2923.2,2923.8,9
2026-07-30T02:41:00+00:00,2923.7,2924.4,2923.4,2923.4,26
2026-07-30T02:42:00+00:00,2923.3,2924.0,2923.3,2924.0,7
2026-07-30T02:43:00+00:00,2924.3,2924.8,2924.2,2924.8,23
2026-07-30T02:44:00+00:00,2924.8,2925.0,2924.5,2925.0,11
2026-07-30T02:45:00+00:00,2925.2,2925.2,2924.0,2924.0,30
2026-07-30T02:46:00+00:00,2924.6,2925.0,2924.6,2924.9,13
2026-07-30T02:47:00+00:00,2925.0,2925.2,2924.7,2925.2,19
2026-07-30T02:48:00+00:00,2925.5,2926.0,2925.5,2925.5,20
2026-07-30T02:49:00+00:00,2925.3,2925.3,2924.0,2924.0,34
2026-07-30T02:50:00+00:00,2924.2,2924.2,2924.0,2924.0,5
2026-07-30T02:51:00+00:00,2924.4,2925.2,2924.2,2924.3,20
2026-07-30T02:52:00+00:00,2924.2,2924.2,2923.5,2923.5,23
2026-07-30T02:53:00+00:00,2923.8,2923.8,2923.7,2923.7,11
2026-07-30T02:54:00+00:00,2923.7,2924.0,2923.7,2924.0,15
2026-07-30T02:55:00+00:00,2924.1,2924.3,2924.0,2924.3,9
2026-07-30T02:56:00+00:00,2924.0,2924.2,2923.0,2923.1,17
2026-07-30T02:57:00+00:00,2923.1,2923.1,2922.2,2922.4,20
2026-07-30T02:58:00+00:00,2922.1,2922.1,2921.3,2921.6,62
2026-07-30T02:59:00+00:00,2921.5,2921.5,2921.1,2921.3,35
2026-07-30T03:00:00+00:00,2921.2,2921.7,2921.0,2921.1,46
2026-07-30T03:01:00+00:00,2921.4,2922.3,2921.4,2922.3,20
2026-07-30T03:02:00+00:00,2922.8,2923.7,2922.7,2923.7,28
2026-07-30T03:03:00+00:00,2923.7,2923.8,2922.6,2922.9,25
2026-07-30T03:04:00+00:00,2923.1,2923.3,2922.8,2923.3,11
2026-07-30T03:05:00+00:00,2923.1,2923.7,2923.1,2923.2,20
2026-07-30T03:06:00+00:00,2923.4,2923.7,2923.3,2923.7,8
2026-07-30T03:07:00+00:00,2923.8,2923.8,2922.9,2922.9,23
2026-07-30T03:08:00+00:00,2922.5,2922.5,2921.6,2921.6,27
2026-07-30T03:09:00+00:00,2921.7,2921.7,2920.7,2921.0,50
2026-07-30T03:10:00+00:00,2920.8,2921.3,2920.6,2920.6,22
2026-07-30T03:11:00+00:00,2920.6,2920.7,2920.0,2920.0,27
2026-07-30T03:12:00+00:00,2920.1,2920.1,2918.8,2918.8,54
2026-07-30T03:13:00+00:00,2919.1,2919.6,2918.5,2919.6,48
2026-07-30T03:14:00+00:00,2919.5,2919.6,2919.2,2919.3,19
2026-07-30T03:15:00+00:00,2919.5,2919.5,2918.7,2918.8,13
2026-07-30T03:16:00+00:00,2919.1,2919.2,2919.1,2919.2,4
2026-07-30T03:17:00+00:00,2919.4,2919.6,2918.7,2918.9,12
2026-07-30T03:18:00+00:00,2919.0,2919.0,2918.8,2918.9,4
2026-07-30T03:19:00+00:00,2918.6,2918.6,2917.6,2918.2,19
2026-07-30T03:20:00+00:00,2918.4,2918.7,2918.2,2918.4,44
2026-07-30T03:21:00+00:00,2918.3,2918.7,2918.0,2918.2,19
2026-07-30T03:22:00+00:00,2918.2,2918.2,2917.7,2917.7,9
2026-07-30T03:23:00+00:00,2917.8,2918.2,2917.7,2918.0,7
2026-07-30T03:24:00+00:00,2918.2,2918.5,2918.0,2918.5,13
2026-07-30T03:25:00+00:00,2918.3,2919.0,2918.3,2918.8,9
2026-07-30T03:26:00+00:00,2918.4,2918.9,2918.2,2918.8,15
2026-07-30T03:27:00+00:00,2918.6,2919.2,2918.6,2918.6,18
2026-07-30T03:28:00+00:00,2918.8,2918.9,2918.3,2918.9,15
2026-07-30T03:29:00+00:00,2918.9,2919.4,2918.8,2919.0,22
2026-07-30T03:30:00+00:00,2919.0,2919.0,2916.9,2917.8,64
2026-07-30T03:31:00+00:00,2917.6,2918.1,2917.5,2918.1,28
2026-07-30T03:32:00+00:00,2918.2,2918.5,2917.8,2918.0,20
2026-07-30T03:33:00+00:00,2918.1,2919.9,2917.9,2919.7,59
2026-07-30T03:34:00+00:00,2919.8,2920.7,2919.8,2920.5,24
2026-07-30T03:35:00+00:00,2920.8,2920.9,2919.8,2920.3,25
2026-07-30T03:36:00+00:00,2920.2,2920.6,2918.3,2918.7,32
2026-07-30T03:37:00+00:00,2918.3,2918.4,2917.7,2918.3,19
2026-07-30T03:38:00+00:00,2918.3,2918.4,2918.3,2918.3,8
2026-07-30T03:39:00+00:00,2918.1,2918.1,2917.4,2917.4,29
2026-07-30T03:40:00+00:00,2917.0,2918.9,2917.0,2918.9,14
2026-07-30T03:41:00+00:00,2918.9,2919.9,2918.9,2919.9,9
2026-07-30T03:42:00+00:00,2919.7,2919.7,2919.0,2919.6,8
2026-07-30T03:43:00+00:00,2919.9,2919.9,2919.4,2919.5,8
2026-07-30T03:44:00+00:00,2919.6,2919.9,2919.3,2919.9,4
2026-07-30T03:45:00+00:00,2919.7,2920.4,2919.7,2920.3,6
2026-07-30T03:46:00+00:00,2920.3,2920.3,2919.6,2919.6,11
2026-07-30T03:47:00+00:00,2919.8,2920.0,2919.3,2919.3,10
2026-07-30T03:48:00+00:00,2918.9,2920.5,2918.8,2920.5,11
2026-07-30T03:49:00+00:00,2920.8,2921.4,2920.8,2921.0,26
2026-07-30T03:50:00+00:00,2920.7,2920.9,2919.7,2920.2,27
2026-07-30T03:51:00+00:00,2920.8,2921.1,2920.7,2920.9,14
2026-07-30T03:52:00+00:00,2921.0,2921.1,2921.0,2921.1,12
2026-07-30T03:53:00+00:00,2920.8,2920.9,2920.7,2920.9,8
2026-07-30T03:54:00+00:00,2921.2,2921.2,2921.0,2921.2,3
2026-07-30T03:55:00+00:00,2920.8,2921.0,2920.5,2921.0,7
2026-07-30T03:56:00+00:00,2921.1,2921.5,2921.1,2921.3,7
2026-07-30T03:57:00+00:00,2921.4,2921.4,2920.5,2920.5,4
2026-07-30T03:58:00+00:00,2920.0,2920.1,2919.7,2920.1,19
2026-07-30T03:59:00+00:00,2919.7,2919.7,2919.2,2919.4,14
2026-07-30T04:00:00+00:00,2919.5,2919.7,2918.5,2918.5,45
2026-07-30T04:01:00+00:00,2918.5,2919.4,2918.5,2919.4,11
2026-07-30T04:02:00+00:00,2919.5,2919.7,2919.3,2919.4,8
2026-07-30T04:03:00+00:00,2919.4,2919.4,2918.7,2918.7,3
2026-07-30T04:04:00+00:00,2918.9,2919.3,2918.8,2919.3,11
2026-07-30T04:05:00+00:00,2919.1,2919.2,2919.1,2919.2,3
2026-07-30T04:06:00+00:00,2919.3,2919.3,2918.8,2918.8,3
2026-07-30T04:07:00+00:00,2918.5,2918.5,2918.3,2918.3,5
2026-07-30T04:08:00+00:00,2918.0,2918.2,2917.8,2918.2,5
2026-07-30T04:09:00+00:00,2918.2,2918.5,2917.9,2917.9,10
2026-07-30T04:10:00+00:00,2917.5,2917.8,2917.5,2917.7,7
2026-07-30T04:11:00+00:00,2917.7,2917.7,2917.4,2917.4,16
2026-07-30T04:12:00+00:00,2917.5,2917.6,2917.2,2917.4,14
2026-07-30T04:13:00+00:00,2917.9,2917.9,2917.1,2917.4,12
2026-07-30T04:14:00+00:00,2917.5,2917.5,2916.9,2916.9,2
2026-07-30T04:15:00+00:00,2916.9,2917.0,2916.3,2916.5,25
2026-07-30T04:16:00+00:00,2916.5,2916.9,2916.5,2916.8,12
2026-07-30T04:17:00+00:00,2916.6,2916.6,2916.5,2916.5,3
2026-07-30T04:18:00+00:00,2916.8,2917.2,2916.7,2917.0,13
2026-07-30T04:19:00+00:00,2917.2,2917.2,2916.9,2916.9,11
2026-07-30T04:20:00+00:00,2917.2,2917.9,2916.7,2917.7,14
2026-07-30T04:21:00+00:00,2917.9,2918.2,2917.7,2918.2,25
2026-07-30T04:22:00+00:00,2917.6,2917.8,2917.3,2917.8,8
2026-07-30T04:23:00+00:00,2917.8,2918.0,2917.8,2918.0,3
2026-07-30T04:24:00+00:00,2917.7,2917.8,2917.3,2917.8,12
2026-07-30T04:25:00+00:00,2917.8,2918.3,2917.7,2918.2,12
2026-07-30T04:26:00+00:00,2918.2,2918.8,2918.2,2918.8,7
2026-07-30T04:27:00+00:00,2919.0,2920.0,2919.0,2919.8,30
2026-07-30T04:28:00+00:00,2920.0,2920.0,2919.4,2919.4,22
2026-07-30T04:29:00+00:00,2919.4,2920.1,2919.4,2919.7,33
2026-07-30T04:30:00+00:00,2919.6,2919.6,2919.0,2919.1,7
2026-07-30T04:31:00+00:00,2919.3,2919.4,2919.3,2919.3,11
2026-07-30T04:32:00+00:00,2919.3,2919.5,2919.2,2919.2,5
2026-07-30T04:33:00+00:00,2919.9,2920.1,2919.9,2919.9,16
2026-07-30T04:34:00+00:00,2919.9,2919.9,2919.6,2919.9,7
2026-07-30T04:35:00+00:00,2919.8,2920.1,2919.5,2919.7,22
2026-07-30T04:36:00+00:00,2919.5,2920.2,2919.5,2919.7,26
2026-07-30T04:37:00+00:00,2919.1,2919.1,2918.1,2918.1,7
2026-07-30T04:38:00+00:00,2918.2,2918.2,2917.5,2917.6,15
2026-07-30T04:39:00+00:00,2917.6,2917.7,2917.2,2917.5,12
2026-07-30T04:40:00+00:00,2917.5,2917.8,2917.5,2917.5,7
2026-07-30T04:41:00+00:00,2917.4,2917.4,2916.9,2916.9,14
2026-07-30T04:42:00+00:00,2916.9,2916.9,2915.8,2915.9,55
2026-07-30T04:43:00+00:00,2915.8,2916.1,2915.3,2915.7,64
2026-07-30T04:44:00+00:00,2915.8,2915.8,2915.2,2915.4,24
2026-07-30T04:45:00+00:00,2915.2,2915.7,2915.0,2915.6,12
2026-07-30T04:46:00+00:00,2916.3,2916.3,2916.2,2916.2,5
2026-07-30T04:47:00+00:00,2918.0,2918.1,2917.1,2917.2,26
2026-07-30T04:48:00+00:00,2916.8,2916.8,2916.4,2916.4,5
2026-07-30T04:49:00+00:00,2916.8,2916.8,2916.5,2916.5,12
2026-07-30T04:50:00+00:00,2916.8,2916.8,2915.5,2915.5,7
2026-07-30T04:51:00+00:00,2915.3,2915.7,2915.2,2915.7,13
2026-07-30T04:52:00+00:00,2915.7,2916.1,2915.7,2915.7,6
2026-07-30T04:53:00+00:00,2915.4,2915.6,2915.3,2915.3,10
2026-07-30T04:54:00+00:00,2915.1,2915.2,2914.4,2914.8,89
2026-07-30T04:55:00+00:00,2914.9,2914.9,2914.5,2914.5,8
2026-07-30T04:56:00+00:00,2914.4,2914.4,2913.8,2914.2,17
2026-07-30T04:57:00+00:00,2913.7,2914.4,2913.4,2913.7,41
2026-07-30T04:58:00+00:00,2913.6,2913.6,2913.0,2913.3,22
2026-07-30T04:59:00+00:00,2913.8,2913.9,2913.4,2913.7,27
2026-07-30T05:00:00+00:00,2913.6,2913.7,2912.8,2913.7,37
2026-07-30T05:01:00+00:00,2913.7,2913.8,2913.3,2913.3,9
2026-07-30T05:02:00+00:00,2913.2,2913.2,2911.8,2912.4,63
2026-07-30T05:03:00+00:00,2912.3,2912.4,2911.9,2912.2,19
2026-07-30T05:04:00+00:00,2912.7,2912.8,2912.6,2912.8,6
2026-07-30T05:05:00+00:00,2912.7,2912.7,2912.1,2912.6,6
2026-07-30T05:06:00+00:00,2912.7,2912.8,2911.9,2912.1,17
2026-07-30T05:07:00+00:00,2912.0,2912.2,2911.3,2911.6,29
2026-07-30T05:08:00+00:00,2911.4,2911.4,2910.9,2910.9,14
2026-07-30T05:09:00+00:00,2911.2,2911.4,2910.8,2911.4,22
2026-07-30T05:10:00+00:00,2911.3,2911.9,2911.3,2911.6,23
2026-07-30T05:11:00+00:00,2911.5,2911.7,2911.3,2911.6,12
2026-07-30T05:12:00+00:00,2911.4,2911.9,2911.3,2911.9,18
2026-07-30T05:13:00+00:00,2911.8,2912.5,2911.7,2912.3,17
2026-07-30T05:14:00+00:00,2912.1,2912.7,2912.1,2912.5,12
2026-07-30T05:15:00+00:00,2912.8,2914.0,2912.7,2913.5,24
2026-07-30T05:16:00+00:00,2913.5,2913.6,2913.0,2913.6,12
2026-07-30T05:17:00+00:00,2913.4,2913.5,2913.0,2913.5,11
2026-07-30T05:18:00+00:00,2913.3,2914.4,2913.3,2914.4,28
2026-07-30T05:19:00+00:00,2914.0,2914.9,2914.0,2914.9,18
2026-07-30T05:20:00+00:00,2915.2,2915.4,2914.1,2914.4,43
2026-07-30T05:21:00+00:00,2914.6,2914.7,2913.9,2914.0,25
2026-07-30T05:22:00+00:00,2914.1,2914.9,2913.6,2914.9,8
2026-07-30T05:23:00+00:00,2914.7,2914.8,2914.6,2914.7,5
2026-07-30T05:24:00+00:00,2914.7,2914.8,2914.7,2914.8,2
2026-07-30T05:25:00+00:00,2915.2,2915.3,2914.1,2914.1,19
2026-07-30T05:26:00+00:00,2914.0,2914.9,2914.0,2914.9,8
2026-07-30T05:27:00+00:00,2914.7,2914.9,2914.7,2914.9,3
2026-07-30T05:28:00+00:00,2914.9,2916.4,2914.9,2916.2,20
2026-07-30T05:29:00+00:00,2915.8,2915.9,2915.2,2915.2,11
2026-07-30T05:30:00+00:00,2915.2,2915.6,2914.2,2914.7,34
2026-07-30T05:31:00+00:00,2915.4,2915.4,2915.0,2915.0,5
2026-07-30T05:32:00+00:00,2916.0,2917.0,2915.0,2916.0,69
2026-07-30T05:33:00+00:00,2916.0,2916.5,2916.0,2916.1,7
2026-07-30T05:34:00+00:00,2916.5,2916.5,2915.6,2916.1,6
2026-07-30T05:35:00+00:00,2916.1,2916.2,2915.2,2915.2,22
2026-07-30T05:36:00+00:00,2915.1,2915.3,2914.6,2915.3,11
2026-07-30T05:37:00+00:00,2915.3,2916.0,2915.3,2916.0,9
2026-07-30T05:38:00+00:00,2915.8,2915.8,2915.7,2915.7,5
2026-07-30T05:39:00+00:00,2916.4,2916.5,2915.7,2916.0,12
2026-07-30T05:40:00+00:00,2916.2,2917.2,2916.1,2917.1,21
2026-07-30T05:41:00+00:00,2917.7,2917.8,2917.5,2917.6,8
2026-07-30T05:42:00+00:00,2917.3,2918.1,2917.3,2917.6,9
2026-07-30T05:43:00+00:00,2917.9,2917.9,2917.0,2917.1,22
2026-07-30T05:44:00+00:00,2917.5,2918.0,2917.5,2917.9,9
2026-07-30T05:45:00+00:00,2918.0,2918.1,2918.0,2918.1,3
2026-07-30T05:46:00+00:00,2918.6,2920.7,2918.6,2919.4,108
2026-07-30T05:47:00+00:00,2919.4,2919.4,2918.1,2918.1,26
2026-07-30T05:48:00+00:00,2918.3,2918.4,2917.4,2917.5,27
2026-07-30T05:49:00+00:00,2917.0,2917.1,2916.5,2917.1,23
2026-07-30T05:50:00+00:00,2917.4,2917.4,2916.8,2916.8,14
2026-07-30T05:51:00+00:00,2916.7,2916.7,2915.8,2916.1,17
2026-07-30T05:52:00+00:00,2916.5,2916.5,2915.8,2916.3,13
2026-07-30T05:53:00+00:00,2916.7,2916.7,2915.3,2915.3,13
2026-07-30T05:54:00+00:00,2915.0,2915.5,2915.0,2915.4,30
2026-07-30T05:55:00+00:00,2915.1,2915.1,2913.8,2914.5,27
2026-07-30T05:56:00+00:00,2914.6,2915.9,2914.6,2915.9,7
2026-07-30T05:57:00+00:00,2915.8,2915.9,2915.6,2915.6,4
2026-07-30T05:58:00+00:00,2915.1,2915.2,2915.0,2915.1,9
2026-07-30T05:59:00+00:00,2915.0,2915.9,2915.0,2915.9,4
2026-07-30T06:00:00+00:00,2915.7,2916.0,2915.3,2915.3,22
2026-07-30T06:01:00+00:00,2915.4,2915.6,2914.9,2915.4,15
2026-07-30T06:02:00+00:00,2915.7,2915.7,2915.0,2915.5,9
2026-07-30T06:03:00+00:00,2915.6,2916.0,2915.3,2915.3,12
2026-07-30T06:04:00+00:00,2915.7,2916.0,2915.4,2915.5,11
2026-07-30T06:05:00+00:00,2915.9,2916.1,2915.3,2916.0,21
2026-07-30T06:06:00+00:00,2916.3,2916.3,2915.1,2916.0,7
2026-07-30T06:07:00+00:00,2916.2,2916.5,2916.2,2916.4,10
2026-07-30T06:08:00+00:00,2916.1,2916.4,2915.5,2915.5,15
2026-07-30T06:09:00+00:00,2915.6,2915.6,2914.2,2914.2,17
2026-07-30T06:10:00+00:00,2914.3,2914.4,2913.3,2913.4,53
2026-07-30T06:11:00+00:00,2913.6,2913.8,2913.0,2913.4,26
2026-07-30T06:12:00+00:00,2913.6,2914.4,2913.3,2914.4,7
2026-07-30T06:13:00+00:00,2914.2,2914.3,2913.8,2914.1,15
2026-07-30T06:14:00+00:00,2913.8,2914.0,2912.5,2912.5,23
2026-07-30T06:15:00+00:00,2912.5,2912.5,2912.0,2912.4,20
2026-07-30T06:16:00+00:00,2912.0,2912.9,2911.6,2912.6,36
2026-07-30T06:17:00+00:00,2912.4,2912.6,2912.3,2912.6,24
2026-07-30T06:18:00+00:00,2912.4,2912.6,2911.6,2911.6,61
2026-07-30T06:19:00+00:00,2911.5,2912.3,2911.3,2912.2,21
2026-07-30T06:20:00+00:00,2912.0,2912.0,2910.8,2910.9,13
2026-07-30T06:21:00+00:00,2910.8,2912.7,2910.8,2911.9,52
2026-07-30T06:22:00+00:00,2911.7,2912.0,2911.4,2912.0,16
2026-07-30T06:23:00+00:00,2911.8,2913.3,2911.8,2913.0,26
2026-07-30T06:24:00+00:00,2912.8,2912.9,2912.3,2912.8,12
2026-07-30T06:25:00+00:00,2913.0,2914.4,2912.8,2914.4,23
2026-07-30T06:26:00+00:00,2914.1,2914.2,2913.3,2913.7,21
2026-07-30T06:27:00+00:00,2913.5,2913.5,2913.0,2913.4,10
2026-07-30T06:28:00+00:00,2913.4,2913.4,2911.9,2911.9,34
2026-07-30T06:29:00+00:00,2911.9,2912.8,2911.9,2912.7,21
2026-07-30T06:30:00+00:00,2912.2,2912.3,2911.0,2911.3,36
2026-07-30T06:31:00+00:00,2911.2,2911.7,2911.2,2911.7,17
2026-07-30T06:32:00+00:00,2911.6,2911.7,2911.5,2911.6,20
2026-07-30T06:33:00+00:00,2911.9,2912.4,2911.7,2912.3,30
2026-07-30T06:34:00+00:00,2912.3,2912.3,2910.6,2911.9,81
2026-07-30T06:35:00+00:00,2911.8,2911.8,2911.5,2911.5,6
2026-07-30T06:36:00+00:00,2911.3,2911.6,2911.3,2911.4,15
2026-07-30T06:37:00+00:00,2911.5,2911.9,2911.5,2911.7,15
2026-07-30T06:38:00+00:00,2912.3,2912.6,2912.0,2912.1,7
2026-07-30T06:39:00+00:00,2912.5,2912.7,2912.1,2912.5,28
2026-07-30T06:40:00+00:00,2912.7,2912.8,2911.3,2911.5,27
2026-07-30T06:41:00+00:00,2911.5,2911.5,2911.5,2911.5,10
2026-07-30T06:42:00+00:00,2911.9,2912.0,2911.2,2911.6,27
2026-07-30T06:43:00+00:00,2912.1,2912.1,2911.0,2911.3,42
2026-07-30T06:44:00+00:00,2911.3,2911.3,2910.7,2910.7,16
2026-07-30T06:45:00+00:00,2910.8,2912.8,2910.7,2912.7,49
2026-07-30T06:46:00+00:00,2912.8,2913.3,2911.9,2912.3,40
2026-07-30T06:47:00+00:00,2912.6,2913.1,2911.3,2911.3,39
2026-07-30T06:48:00+00:00,2911.7,2911.9,2911.7,2911.9,2
2026-07-30T06:49:00+00:00,2912.3,2912.3,2911.7,2911.8,19
2026-07-30T06:50:00+00:00,2911.9,2912.0,2911.8,2912.0,13
2026-07-30T06:51:00+00:00,2911.8,2912.3,2911.6,2912.3,23
2026-07-30T06:52:00+00:00,2912.3,2912.5,2912.3,2912.4,9
2026-07-30T06:53:00+00:00,2912.1,2912.3,2911.9,2912.3,12
2026-07-30T06:54:00+00:00,2912.5,2912.8,2912.3,2912.8,11
2026-07-30T06:55:00+00:00,2913.0,2913.5,2912.8,2913.4,25
2026-07-30T06:56:00+00:00,2913.3,2914.0,2912.5,2912.5,41
2026-07-30T06:57:00+00:00,2912.5,2913.2,2912.5,2913.2,9
2026-07-30T06:58:00+00:00,2913.2,2913.4,2912.9,2912.9,6
2026-07-30T06:59:00+00:00,2912.5,2914.2,2912.4,2914.1,20
2026-07-30T07:00:00+00:00,2914.1,2916.9,2913.0,2916.7,149
2026-07-30T07:01:00+00:00,2916.9,2919.6,2916.2,2919.4,434
2026-07-30T07:02:00+00:00,2919.4,2922.7,2918.8,2921.8,178
2026-07-30T07:03:00+00:00,2921.4,2924.0,2921.2,2924.0,103
2026-07-30T07:04:00+00:00,2924.1,2924.3,2921.7,2921.8,52
2026-07-30T07:05:00+00:00,2921.6,2923.2,2920.9,2923.1,61
2026-07-30T07:06:00+00:00,2923.3,2923.7,2922.8,2922.8,38
2026-07-30T07:07:00+00:00,2922.7,2922.7,2920.4,2920.6,34
2026-07-30T07:08:00+00:00,2920.7,2921.0,2918.4,2918.5,43
2026-07-30T07:09:00+00:00,2918.9,2920.4,2918.8,2920.4,31
2026-07-30T07:10:00+00:00,2920.7,2921.0,2919.4,2919.7,35
2026-07-30T07:11:00+00:00,2919.8,2921.1,2919.3,2920.9,59
2026-07-30T07:12:00+00:00,2920.7,2922.4,2920.5,2922.1,51
2026-07-30T07:13:00+00:00,2922.3,2922.5,2921.6,2921.9,27
2026-07-30T07:14:00+00:00,2921.3,2921.6,2919.6,2921.6,30
2026-07-30T07:15:00+00:00,2921.8,2922.1,2920.8,2920.8,30
2026-07-30T07:16:00+00:00,2920.4,2920.7,2919.2,2919.2,18
2026-07-30T07:17:00+00:00,2919.2,2919.5,2917.8,2917.8,43
2026-07-30T07:18:00+00:00,2918.1,2918.9,2917.8,2918.8,13
2026-07-30T07:19:00+00:00,2917.8,2919.0,2917.8,2918.0,46
2026-07-30T07:20:00+00:00,2918.2,2918.2,2917.2,2917.4,35
2026-07-30T07:21:00+00:00,2917.4,2917.4,2915.8,2916.4,64
2026-07-30T07:22:00+00:00,2916.8,2918.2,2916.8,2918.2,30
2026-07-30T07:23:00+00:00,2917.6,2918.6,2916.9,2918.6,23
2026-07-30T07:24:00+00:00,2918.5,2919.3,2918.4,2919.0,30
2026-07-30T07:25:00+00:00,2919.1,2919.8,2917.6,2917.9,30
2026-07-30T07:26:00+00:00,2918.2,2918.6,2918.2,2918.5,16
2026-07-30T07:27:00+00:00,2918.3,2919.8,2918.3,2918.4,21
2026-07-30T07:28:00+00:00,2917.8,2918.2,2917.0,2917.6,23
2026-07-30T07:29:00+00:00,2917.6,2918.0,2916.8,2917.8,35
2026-07-30T07:30:00+00:00,2917.9,2917.9,2916.0,2916.2,34
2026-07-30T07:31:00+00:00,2916.2,2916.6,2914.8,2914.8,41
2026-07-30T07:32:00+00:00,2915.6,2915.8,2915.0,2915.0,27
2026-07-30T07:33:00+00:00,2914.9,2915.0,2913.7,2914.6,66
2026-07-30T07:34:00+00:00,2914.7,2914.7,2913.2,2913.5,26
2026-07-30T07:35:00+00:00,2913.6,2913.9,2912.2,2912.6,42
2026-07-30T07:36:00+00:00,2912.3,2912.3,2911.4,2911.6,35
2026-07-30T07:37:00+00:00,2911.5,2912.9,2910.8,2912.8,46
2026-07-30T07:38:00+00:00,2912.7,2914.1,2912.5,2913.7,15
2026-07-30T07:39:00+00:00,2914.0,2915.1,2913.8,2915.1,34
2026-07-30T07:40:00+00:00,2915.2,2916.1,2915.1,2915.1,25
2026-07-30T07:41:00+00:00,2915.4,2915.6,2915.2,2915.4,20
2026-07-30T07:42:00+00:00,2915.1,2915.2,2914.5,2915.0,22
2026-07-30T07:43:00+00:00,2915.2,2917.5,2915.2,2917.5,35
2026-07-30T07:44:00+00:00,2917.6,2918.2,2917.1,2917.4,34
2026-07-30T07:45:00+00:00,2917.2,2917.7,2917.0,2917.7,10
2026-07-30T07:46:00+00:00,2917.7,2917.8,2916.1,2916.1,21
2026-07-30T07:47:00+00:00,2916.6,2916.6,2915.9,2916.0,17
2026-07-30T07:48:00+00:00,2916.2,2917.5,2916.2,2917.5,22
2026-07-30T07:49:00+00:00,2917.1,2917.1,2916.2,2916.2,17
2026-07-30T07:50:00+00:00,2916.3,2917.0,2915.4,2916.8,62
2026-07-30T07:51:00+00:00,2917.1,2917.8,2916.6,2917.8,22
2026-07-30T07:52:00+00:00,2916.9,2917.9,2916.9,2917.5,42
2026-07-30T07:53:00+00:00,2917.9,2919.4,2917.7,2919.2,42
2026-07-30T07:54:00+00:00,2918.0,2918.0,2916.7,2917.6,21
2026-07-30T07:55:00+00:00,2917.1,2917.6,2916.9,2917.0,18
2026-07-30T07:56:00+00:00,2917.0,2917.3,2916.9,2917.3,18
2026-07-30T07:57:00+00:00,2917.2,2917.4,2917.1,2917.2,8
2026-07-30T07:58:00+00:00,2917.0,2917.5,2916.8,2917.4,6
2026-07-30T07:59:00+00:00,2917.2,2917.2,2915.6,2915.6,42
2026-07-30T08:00:00+00:00,2915.7,2915.8,2912.8,2914.1,129
2026-07-30T08:01:00+00:00,2913.4,2913.4,2912.4,2912.9,44
2026-07-30T08:02:00+00:00,2912.6,2914.3,2911.3,2914.3,90
2026-07-30T08:03:00+00:00,2914.2,2914.5,2913.5,2913.5,31
2026-07-30T08:04:00+00:00,2913.7,2915.8,2913.7,2915.8,33
2026-07-30T08:05:00+00:00,2915.9,2917.1,2914.7,2917.0,22
2026-07-30T08:06:00+00:00,2916.7,2918.1,2916.5,2917.1,54
2026-07-30T08:07:00+00:00,2917.4,2918.5,2917.0,2918.2,30
2026-07-30T08:08:00+00:00,2918.8,2920.2,2918.4,2919.0,60
2026-07-30T08:09:00+00:00,2918.9,2919.6,2918.8,2919.6,35
2026-07-30T08:10:00+00:00,2920.0,2920.9,2920.0,2920.2,32
2026-07-30T08:11:00+00:00,2920.3,2920.5,2919.8,2920.5,16
2026-07-30T08:12:00+00:00,2921.0,2921.3,2920.1,2920.1,11
2026-07-30T08:13:00+00:00,2920.0,2920.3,2919.3,2919.6,17
2026-07-30T08:14:00+00:00,2919.4,2920.1,2919.4,2920.1,13
2026-07-30T08:15:00+00:00,2919.9,2920.3,2919.5,2920.0,29
2026-07-30T08:16:00+00:00,2920.1,2920.1,2919.5,2919.6,6
2026-07-30T08:17:00+00:00,2920.0,2920.6,2919.5,2920.4,41
2026-07-30T08:18:00+00:00,2920.4,2920.4,2919.5,2920.0,33
2026-07-30T08:19:00+00:00,2920.0,2920.0,2919.2,2919.2,14
2026-07-30T08:20:00+00:00,2918.7,2920.4,2918.7,2919.8,20
2026-07-30T08:21:00+00:00,2919.9,2921.1,2919.6,2921.1,24
2026-07-30T08:22:00+00:00,2921.2,2921.2,2920.4,2920.5,29
2026-07-30T08:23:00+00:00,2920.3,2921.5,2920.0,2921.5,14
2026-07-30T08:24:00+00:00,2922.0,2922.2,2921.2,2921.5,18
2026-07-30T08:25:00+00:00,2921.6,2922.9,2921.3,2922.9,38
2026-07-30T08:26:00+00:00,2923.3,2923.8,2923.0,2923.7,40
2026-07-30T08:27:00+00:00,2923.8,2924.1,2922.7,2922.7,21
2026-07-30T08:28:00+00:00,2922.9,2922.9,2922.4,2922.7,26
2026-07-30T08:29:00+00:00,2922.6,2923.2,2922.6,2923.0,25
2026-07-30T08:30:00+00:00,2923.2,2924.1,2922.6,2923.7,46
2026-07-30T08:31:00+00:00,2923.8,2923.8,2922.7,2923.2,29
2026-07-30T08:32:00+00:00,2923.6,2924.5,2923.1,2924.3,79
2026-07-30T08:33:00+00:00,2924.0,2924.9,2924.0,2924.5,35
2026-07-30T08:34:00+00:00,2924.5,2925.1,2924.2,2924.8,36
2026-07-30T08:35:00+00:00,2925.0,2925.5,2924.7,2924.7,28
2026-07-30T08:36:00+00:00,2924.3,2925.4,2924.1,2925.4,30
2026-07-30T08:37:00+00:00,2925.6,2925.7,2925.4,2925.5,31
2026-07-30T08:38:00+00:00,2925.3,2925.4,2924.2,2924.6,56
2026-07-30T08:39:00+00:00,2924.5,2924.6,2924.3,2924.4,15
2026-07-30T08:40:00+00:00,2924.4,2924.9,2924.0,2924.7,15
2026-07-30T08:41:00+00:00,2923.7,2924.1,2923.3,2923.3,7
2026-07-30T08:42:00+00:00,2923.4,2923.6,2922.8,2923.3,21
2026-07-30T08:43:00+00:00,2923.6,2923.6,2923.5,2923.5,4
2026-07-30T08:44:00+00:00,2923.5,2924.0,2923.2,2923.5,10
2026-07-30T08:45:00+00:00,2922.8,2923.5,2922.7,2923.2,16
2026-07-30T08:46:00+00:00,2923.2,2924.1,2923.2,2924.0,15
2026-07-30T08:47:00+00:00,2924.0,2924.0,2923.2,2923.2,10
2026-07-30T08:48:00+00:00,2923.1,2923.4,2922.4,2922.4,11
2026-07-30T08:49:00+00:00,2921.9,2922.9,2921.8,2922.1,18
2026-07-30T08:50:00+00:00,2922.5,2922.6,2921.7,2921.9,12
2026-07-30T08:51:00+00:00,2921.5,2921.7,2921.4,2921.6,19
2026-07-30T08:52:00+00:00,2921.6,2921.6,2921.0,2921.0,10
2026-07-30T08:53:00+00:00,2921.0,2921.0,2920.3,2921.0,24
2026-07-30T08:54:00+00:00,2920.5,2920.5,2920.2,2920.2,7
2026-07-30T08:55:00+00:00,2920.2,2920.2,2919.2,2919.4,13
2026-07-30T08:56:00+00:00,2919.3,2919.8,2919.1,2919.1,6
2026-07-30T08:57:00+00:00,2919.0,2920.3,2919.0,2920.2,27
2026-07-30T08:58:00+00:00,2920.3,2920.7,2920.2,2920.7,13
2026-07-30T08:59:00+00:00,2920.9,2921.3,2920.5,2921.3,11
2026-07-30T09:00:00+00:00,2921.4,2921.4,2920.4,2920.8,11
2026-07-30T09:01:00+00:00,2920.0,2921.0,2920.0,2920.8,27
2026-07-30T09:02:00+00:00,2921.0,2921.4,2920.9,2921.4,8
2026-07-30T09:03:00+00:00,2921.8,2922.1,2921.8,2921.8,17
2026-07-30T09:04:00+00:00,2921.3,2923.0,2921.3,2922.4,39
2026-07-30T09:05:00+00:00,2922.4,2922.4,2921.7,2922.3,20
2026-07-30T09:06:00+00:00,2922.4,2923.0,2922.2,2922.7,24
2026-07-30T09:07:00+00:00,2923.0,2923.5,2922.9,2923.5,28
2026-07-30T09:08:00+00:00,2923.6,2923.7,2923.2,2923.2,7
2026-07-30T09:09:00+00:00,2923.1,2923.1,2922.6,2922.7,14
2026-07-30T09:10:00+00:00,2922.6,2922.8,2922.1,2922.1,17
2026-07-30T09:11:00+00:00,2922.3,2922.6,2922.3,2922.3,24
2026-07-30T09:12:00+00:00,2922.5,2922.7,2921.9,2921.9,17
2026-07-30T09:13:00+00:00,2921.9,2922.3,2921.7,2922.3,10
2026-07-30T09:14:00+00:00,2922.3,2926.2,2922.1,2924.0,261
2026-07-30T09:15:00+00:00,2923.8,2924.6,2922.9,2923.3,72
2026-07-30T09:16:00+00:00,2923.3,2924.7,2923.3,2924.4,37
2026-07-30T09:17:00+00:00,2924.7,2924.9,2924.4,2924.6,19
2026-07-30T09:18:00+00:00,2924.4,2924.4,2923.3,2923.3,23
2026-07-30T09:19:00+00:00,2923.7,2924.6,2923.2,2923.7,26
2026-07-30T09:20:00+00:00,2924.1,2924.6,2923.5,2924.6,14
2026-07-30T09:21:00+00:00,2924.2,2925.7,2924.1,2925.4,52
2026-07-30T09:22:00+00:00,2925.3,2925.3,2924.9,2924.9,14
2026-07-30T09:23:00+00:00,2925.0,2925.5,2924.8,2924.8,25
2026-07-30T09:24:00+00:00,2925.0,2925.6,2925.0,2925.4,31
2026-07-30T09:25:00+00:00,2925.6,2925.9,2925.0,2925.7,20
2026-07-30T09:26:00+00:00,2925.9,2926.6,2925.9,2926.1,27
2026-07-30T09:27:00+00:00,2926.2,2926.2,2925.6,2926.2,10
2026-07-30T09:28:00+00:00,2926.2,2926.3,2925.2,2925.2,11
2026-07-30T09:29:00+00:00,2925.3,2925.3,2924.9,2925.0,16
2026-07-30T09:30:00+00:00,2925.0,2925.0,2923.8,2924.0,19
2026-07-30T09:31:00+00:00,2923.8,2924.6,2923.7,2924.6,30
2026-07-30T09:32:00+00:00,2924.3,2924.6,2924.3,2924.5,7
2026-07-30T09:33:00+00:00,2924.8,2925.2,2924.8,2925.2,8
2026-07-30T09:34:00+00:00,2925.6,2926.3,2925.5,2926.3,21
2026-07-30T09:35:00+00:00,2926.5,2927.1,2926.5,2926.8,26
2026-07-30T09:36:00+00:00,2926.1,2926.8,2926.1,2926.8,13
2026-07-30T09:37:00+00:00,2926.9,2927.1,2926.9,2926.9,8
2026-07-30T09:38:00+00:00,2926.3,2926.3,2925.6,2925.6,12
2026-07-30T09:39:00+00:00,2925.4,2925.6,2924.8,2924.8,25
2026-07-30T09:40:00+00:00,2924.8,2925.1,2924.4,2924.4,24
2026-07-30T09:41:00+00:00,2924.4,2924.7,2924.0,2924.1,13
2026-07-30T09:42:00+00:00,2924.4,2924.4,2923.9,2924.3,42
2026-07-30T09:43:00+00:00,2924.5,2924.5,2923.8,2923.8,8
2026-07-30T09:44:00+00:00,2924.1,2924.6,2923.9,2924.4,17
2026-07-30T09:45:00+00:00,2924.5,2924.5,2924.4,2924.4,2
2026-07-30T09:46:00+00:00,2924.7,2925.2,2924.7,2925.1,14
2026-07-30T09:47:00+00:00,2924.8,2924.9,2924.8,2924.8,5
2026-07-30T09:48:00+00:00,2925.0,2925.1,2924.0,2924.2,15
2026-07-30T09:49:00+00:00,2924.6,2924.6,2924.6,2924.6,1
2026-07-30T09:50:00+00:00,2924.4,2924.6,2924.1,2924.1,10
2026-07-30T09:51:00+00:00,2924.3,2924.6,2924.3,2924.3,9
2026-07-30T09:52:00+00:00,2924.2,2924.2,2923.4,2923.5,17
2026-07-30T09:53:00+00:00,2923.4,2923.8,2923.2,2923.5,13
2026-07-30T09:54:00+00:00,2923.5,2924.0,2923.1,2923.5,26
2026-07-30T09:55:00+00:00,2923.5,2923.5,2922.4,2922.5,21
2026-07-30T09:56:00+00:00,2922.6,2922.6,2922.0,2922.3,16
2026-07-30T09:57:00+00:00,2922.3,2922.3,2921.9,2921.9,7
2026-07-30T09:58:00+00:00,2921.7,2921.7,2920.7,2920.8,20
2026-07-30T09:59:00+00:00,2920.6,2920.6,2919.3,2919.3,44
2026-07-30T10:00:00+00:00,2919.3,2920.1,2918.5,2919.6,34
2026-07-30T10:01:00+00:00,2919.6,2920.3,2919.5,2920.3,6
2026-07-30T10:02:00+00:00,2920.2,2920.6,2920.2,2920.4,4
2026-07-30T10:03:00+00:00,2919.9,2920.4,2919.9,2920.4,8
2026-07-30T10:04:00+00:00,2920.0,2920.5,2919.3,2919.3,17
2026-07-30T10:05:00+00:00,2919.2,2921.0,2919.1,2921.0,21
2026-07-30T10:06:00+00:00,2921.0,2921.0,2920.5,2921.0,19
2026-07-30T10:07:00+00:00,2920.7,2921.7,2920.6,2921.7,10
2026-07-30T10:08:00+00:00,2921.5,2921.5,2920.8,2920.8,5
2026-07-30T10:09:00+00:00,2922.0,2922.5,2921.9,2922.2,12
2026-07-30T10:10:00+00:00,2922.6,2922.9,2922.3,2922.3,9
2026-07-30T10:11:00+00:00,2921.8,2922.3,2921.8,2921.8,23
2026-07-30T10:12:00+00:00,2921.4,2921.4,2920.3,2921.1,16
2026-07-30T10:13:00+00:00,2920.5,2920.5,2920.0,2920.5,8
2026-07-30T10:14:00+00:00,2920.6,2920.7,2920.4,2920.4,7
2026-07-30T10:15:00+00:00,2921.0,2921.1,2921.0,2921.1,2
2026-07-30T10:16:00+00:00,2921.5,2922.3,2921.3,2921.6,17
2026-07-30T10:17:00+00:00,2921.3,2922.4,2921.0,2922.4,13
2026-07-30T10:18:00+00:00,2922.6,2923.6,2922.4,2923.6,23
2026-07-30T10:19:00+00:00,2923.7,2924.2,2923.4,2924.2,48
2026-07-30T10:20:00+00:00,2924.4,2924.6,2924.1,2924.5,14
2026-07-30T10:21:00+00:00,2924.6,2925.3,2924.4,2925.1,44
2026-07-30T10:22:00+00:00,2924.9,2925.9,2924.9,2925.9,32
2026-07-30T10:23:00+00:00,2926.0,2926.1,2925.5,2925.5,24
2026-07-30T10:24:00+00:00,2925.6,2925.8,2924.5,2925.1,25
2026-07-30T10:25:00+00:00,2925.2,2926.1,2925.1,2925.9,27
2026-07-30T10:26:00+00:00,2926.3,2926.4,2926.1,2926.1,10
2026-07-30T10:27:00+00:00,2925.8,2925.8,2925.4,2925.4,3
2026-07-30T10:28:00+00:00,2925.3,2925.3,2925.3,2925.3,3
2026-07-30T10:29:00+00:00,2925.2,2925.5,2925.0,2925.4,6
2026-07-30T10:30:00+00:00,2925.7,2925.7,2925.3,2925.5,12
2026-07-30T10:31:00+00:00,2925.2,2926.2,2925.2,2926.0,9
2026-07-30T10:32:00+00:00,2925.6,2925.6,2925.5,2925.5,4
2026-07-30T10:33:00+00:00,2925.7,2926.0,2925.6,2925.8,17
2026-07-30T10:34:00+00:00,2925.4,2925.4,2924.7,2925.2,16
2026-07-30T10:35:00+00:00,2925.5,2926.2,2925.4,2926.2,19
2026-07-30T10:36:00+00:00,2926.1,2927.0,2926.1,2926.5,21
2026-07-30T10:37:00+00:00,2926.7,2926.9,2926.5,2926.8,11
2026-07-30T10:38:00+00:00,2926.9,2927.2,2926.5,2926.5,32
2026-07-30T10:39:00+00:00,2926.6,2927.4,2926.1,2927.4,44
2026-07-30T10:40:00+00:00,2927.5,2929.9,2927.5,2929.0,158
2026-07-30T10:41:00+00:00,2929.1,2929.6,2928.1,2929.4,39
2026-07-30T10:42:00+00:00,2928.6,2929.0,2928.5,2929.0,6
2026-07-30T10:43:00+00:00,2928.9,2930.1,2928.6,2929.5,78
2026-07-30T10:44:00+00:00,2929.0,2929.0,2927.7,2927.8,41
2026-07-30T10:45:00+00:00,2927.6,2928.6,2927.6,2928.2,27
2026-07-30T10:46:00+00:00,2928.2,2928.3,2927.6,2927.8,26
2026-07-30T10:47:00+00:00,2927.7,2927.8,2927.3,2927.8,20
2026-07-30T10:48:00+00:00,2927.4,2927.4,2926.9,2927.3,25
2026-07-30T10:49:00+00:00,2927.3,2927.9,2926.9,2927.6,38
2026-07-30T10:50:00+00:00,2928.0,2929.1,2928.0,2929.0,30
2026-07-30T10:51:00+00:00,2928.9,2929.4,2928.6,2929.2,27
2026-07-30T10:52:00+00:00,2929.3,2929.8,2929.2,2929.5,27
2026-07-30T10:53:00+00:00,2929.5,2929.5,2927.8,2927.8,32
2026-07-30T10:54:00+00:00,2927.6,2928.0,2926.7,2926.7,37
2026-07-30T10:55:00+00:00,2926.8,2927.6,2926.7,2927.6,21
2026-07-30T10:56:00+00:00,2927.6,2927.6,2926.6,2926.9,37
2026-07-30T10:57:00+00:00,2926.7,2926.7,2926.2,2926.2,19
2026-07-30T10:58:00+00:00,2926.2,2927.2,2926.2,2927.1,35
2026-07-30T10:59:00+00:00,2927.4,2928.2,2926.9,2927.1,43
2026-07-30T11:00:00+00:00,2927.0,2928.3,2926.5,2928.2,46
2026-07-30T11:01:00+00:00,2927.9,2928.6,2927.5,2927.6,29
2026-07-30T11:02:00+00:00,2927.3,2928.9,2927.3,2928.1,38
2026-07-30T11:03:00+00:00,2927.8,2928.3,2927.3,2927.3,35
2026-07-30T11:04:00+00:00,2927.1,2927.4,2927.0,2927.2,17
2026-07-30T11:05:00+00:00,2927.3,2927.7,2927.1,2927.1,19
2026-07-30T11:06:00+00:00,2927.4,2927.8,2927.4,2927.6,38
2026-07-30T11:07:00+00:00,2928.0,2928.2,2927.8,2927.9,9
2026-07-30T11:08:00+00:00,2927.9,2928.7,2927.3,2928.7,19
2026-07-30T11:09:00+00:00,2928.5,2928.6,2928.1,2928.1,15
2026-07-30T11:10:00+00:00,2928.1,2928.2,2927.9,2928.2,13
2026-07-30T11:11:00+00:00,2927.9,2928.7,2927.7,2928.7,16
2026-07-30T11:12:00+00:00,2928.9,2928.9,2927.9,2927.9,10
2026-07-30T11:13:00+00:00,2927.4,2927.5,2926.7,2926.9,28
2026-07-30T11:14:00+00:00,2927.0,2927.4,2927.0,2927.4,8
2026-07-30T11:15:00+00:00,2927.3,2927.9,2927.1,2927.9,17
2026-07-30T11:16:00+00:00,2928.0,2928.5,2927.8,2928.1,27
2026-07-30T11:17:00+00:00,2928.1,2929.0,2927.8,2928.8,42
2026-07-30T11:18:00+00:00,2928.6,2928.9,2928.6,2928.8,24
2026-07-30T11:19:00+00:00,2928.8,2928.9,2928.2,2928.2,10
2026-07-30T11:20:00+00:00,2928.7,2929.0,2927.9,2927.9,37
2026-07-30T11:21:00+00:00,2928.0,2928.0,2927.5,2927.9,21
2026-07-30T11:22:00+00:00,2927.7,2927.7,2927.0,2927.5,14
2026-07-30T11:23:00+00:00,2927.7,2927.7,2927.3,2927.5,22
2026-07-30T11:24:00+00:00,2927.7,2929.5,2927.7,2929.5,31
2026-07-30T11:25:00+00:00,2929.5,2930.0,2929.3,2929.6,35
2026-07-30T11:26:00+00:00,2929.5,2929.6,2929.1,2929.5,16
2026-07-30T11:27:00+00:00,2929.5,2929.6,2929.2,2929.2,19
2026-07-30T11:28:00+00:00,2929.0,2929.3,2928.8,2928.9,19
2026-07-30T11:29:00+00:00,2928.8,2929.1,2928.7,2929.1,12
2026-07-30T11:30:00+00:00,2929.4,2929.8,2928.7,2928.7,32
2026-07-30T11:31:00+00:00,2928.7,2929.3,2928.4,2929.3,28
2026-07-30T11:32:00+00:00,2929.2,2929.5,2928.0,2928.0,30
2026-07-30T11:33:00+00:00,2927.6,2927.9,2927.0,2927.1,36
2026-07-30T11:34:00+00:00,2927.3,2927.3,2926.4,2926.5,5
2026-07-30T11:35:00+00:00,2926.9,2926.9,2926.6,2926.9,15
2026-07-30T11:36:00+00:00,2927.4,2928.0,2927.3,2927.9,38
2026-07-30T11:37:00+00:00,2927.4,2928.2,2927.4,2928.2,3
2026-07-30T11:38:00+00:00,2928.5,2929.8,2928.5,2929.8,11
2026-07-30T11:39:00+00:00,2929.9,2930.0,2928.7,2928.7,45
2026-07-30T11:40:00+00:00,2928.7,2928.7,2928.2,2928.2,5
2026-07-30T11:41:00+00:00,2928.9,2929.1,2928.6,2928.6,15
2026-07-30T11:42:00+00:00,2928.0,2928.7,2927.9,2928.7,19
2026-07-30T11:43:00+00:00,2929.5,2929.6,2929.2,2929.2,9
2026-07-30T11:44:00+00:00,2929.0,2929.1,2928.0,2928.4,24
2026-07-30T11:45:00+00:00,2928.2,2930.1,2928.2,2930.1,47
2026-07-30T11:46:00+00:00,2930.1,2930.4,2929.7,2930.1,43
2026-07-30T11:47:00+00:00,2930.0,2930.0,2929.2,2929.2,18
2026-07-30T11:48:00+00:00,2929.0,2929.6,2928.9,2929.6,8
2026-07-30T11:49:00+00:00,2929.8,2929.9,2929.5,2929.5,15
2026-07-30T11:50:00+00:00,2929.9,2930.6,2929.8,2930.3,46
2026-07-30T11:51:00+00:00,2930.2,2930.4,2929.7,2929.8,14
2026-07-30T11:52:00+00:00,2930.0,2930.1,2929.7,2929.8,35
2026-07-30T11:53:00+00:00,2929.8,2931.7,2929.7,2931.5,79
2026-07-30T11:54:00+00:00,2931.7,2933.1,2931.7,2932.5,91
2026-07-30T11:55:00+00:00,2932.4,2933.5,2932.4,2932.8,70
2026-07-30T11:56:00+00:00,2932.8,2932.8,2931.9,2932.3,25
2026-07-30T11:57:00+00:00,2932.3,2932.8,2932.3,2932.5,20
2026-07-30T11:58:00+00:00,2932.6,2933.0,2932.3,2932.9,39
2026-07-30T11:59:00+00:00,2932.6,2933.3,2932.5,2932.8,73
2026-07-30T12:00:00+00:00,2932.7,2934.0,2932.5,2932.5,75
2026-07-30T12:01:00+00:00,2932.5,2932.5,2931.4,2931.9,70
2026-07-30T12:02:00+00:00,2931.8,2933.1,2931.6,2933.0,51
2026-07-30T12:03:00+00:00,2932.9,2934.7,2932.6,2934.7,114
2026-07-30T12:04:00+00:00,2934.7,2934.9,2934.1,2934.2,64
2026-07-30T12:05:00+00:00,2934.5,2934.8,2933.6,2933.9,36
2026-07-30T12:06:00+00:00,2933.6,2933.7,2933.4,2933.7,11
2026-07-30T12:07:00+00:00,2933.9,2933.9,2933.3,2933.7,10
2026-07-30T12:08:00+00:00,2933.8,2933.9,2932.7,2932.7,22
2026-07-30T12:09:00+00:00,2932.7,2933.5,2932.6,2933.4,16
2026-07-30T12:10:00+00:00,2933.6,2934.1,2933.6,2933.8,29
2026-07-30T12:11:00+00:00,2933.9,2933.9,2933.0,2933.3,33
2026-07-30T12:12:00+00:00,2933.3,2933.8,2932.8,2933.1,100
2026-07-30T12:13:00+00:00,2933.0,2934.5,2933.0,2934.2,33
2026-07-30T12:14:00+00:00,2934.2,2935.6,2934.1,2935.1,59
2026-07-30T12:15:00+00:00,2935.0,2935.6,2934.6,2934.6,20
2026-07-30T12:16:00+00:00,2934.5,2935.4,2934.5,2935.0,19
2026-07-30T12:17:00+00:00,2935.0,2935.5,2935.0,2935.4,99
2026-07-30T12:18:00+00:00,2935.3,2936.4,2935.0,2936.4,78
2026-07-30T12:19:00+00:00,2936.4,2936.5,2933.3,2934.0,118
2026-07-30T12:20:00+00:00,2934.1,2934.1,2931.9,2932.0,53
2026-07-30T12:21:00+00:00,2932.1,2932.8,2932.1,2932.4,29
2026-07-30T12:22:00+00:00,2932.0,2932.3,2931.6,2932.0,44
2026-07-30T12:23:00+00:00,2932.1,2933.8,2932.1,2933.4,45
2026-07-30T12:24:00+00:00,2934.1,2934.7,2933.6,2934.0,32
2026-07-30T12:25:00+00:00,2933.9,2934.7,2933.8,2934.1,54
2026-07-30T12:26:00+00:00,2933.9,2934.7,2933.9,2934.2,32
2026-07-30T12:27:00+00:00,2934.0,2934.3,2933.0,2933.3,53
